
> agrinova@0.1.0 dev
> next dev

▲ Next.js 16.2.3 (Turbopack)
- Local:         http://localhost:3000
- Network:       http://192.168.0.2:3000
- Environments: .env.local
✓ Ready in 553ms

prisma:query SELECT COUNT(*) AS "_count$_all" FROM (SELECT "public"."PRODUCT"."product_id" FROM "public"."PRODUCT" WHERE 1=1 OFFSET $1) AS "sub"
prisma:query SELECT "public"."PRODUCT"."product_id", "public"."PRODUCT"."category_id", "public"."PRODUCT"."product_code", "public"."PRODUCT"."product_name", "public"."PRODUCT"."pack_size", "public"."PRODUCT"."selling_price" FROM "public"."PRODUCT" WHERE 1=1 ORDER BY "public"."PRODUCT"."product_name" ASC LIMIT $1 OFFSET $2
prisma:query SELECT "public"."CATEGORY"."category_id", "public"."CATEGORY"."name", "public"."CATEGORY"."tag" FROM "public"."CATEGORY" WHERE "public"."CATEGORY"."category_id" IN ($1,$2,$3,$4,$5,$6,$7,$8,$9,$10,$11,$12,$13,$14,$15,$16,$17,$18,$19,$20) OFFSET $21
prisma:query COMMIT
 GET /inventory/products 200 in 3.8s (next.js: 326ms, application-code: 3.5s)
prisma:query SELECT "public"."CATEGORY"."category_id", "public"."CATEGORY"."name", "public"."CATEGORY"."tag" FROM "public"."CATEGORY" WHERE 1=1 ORDER BY "public"."CATEGORY"."name" ASC OFFSET $1
 GET /api/categories 200 in 653ms (next.js: 252ms, application-code: 401ms)
prisma:query SELECT COUNT(*) AS "_count$_all" FROM (SELECT "public"."PRODUCT"."product_id" FROM "public"."PRODUCT" WHERE 1=1 OFFSET $1) AS "sub"
prisma:query SELECT "public"."PRODUCT"."product_id", "public"."PRODUCT"."category_id", "public"."PRODUCT"."product_code", "public"."PRODUCT"."product_name", "public"."PRODUCT"."pack_size", "public"."PRODUCT"."selling_price" FROM "public"."PRODUCT" WHERE 1=1 ORDER BY "public"."PRODUCT"."product_name" ASC LIMIT $1 OFFSET $2
prisma:query SELECT "public"."CATEGORY"."category_id", "public"."CATEGORY"."name", "public"."CATEGORY"."tag" FROM "public"."CATEGORY" WHERE "public"."CATEGORY"."category_id" IN ($1,$2,$3,$4,$5,$6,$7,$8,$9,$10,$11,$12,$13,$14,$15,$16,$17,$18,$19,$20) OFFSET $21
prisma:query COMMIT
 GET /api/products?page=1&pageSize=20 200 in 2.3s (next.js: 294ms, application-code: 1990ms)
prisma:query SELECT "public"."STOCK"."stock_id", "public"."STOCK"."product_id", "public"."STOCK"."location_id", "public"."STOCK"."quantity_on_hand" FROM "public"."STOCK" LEFT JOIN "public"."INVENTORY_LOCATION" AS "orderby_1" ON ("orderby_1"."location_id") = ("public"."STOCK"."location_id") LEFT JOIN "public"."PRODUCT" AS "orderby_2" ON ("orderby_2"."product_id") = ("public"."STOCK"."product_id") WHERE 1=1 ORDER BY "orderby_1"."location_id" ASC, "orderby_2"."product_name" ASC OFFSET $1
prisma:query SELECT "public"."INVENTORY_LOCATION"."location_id", "public"."INVENTORY_LOCATION"."code", "public"."INVENTORY_LOCATION"."name" FROM "public"."INVENTORY_LOCATION" WHERE "public"."INVENTORY_LOCATION"."location_id" IN ($1,$2,$3,$4,$5,$6,$7,$8,$9,$10,$11,$12,$13,$14,$15,$16,$17) OFFSET $18
prisma:query SELECT "public"."PRODUCT"."product_id", "public"."PRODUCT"."category_id", "public"."PRODUCT"."product_code", "public"."PRODUCT"."product_name", "public"."PRODUCT"."pack_size", "public"."PRODUCT"."selling_price" FROM "public"."PRODUCT" WHERE "public"."PRODUCT"."product_id" IN ($1,$2,$3,$4,$5,$6,$7,$8,$9,$10,$11,$12,$13,$14,$15,$16,$17) OFFSET $18
prisma:query SELECT "public"."CATEGORY"."category_id", "public"."CATEGORY"."name", "public"."CATEGORY"."tag" FROM "public"."CATEGORY" WHERE "public"."CATEGORY"."category_id" IN ($1,$2,$3,$4,$5,$6,$7,$8,$9,$10,$11,$12,$13) OFFSET $14
prisma:query 
      SELECT
        l.location_id,
        l.code,
        l.name,
        COUNT(s.stock_id)                                                     AS total_products,
        COALESCE(SUM(s.quantity_on_hand), 0)                                  AS total_units,
        COUNT(CASE WHEN s.quantity_on_hand > 0
                    AND s.quantity_on_hand < $1 THEN 1 END)     AS low_count,
        COUNT(CASE WHEN s.quantity_on_hand <= 0              THEN 1 END)      AS out_count
      FROM "INVENTORY_LOCATION" l
      LEFT JOIN "STOCK" s ON s.location_id = l.location_id
      GROUP BY l.location_id, l.code, l.name
      ORDER BY l.location_id
    
prisma:query SELECT COUNT(*) AS "_count$_all" FROM (SELECT "public"."STOCK_MOVEMENT"."movement_id" FROM "public"."STOCK_MOVEMENT" WHERE 1=1 OFFSET $1) AS "sub"
prisma:query SELECT "public"."STOCK_MOVEMENT"."movement_id", "public"."STOCK_MOVEMENT"."stock_id", "public"."STOCK_MOVEMENT"."created_by", "public"."STOCK_MOVEMENT"."movement_type"::text, "public"."STOCK_MOVEMENT"."quantity", "public"."STOCK_MOVEMENT"."movement_date", "public"."STOCK_MOVEMENT"."notes", "public"."STOCK_MOVEMENT"."product_id" FROM "public"."STOCK_MOVEMENT" WHERE 1=1 ORDER BY "public"."STOCK_MOVEMENT"."movement_date" DESC LIMIT $1 OFFSET $2
(node:1280257) DeprecationWarning: Calling client.query() when the client is already executing a query is deprecated and will be removed in pg@9.0. Use async/await or an external async flow control mechanism instead.
(Use `node --trace-deprecation ...` to show where the warning was created)
prisma:query SELECT "public"."STOCK"."stock_id", "public"."STOCK"."product_id", "public"."STOCK"."location_id", "public"."STOCK"."quantity_on_hand" FROM "public"."STOCK" WHERE "public"."STOCK"."stock_id" IN ($1,$2,$3,$4,$5,$6,$7,$8,$9,$10,$11,$12,$13,$14,$15,$16,$17,$18,$19,$20) OFFSET $21
prisma:query SELECT "public"."PRODUCT"."product_id", "public"."PRODUCT"."category_id", "public"."PRODUCT"."product_code", "public"."PRODUCT"."product_name", "public"."PRODUCT"."pack_size", "public"."PRODUCT"."selling_price" FROM "public"."PRODUCT" WHERE "public"."PRODUCT"."product_id" IN ($1,$2,$3,$4,$5,$6,$7,$8,$9,$10,$11,$12,$13,$14,$15,$16,$17,$18,$19,$20) OFFSET $21
prisma:query SELECT "public"."USER"."user_id", "public"."USER"."role_id", "public"."USER"."full_name", "public"."USER"."username", "public"."USER"."password_hash" FROM "public"."USER" WHERE "public"."USER"."user_id" IN ($1,$2,$3,$4,$5,$6,$7,$8,$9,$10,$11,$12,$13,$14,$15,$16,$17,$18,$19,$20) OFFSET $21
prisma:query SELECT "public"."INVENTORY_LOCATION"."location_id", "public"."INVENTORY_LOCATION"."code", "public"."INVENTORY_LOCATION"."name" FROM "public"."INVENTORY_LOCATION" WHERE "public"."INVENTORY_LOCATION"."location_id" IN ($1) OFFSET $2
prisma:query COMMIT
 GET /inventory 200 in 2.6s (next.js: 45ms, application-code: 2.6s)
prisma:query SELECT "public"."INVENTORY_LOCATION"."location_id", "public"."INVENTORY_LOCATION"."code", "public"."INVENTORY_LOCATION"."name" FROM "public"."INVENTORY_LOCATION" WHERE 1=1 ORDER BY "public"."INVENTORY_LOCATION"."location_id" ASC OFFSET $1
 GET /api/locations 200 in 246ms (next.js: 42ms, application-code: 203ms)
 GET /inventory/movements 200 in 701ms (next.js: 48ms, application-code: 652ms)
prisma:query SELECT COUNT(*) AS "_count$_all" FROM (SELECT "public"."STOCK_MOVEMENT"."movement_id" FROM "public"."STOCK_MOVEMENT" WHERE 1=1 OFFSET $1) AS "sub"
prisma:query SELECT "public"."STOCK_MOVEMENT"."movement_id", "public"."STOCK_MOVEMENT"."stock_id", "public"."STOCK_MOVEMENT"."created_by", "public"."STOCK_MOVEMENT"."movement_type"::text, "public"."STOCK_MOVEMENT"."quantity", "public"."STOCK_MOVEMENT"."movement_date", "public"."STOCK_MOVEMENT"."notes", "public"."STOCK_MOVEMENT"."product_id" FROM "public"."STOCK_MOVEMENT" WHERE 1=1 ORDER BY "public"."STOCK_MOVEMENT"."movement_date" DESC LIMIT $1 OFFSET $2
prisma:query SELECT "public"."STOCK"."stock_id", "public"."STOCK"."product_id", "public"."STOCK"."location_id", "public"."STOCK"."quantity_on_hand" FROM "public"."STOCK" WHERE "public"."STOCK"."stock_id" IN ($1,$2,$3,$4,$5,$6,$7,$8,$9,$10,$11,$12,$13,$14,$15,$16,$17,$18,$19,$20) OFFSET $21
prisma:query SELECT "public"."PRODUCT"."product_id", "public"."PRODUCT"."category_id", "public"."PRODUCT"."product_code", "public"."PRODUCT"."product_name", "public"."PRODUCT"."pack_size", "public"."PRODUCT"."selling_price" FROM "public"."PRODUCT" WHERE "public"."PRODUCT"."product_id" IN ($1,$2,$3,$4,$5,$6,$7,$8,$9,$10,$11,$12,$13,$14,$15,$16,$17,$18,$19,$20) OFFSET $21
prisma:query SELECT "public"."USER"."user_id", "public"."USER"."role_id", "public"."USER"."full_name", "public"."USER"."username", "public"."USER"."password_hash" FROM "public"."USER" WHERE "public"."USER"."user_id" IN ($1,$2,$3,$4,$5,$6,$7,$8,$9,$10,$11,$12,$13,$14,$15,$16,$17,$18,$19,$20) OFFSET $21
prisma:query SELECT "public"."INVENTORY_LOCATION"."location_id", "public"."INVENTORY_LOCATION"."code", "public"."INVENTORY_LOCATION"."name" FROM "public"."INVENTORY_LOCATION" WHERE "public"."INVENTORY_LOCATION"."location_id" IN ($1) OFFSET $2
prisma:query COMMIT
 GET /api/stock-movements?page=1&pageSize=20 200 in 1617ms (next.js: 60ms, application-code: 1557ms)
✓ Compiled in 471ms
✓ Compiled in 71ms
 GET / 200 in 453ms (next.js: 214ms, application-code: 239ms)
 GET / 200 in 149ms (next.js: 7ms, application-code: 142ms)
prisma:query SELECT "public"."CATEGORY"."category_id", "public"."CATEGORY"."name", "public"."CATEGORY"."tag" FROM "public"."CATEGORY" WHERE 1=1 ORDER BY "public"."CATEGORY"."name" ASC OFFSET $1
 GET /api/categories 200 in 1265ms (next.js: 20ms, application-code: 1246ms)
prisma:query SELECT "public"."INVENTORY_LOCATION"."location_id", "public"."INVENTORY_LOCATION"."code", "public"."INVENTORY_LOCATION"."name" FROM "public"."INVENTORY_LOCATION" WHERE 1=1 ORDER BY "public"."INVENTORY_LOCATION"."location_id" ASC OFFSET $1
 GET /api/locations 200 in 226ms (next.js: 4ms, application-code: 222ms)
prisma:query SELECT COUNT(*) AS "_count$_all" FROM (SELECT "public"."STOCK"."stock_id" FROM "public"."STOCK" WHERE 1=1 OFFSET $1) AS "sub"
prisma:query SELECT "public"."STOCK"."stock_id", "public"."STOCK"."product_id", "public"."STOCK"."location_id", "public"."STOCK"."quantity_on_hand" FROM "public"."STOCK" WHERE ("public"."STOCK"."product_id" = $1 AND "public"."STOCK"."location_id" = $2) LIMIT $3 OFFSET $4
prisma:query SELECT "public"."STOCK"."stock_id", "public"."STOCK"."product_id", "public"."STOCK"."location_id", "public"."STOCK"."quantity_on_hand" FROM "public"."STOCK" LEFT JOIN "public"."INVENTORY_LOCATION" AS "orderby_1" ON ("orderby_1"."location_id") = ("public"."STOCK"."location_id") LEFT JOIN "public"."PRODUCT" AS "orderby_2" ON ("orderby_2"."product_id") = ("public"."STOCK"."product_id") WHERE 1=1 ORDER BY "orderby_1"."location_id" ASC, "orderby_2"."product_name" ASC LIMIT $1 OFFSET $2
prisma:query UPDATE "public"."STOCK" SET "quantity_on_hand" = ("public"."STOCK"."quantity_on_hand" + $1) WHERE ("public"."STOCK"."stock_id" = $2 AND 1=1) RETURNING "public"."STOCK"."stock_id", "public"."STOCK"."product_id", "public"."STOCK"."location_id", "public"."STOCK"."quantity_on_hand"
prisma:query SELECT "public"."PRODUCT"."product_id", "public"."PRODUCT"."category_id", "public"."PRODUCT"."product_code", "public"."PRODUCT"."product_name", "public"."PRODUCT"."pack_size", "public"."PRODUCT"."selling_price" FROM "public"."PRODUCT" WHERE "public"."PRODUCT"."product_id" IN ($1,$2,$3,$4,$5,$6,$7,$8,$9,$10,$11,$12,$13,$14,$15,$16,$17) OFFSET $18
prisma:query INSERT INTO "public"."STOCK_MOVEMENT" ("stock_id","created_by","movement_type","quantity","movement_date","notes","product_id") VALUES ($1,$2,CAST($3::text AS "public"."MovementType"),$4,$5,$6,$7) RETURNING "public"."STOCK_MOVEMENT"."movement_id", "public"."STOCK_MOVEMENT"."stock_id", "public"."STOCK_MOVEMENT"."created_by", "public"."STOCK_MOVEMENT"."movement_type"::text, "public"."STOCK_MOVEMENT"."quantity", "public"."STOCK_MOVEMENT"."movement_date", "public"."STOCK_MOVEMENT"."notes", "public"."STOCK_MOVEMENT"."product_id"
"revalidateTag" without the second argument is now deprecated, add second argument of "max" or use "updateTag". See more info here: https://nextjs.org/docs/messages/revalidate-tag-single-arg
 POST /api/inventory/stock 201 in 853ms (next.js: 211ms, application-code: 642ms)
prisma:query SELECT "public"."INVENTORY_LOCATION"."location_id", "public"."INVENTORY_LOCATION"."code", "public"."INVENTORY_LOCATION"."name" FROM "public"."INVENTORY_LOCATION" WHERE "public"."INVENTORY_LOCATION"."location_id" IN ($1,$2,$3,$4,$5,$6,$7,$8,$9,$10,$11,$12,$13,$14,$15,$16,$17) OFFSET $18
prisma:query SELECT "public"."PRODUCT"."product_id", "public"."PRODUCT"."category_id", "public"."PRODUCT"."product_code", "public"."PRODUCT"."product_name", "public"."PRODUCT"."pack_size", "public"."PRODUCT"."selling_price" FROM "public"."PRODUCT" WHERE "public"."PRODUCT"."product_code" = $1 LIMIT $2 OFFSET $3
prisma:query SELECT "public"."CATEGORY"."category_id", "public"."CATEGORY"."name", "public"."CATEGORY"."tag" FROM "public"."CATEGORY" WHERE "public"."CATEGORY"."category_id" IN ($1,$2,$3,$4,$5,$6,$7,$8,$9,$10,$11,$12,$13) OFFSET $14
prisma:query SELECT "public"."INVENTORY_LOCATION"."location_id", "public"."INVENTORY_LOCATION"."code", "public"."INVENTORY_LOCATION"."name" FROM "public"."INVENTORY_LOCATION" WHERE "public"."INVENTORY_LOCATION"."code" = $1 LIMIT $2 OFFSET $3
 POST /api/inventory/import 400 in 490ms (next.js: 83ms, application-code: 407ms)
prisma:query COMMIT
prisma:query 
      SELECT
        l.location_id,
        l.code,
        l.name,
        COUNT(s.stock_id)                                                     AS total_products,
        COALESCE(SUM(s.quantity_on_hand), 0)                                  AS total_units,
        COUNT(CASE WHEN s.quantity_on_hand > 0
                    AND s.quantity_on_hand < $1 THEN 1 END)     AS low_count,
        COUNT(CASE WHEN s.quantity_on_hand <= 0              THEN 1 END)      AS out_count
      FROM "INVENTORY_LOCATION" l
      LEFT JOIN "STOCK" s ON s.location_id = l.location_id
      GROUP BY l.location_id, l.code, l.name
      ORDER BY l.location_id
    
prisma:query SELECT COUNT(*) AS "_count$_all" FROM (SELECT "public"."STOCK_MOVEMENT"."movement_id" FROM "public"."STOCK_MOVEMENT" WHERE 1=1 OFFSET $1) AS "sub"
prisma:query SELECT "public"."STOCK_MOVEMENT"."movement_id", "public"."STOCK_MOVEMENT"."stock_id", "public"."STOCK_MOVEMENT"."created_by", "public"."STOCK_MOVEMENT"."movement_type"::text, "public"."STOCK_MOVEMENT"."quantity", "public"."STOCK_MOVEMENT"."movement_date", "public"."STOCK_MOVEMENT"."notes", "public"."STOCK_MOVEMENT"."product_id" FROM "public"."STOCK_MOVEMENT" WHERE 1=1 ORDER BY "public"."STOCK_MOVEMENT"."movement_date" DESC LIMIT $1 OFFSET $2
prisma:query SELECT "public"."STOCK"."stock_id", "public"."STOCK"."product_id", "public"."STOCK"."location_id", "public"."STOCK"."quantity_on_hand" FROM "public"."STOCK" WHERE "public"."STOCK"."stock_id" IN ($1,$2,$3,$4,$5,$6,$7,$8,$9,$10,$11,$12,$13,$14,$15,$16,$17,$18,$19,$20) OFFSET $21
prisma:query SELECT "public"."PRODUCT"."product_id", "public"."PRODUCT"."category_id", "public"."PRODUCT"."product_code", "public"."PRODUCT"."product_name", "public"."PRODUCT"."pack_size", "public"."PRODUCT"."selling_price" FROM "public"."PRODUCT" WHERE "public"."PRODUCT"."product_id" IN ($1,$2,$3,$4,$5,$6,$7,$8,$9,$10,$11,$12,$13,$14,$15,$16,$17,$18,$19,$20) OFFSET $21
prisma:query SELECT "public"."USER"."user_id", "public"."USER"."role_id", "public"."USER"."full_name", "public"."USER"."username", "public"."USER"."password_hash" FROM "public"."USER" WHERE "public"."USER"."user_id" IN ($1,$2,$3,$4,$5,$6,$7,$8,$9,$10,$11,$12,$13,$14,$15,$16,$17,$18,$19,$20) OFFSET $21
prisma:query SELECT "public"."INVENTORY_LOCATION"."location_id", "public"."INVENTORY_LOCATION"."code", "public"."INVENTORY_LOCATION"."name" FROM "public"."INVENTORY_LOCATION" WHERE "public"."INVENTORY_LOCATION"."location_id" IN ($1) OFFSET $2
prisma:query COMMIT
 GET /inventory 200 in 5.3s (next.js: 22ms, application-code: 5.3s)
prisma:query UPDATE "public"."PRODUCT" SET "product_name" = $1, "selling_price" = $2 WHERE ("public"."PRODUCT"."product_id" = $3 AND 1=1) RETURNING "public"."PRODUCT"."product_id", "public"."PRODUCT"."category_id", "public"."PRODUCT"."product_code", "public"."PRODUCT"."product_name", "public"."PRODUCT"."pack_size", "public"."PRODUCT"."selling_price"
prisma:query SELECT "public"."INVENTORY_LOCATION"."location_id", "public"."INVENTORY_LOCATION"."code", "public"."INVENTORY_LOCATION"."name" FROM "public"."INVENTORY_LOCATION" WHERE 1=1 ORDER BY "public"."INVENTORY_LOCATION"."location_id" ASC OFFSET $1
 GET /api/locations 200 in 209ms (next.js: 3ms, application-code: 205ms)
prisma:query SELECT "public"."PRODUCT"."product_id", "public"."PRODUCT"."category_id", "public"."PRODUCT"."product_code", "public"."PRODUCT"."product_name", "public"."PRODUCT"."pack_size", "public"."PRODUCT"."selling_price" FROM "public"."PRODUCT" WHERE "public"."PRODUCT"."product_id" = $1 LIMIT $2 OFFSET $3
prisma:query SELECT "public"."CATEGORY"."category_id", "public"."CATEGORY"."name", "public"."CATEGORY"."tag" FROM "public"."CATEGORY" WHERE "public"."CATEGORY"."category_id" = $1 OFFSET $2
prisma:query COMMIT
"revalidateTag" without the second argument is now deprecated, add second argument of "max" or use "updateTag". See more info here: https://nextjs.org/docs/messages/revalidate-tag-single-arg
 PATCH /api/products/1 200 in 3.7s (next.js: 2.7s, application-code: 1017ms)
prisma:query SELECT COUNT(*) AS "_count$_all" FROM (SELECT "public"."STOCK"."stock_id" FROM "public"."STOCK" WHERE 1=1 OFFSET $1) AS "sub"
prisma:query SELECT "public"."STOCK"."stock_id", "public"."STOCK"."product_id", "public"."STOCK"."location_id", "public"."STOCK"."quantity_on_hand" FROM "public"."STOCK" LEFT JOIN "public"."INVENTORY_LOCATION" AS "orderby_1" ON ("orderby_1"."location_id") = ("public"."STOCK"."location_id") LEFT JOIN "public"."PRODUCT" AS "orderby_2" ON ("orderby_2"."product_id") = ("public"."STOCK"."product_id") WHERE 1=1 ORDER BY "orderby_1"."location_id" ASC, "orderby_2"."product_name" ASC LIMIT $1 OFFSET $2
prisma:query SELECT "public"."STOCK"."stock_id", "public"."STOCK"."product_id", "public"."STOCK"."location_id", "public"."STOCK"."quantity_on_hand" FROM "public"."STOCK" WHERE "public"."STOCK"."product_id" = $1 LIMIT $2 OFFSET $3
prisma:query SELECT "public"."PRODUCT"."product_id", "public"."PRODUCT"."category_id", "public"."PRODUCT"."product_code", "public"."PRODUCT"."product_name", "public"."PRODUCT"."pack_size", "public"."PRODUCT"."selling_price" FROM "public"."PRODUCT" WHERE "public"."PRODUCT"."product_id" IN ($1,$2,$3,$4,$5,$6,$7,$8,$9,$10,$11,$12,$13,$14,$15,$16,$17) OFFSET $18
prisma:query DELETE FROM "public"."PRODUCT" WHERE ("public"."PRODUCT"."product_id" = $1 AND 1=1) RETURNING "public"."PRODUCT"."product_id", "public"."PRODUCT"."category_id", "public"."PRODUCT"."product_code", "public"."PRODUCT"."product_name", "public"."PRODUCT"."pack_size", "public"."PRODUCT"."selling_price"
prisma:error 
Invalid `prisma.product.delete()` invocation:


An operation failed because it depends on one or more records that were required but not found. No record was found for a delete.
 DELETE /api/products/9999 400 in 483ms (next.js: 67ms, application-code: 416ms)
prisma:query SELECT "public"."INVENTORY_LOCATION"."location_id", "public"."INVENTORY_LOCATION"."code", "public"."INVENTORY_LOCATION"."name" FROM "public"."INVENTORY_LOCATION" WHERE "public"."INVENTORY_LOCATION"."location_id" IN ($1,$2,$3,$4,$5,$6,$7,$8,$9,$10,$11,$12,$13,$14,$15,$16,$17) OFFSET $18
prisma:query SELECT "public"."CATEGORY"."category_id", "public"."CATEGORY"."name", "public"."CATEGORY"."tag" FROM "public"."CATEGORY" WHERE "public"."CATEGORY"."category_id" IN ($1,$2,$3,$4,$5,$6,$7,$8,$9,$10,$11,$12,$13) OFFSET $14
prisma:query COMMIT
prisma:query 
      SELECT
        l.location_id,
        l.code,
        l.name,
        COUNT(s.stock_id)                                                     AS total_products,
        COALESCE(SUM(s.quantity_on_hand), 0)                                  AS total_units,
        COUNT(CASE WHEN s.quantity_on_hand > 0
                    AND s.quantity_on_hand < $1 THEN 1 END)     AS low_count,
        COUNT(CASE WHEN s.quantity_on_hand <= 0              THEN 1 END)      AS out_count
      FROM "INVENTORY_LOCATION" l
      LEFT JOIN "STOCK" s ON s.location_id = l.location_id
      GROUP BY l.location_id, l.code, l.name
      ORDER BY l.location_id
    
prisma:query SELECT COUNT(*) AS "_count$_all" FROM (SELECT "public"."STOCK_MOVEMENT"."movement_id" FROM "public"."STOCK_MOVEMENT" WHERE 1=1 OFFSET $1) AS "sub"
prisma:query SELECT "public"."STOCK_MOVEMENT"."movement_id", "public"."STOCK_MOVEMENT"."stock_id", "public"."STOCK_MOVEMENT"."created_by", "public"."STOCK_MOVEMENT"."movement_type"::text, "public"."STOCK_MOVEMENT"."quantity", "public"."STOCK_MOVEMENT"."movement_date", "public"."STOCK_MOVEMENT"."notes", "public"."STOCK_MOVEMENT"."product_id" FROM "public"."STOCK_MOVEMENT" WHERE 1=1 ORDER BY "public"."STOCK_MOVEMENT"."movement_date" DESC LIMIT $1 OFFSET $2
prisma:query SELECT "public"."STOCK"."stock_id", "public"."STOCK"."product_id", "public"."STOCK"."location_id", "public"."STOCK"."quantity_on_hand" FROM "public"."STOCK" WHERE "public"."STOCK"."stock_id" IN ($1,$2,$3,$4,$5,$6,$7,$8,$9,$10,$11,$12,$13,$14,$15,$16,$17,$18,$19,$20) OFFSET $21
prisma:query SELECT "public"."PRODUCT"."product_id", "public"."PRODUCT"."category_id", "public"."PRODUCT"."product_code", "public"."PRODUCT"."product_name", "public"."PRODUCT"."pack_size", "public"."PRODUCT"."selling_price" FROM "public"."PRODUCT" WHERE "public"."PRODUCT"."product_id" IN ($1,$2,$3,$4,$5,$6,$7,$8,$9,$10,$11,$12,$13,$14,$15,$16,$17,$18,$19,$20) OFFSET $21
prisma:query SELECT "public"."USER"."user_id", "public"."USER"."role_id", "public"."USER"."full_name", "public"."USER"."username", "public"."USER"."password_hash" FROM "public"."USER" WHERE "public"."USER"."user_id" IN ($1,$2,$3,$4,$5,$6,$7,$8,$9,$10,$11,$12,$13,$14,$15,$16,$17,$18,$19,$20) OFFSET $21
prisma:query SELECT "public"."INVENTORY_LOCATION"."location_id", "public"."INVENTORY_LOCATION"."code", "public"."INVENTORY_LOCATION"."name" FROM "public"."INVENTORY_LOCATION" WHERE "public"."INVENTORY_LOCATION"."location_id" IN ($1) OFFSET $2
prisma:query SELECT "public"."STOCK_MOVEMENT"."movement_id", "public"."STOCK_MOVEMENT"."stock_id", "public"."STOCK_MOVEMENT"."created_by", "public"."STOCK_MOVEMENT"."movement_type"::text, "public"."STOCK_MOVEMENT"."quantity", "public"."STOCK_MOVEMENT"."movement_date", "public"."STOCK_MOVEMENT"."notes", "public"."STOCK_MOVEMENT"."product_id" FROM "public"."STOCK_MOVEMENT" WHERE ("public"."STOCK_MOVEMENT"."movement_id" = $1 AND 1=1) LIMIT $2 OFFSET $3
[DELETE /api/stock-movements/9999] Error: Movement not found
    at deleteMovement (lib/inventoryService.ts:457:24)
    at async DELETE (app/api/stock-movements/[movementId]/route.ts:7:5)
  455 | export async function deleteMovement(movementId: number) {
  456 |   const movement = await prisma.stockMovement.findUnique({ where: { movement_id: movement...
> 457 |   if (!movement) throw new Error("Movement not found");
      |                        ^
  458 |
  459 |   const stock = await prisma.stock.findUnique({ where: { stock_id: movement.stock_id } });
  460 |   if (!stock) throw new Error("Stock not found");
 DELETE /api/stock-movements/9999 400 in 2.2s (next.js: 1631ms, application-code: 524ms)
prisma:query COMMIT
 GET /inventory 200 in 3.4s (next.js: 3ms, application-code: 3.4s)
prisma:query SELECT "public"."INVENTORY_LOCATION"."location_id", "public"."INVENTORY_LOCATION"."code", "public"."INVENTORY_LOCATION"."name" FROM "public"."INVENTORY_LOCATION" WHERE 1=1 ORDER BY "public"."INVENTORY_LOCATION"."location_id" ASC OFFSET $1
 GET /api/locations 200 in 209ms (next.js: 5ms, application-code: 204ms)
prisma:query SELECT COUNT(*) AS "_count$_all" FROM (SELECT "public"."STOCK"."stock_id" FROM "public"."STOCK" WHERE 1=1 OFFSET $1) AS "sub"
prisma:query SELECT "public"."STOCK"."stock_id", "public"."STOCK"."product_id", "public"."STOCK"."location_id", "public"."STOCK"."quantity_on_hand" FROM "public"."STOCK" LEFT JOIN "public"."INVENTORY_LOCATION" AS "orderby_1" ON ("orderby_1"."location_id") = ("public"."STOCK"."location_id") LEFT JOIN "public"."PRODUCT" AS "orderby_2" ON ("orderby_2"."product_id") = ("public"."STOCK"."product_id") WHERE 1=1 ORDER BY "orderby_1"."location_id" ASC, "orderby_2"."product_name" ASC LIMIT $1 OFFSET $2
prisma:query SELECT "public"."PRODUCT"."product_id", "public"."PRODUCT"."category_id", "public"."PRODUCT"."product_code", "public"."PRODUCT"."product_name", "public"."PRODUCT"."pack_size", "public"."PRODUCT"."selling_price" FROM "public"."PRODUCT" WHERE "public"."PRODUCT"."product_id" IN ($1,$2,$3,$4,$5,$6,$7,$8,$9,$10,$11,$12,$13,$14,$15,$16,$17) OFFSET $18
prisma:query SELECT "public"."INVENTORY_LOCATION"."location_id", "public"."INVENTORY_LOCATION"."code", "public"."INVENTORY_LOCATION"."name" FROM "public"."INVENTORY_LOCATION" WHERE "public"."INVENTORY_LOCATION"."location_id" IN ($1,$2,$3,$4,$5,$6,$7,$8,$9,$10,$11,$12,$13,$14,$15,$16,$17) OFFSET $18
prisma:query SELECT "public"."CATEGORY"."category_id", "public"."CATEGORY"."name", "public"."CATEGORY"."tag" FROM "public"."CATEGORY" WHERE "public"."CATEGORY"."category_id" IN ($1,$2,$3,$4,$5,$6,$7,$8,$9,$10,$11,$12,$13) OFFSET $14
prisma:query COMMIT
prisma:query SELECT COUNT(*) AS "_count$_all" FROM (SELECT "public"."STOCK_MOVEMENT"."movement_id" FROM "public"."STOCK_MOVEMENT" WHERE 1=1 OFFSET $1) AS "sub"
prisma:query SELECT "public"."STOCK_MOVEMENT"."movement_id", "public"."STOCK_MOVEMENT"."stock_id", "public"."STOCK_MOVEMENT"."created_by", "public"."STOCK_MOVEMENT"."movement_type"::text, "public"."STOCK_MOVEMENT"."quantity", "public"."STOCK_MOVEMENT"."movement_date", "public"."STOCK_MOVEMENT"."notes", "public"."STOCK_MOVEMENT"."product_id" FROM "public"."STOCK_MOVEMENT" WHERE 1=1 ORDER BY "public"."STOCK_MOVEMENT"."movement_date" DESC LIMIT $1 OFFSET $2
prisma:query SELECT "public"."STOCK"."stock_id", "public"."STOCK"."product_id", "public"."STOCK"."location_id", "public"."STOCK"."quantity_on_hand" FROM "public"."STOCK" WHERE "public"."STOCK"."stock_id" IN ($1,$2,$3,$4,$5,$6,$7,$8,$9,$10,$11,$12,$13,$14,$15,$16,$17,$18,$19,$20) OFFSET $21
prisma:query SELECT "public"."PRODUCT"."product_id", "public"."PRODUCT"."category_id", "public"."PRODUCT"."product_code", "public"."PRODUCT"."product_name", "public"."PRODUCT"."pack_size", "public"."PRODUCT"."selling_price" FROM "public"."PRODUCT" WHERE "public"."PRODUCT"."product_id" IN ($1,$2,$3,$4,$5,$6,$7,$8,$9,$10,$11,$12,$13,$14,$15,$16,$17,$18,$19,$20) OFFSET $21
prisma:query SELECT "public"."USER"."user_id", "public"."USER"."role_id", "public"."USER"."full_name", "public"."USER"."username", "public"."USER"."password_hash" FROM "public"."USER" WHERE "public"."USER"."user_id" IN ($1,$2,$3,$4,$5,$6,$7,$8,$9,$10,$11,$12,$13,$14,$15,$16,$17,$18,$19,$20) OFFSET $21
prisma:query SELECT "public"."INVENTORY_LOCATION"."location_id", "public"."INVENTORY_LOCATION"."code", "public"."INVENTORY_LOCATION"."name" FROM "public"."INVENTORY_LOCATION" WHERE "public"."INVENTORY_LOCATION"."location_id" IN ($1) OFFSET $2
prisma:query COMMIT
 GET /inventory 200 in 3.1s (next.js: 3ms, application-code: 3.1s)
 GET /api/locations 200 in 162ms (next.js: 4ms, application-code: 158ms)
prisma:query SELECT "public"."INVENTORY_LOCATION"."location_id", "public"."INVENTORY_LOCATION"."code", "public"."INVENTORY_LOCATION"."name" FROM "public"."INVENTORY_LOCATION" WHERE 1=1 ORDER BY "public"."INVENTORY_LOCATION"."location_id" ASC OFFSET $1
prisma:query SELECT COUNT(*) AS "_count$_all" FROM (SELECT "public"."STOCK"."stock_id" FROM "public"."STOCK" WHERE 1=1 OFFSET $1) AS "sub"
prisma:query SELECT "public"."STOCK"."stock_id", "public"."STOCK"."product_id", "public"."STOCK"."location_id", "public"."STOCK"."quantity_on_hand" FROM "public"."STOCK" LEFT JOIN "public"."INVENTORY_LOCATION" AS "orderby_1" ON ("orderby_1"."location_id") = ("public"."STOCK"."location_id") LEFT JOIN "public"."PRODUCT" AS "orderby_2" ON ("orderby_2"."product_id") = ("public"."STOCK"."product_id") WHERE 1=1 ORDER BY "orderby_1"."location_id" ASC, "orderby_2"."product_name" ASC LIMIT $1 OFFSET $2
prisma:query SELECT "public"."PRODUCT"."product_id", "public"."PRODUCT"."category_id", "public"."PRODUCT"."product_code", "public"."PRODUCT"."product_name", "public"."PRODUCT"."pack_size", "public"."PRODUCT"."selling_price" FROM "public"."PRODUCT" WHERE "public"."PRODUCT"."product_id" IN ($1,$2,$3,$4,$5,$6,$7,$8,$9,$10,$11,$12,$13,$14,$15,$16,$17) OFFSET $18
prisma:query SELECT "public"."INVENTORY_LOCATION"."location_id", "public"."INVENTORY_LOCATION"."code", "public"."INVENTORY_LOCATION"."name" FROM "public"."INVENTORY_LOCATION" WHERE "public"."INVENTORY_LOCATION"."location_id" IN ($1,$2,$3,$4,$5,$6,$7,$8,$9,$10,$11,$12,$13,$14,$15,$16,$17) OFFSET $18
prisma:query SELECT "public"."CATEGORY"."category_id", "public"."CATEGORY"."name", "public"."CATEGORY"."tag" FROM "public"."CATEGORY" WHERE "public"."CATEGORY"."category_id" IN ($1,$2,$3,$4,$5,$6,$7,$8,$9,$10,$11,$12,$13) OFFSET $14
prisma:query COMMIT
prisma:query SELECT COUNT(*) AS "_count$_all" FROM (SELECT "public"."STOCK_MOVEMENT"."movement_id" FROM "public"."STOCK_MOVEMENT" WHERE 1=1 OFFSET $1) AS "sub"
prisma:query SELECT "public"."STOCK_MOVEMENT"."movement_id", "public"."STOCK_MOVEMENT"."stock_id", "public"."STOCK_MOVEMENT"."created_by", "public"."STOCK_MOVEMENT"."movement_type"::text, "public"."STOCK_MOVEMENT"."quantity", "public"."STOCK_MOVEMENT"."movement_date", "public"."STOCK_MOVEMENT"."notes", "public"."STOCK_MOVEMENT"."product_id" FROM "public"."STOCK_MOVEMENT" WHERE 1=1 ORDER BY "public"."STOCK_MOVEMENT"."movement_date" DESC LIMIT $1 OFFSET $2
prisma:query SELECT "public"."STOCK"."stock_id", "public"."STOCK"."product_id", "public"."STOCK"."location_id", "public"."STOCK"."quantity_on_hand" FROM "public"."STOCK" WHERE "public"."STOCK"."stock_id" IN ($1,$2,$3,$4,$5,$6,$7,$8,$9,$10,$11,$12,$13,$14,$15,$16,$17,$18,$19,$20) OFFSET $21
prisma:query SELECT "public"."PRODUCT"."product_id", "public"."PRODUCT"."category_id", "public"."PRODUCT"."product_code", "public"."PRODUCT"."product_name", "public"."PRODUCT"."pack_size", "public"."PRODUCT"."selling_price" FROM "public"."PRODUCT" WHERE "public"."PRODUCT"."product_id" IN ($1,$2,$3,$4,$5,$6,$7,$8,$9,$10,$11,$12,$13,$14,$15,$16,$17,$18,$19,$20) OFFSET $21
prisma:query SELECT "public"."USER"."user_id", "public"."USER"."role_id", "public"."USER"."full_name", "public"."USER"."username", "public"."USER"."password_hash" FROM "public"."USER" WHERE "public"."USER"."user_id" IN ($1,$2,$3,$4,$5,$6,$7,$8,$9,$10,$11,$12,$13,$14,$15,$16,$17,$18,$19,$20) OFFSET $21
prisma:query SELECT "public"."INVENTORY_LOCATION"."location_id", "public"."INVENTORY_LOCATION"."code", "public"."INVENTORY_LOCATION"."name" FROM "public"."INVENTORY_LOCATION" WHERE "public"."INVENTORY_LOCATION"."location_id" IN ($1) OFFSET $2
prisma:query COMMIT
 GET /inventory 200 in 3.0s (next.js: 8ms, application-code: 3.0s)
 GET /api/locations 200 in 176ms (next.js: 3ms, application-code: 173ms)
prisma:query SELECT "public"."INVENTORY_LOCATION"."location_id", "public"."INVENTORY_LOCATION"."code", "public"."INVENTORY_LOCATION"."name" FROM "public"."INVENTORY_LOCATION" WHERE 1=1 ORDER BY "public"."INVENTORY_LOCATION"."location_id" ASC OFFSET $1
prisma:query SELECT COUNT(*) AS "_count$_all" FROM (SELECT "public"."STOCK"."stock_id" FROM "public"."STOCK" WHERE 1=1 OFFSET $1) AS "sub"
prisma:query SELECT "public"."STOCK"."stock_id", "public"."STOCK"."product_id", "public"."STOCK"."location_id", "public"."STOCK"."quantity_on_hand" FROM "public"."STOCK" LEFT JOIN "public"."INVENTORY_LOCATION" AS "orderby_1" ON ("orderby_1"."location_id") = ("public"."STOCK"."location_id") LEFT JOIN "public"."PRODUCT" AS "orderby_2" ON ("orderby_2"."product_id") = ("public"."STOCK"."product_id") WHERE 1=1 ORDER BY "orderby_1"."location_id" ASC, "orderby_2"."product_name" ASC LIMIT $1 OFFSET $2
prisma:query SELECT "public"."PRODUCT"."product_id", "public"."PRODUCT"."category_id", "public"."PRODUCT"."product_code", "public"."PRODUCT"."product_name", "public"."PRODUCT"."pack_size", "public"."PRODUCT"."selling_price" FROM "public"."PRODUCT" WHERE "public"."PRODUCT"."product_id" IN ($1,$2,$3,$4,$5,$6,$7,$8,$9,$10,$11,$12,$13,$14,$15,$16,$17) OFFSET $18
prisma:query SELECT "public"."INVENTORY_LOCATION"."location_id", "public"."INVENTORY_LOCATION"."code", "public"."INVENTORY_LOCATION"."name" FROM "public"."INVENTORY_LOCATION" WHERE "public"."INVENTORY_LOCATION"."location_id" IN ($1,$2,$3,$4,$5,$6,$7,$8,$9,$10,$11,$12,$13,$14,$15,$16,$17) OFFSET $18
prisma:query SELECT "public"."CATEGORY"."category_id", "public"."CATEGORY"."name", "public"."CATEGORY"."tag" FROM "public"."CATEGORY" WHERE "public"."CATEGORY"."category_id" IN ($1,$2,$3,$4,$5,$6,$7,$8,$9,$10,$11,$12,$13) OFFSET $14
prisma:query COMMIT
prisma:query SELECT COUNT(*) AS "_count$_all" FROM (SELECT "public"."STOCK_MOVEMENT"."movement_id" FROM "public"."STOCK_MOVEMENT" WHERE 1=1 OFFSET $1) AS "sub"
prisma:query SELECT "public"."STOCK_MOVEMENT"."movement_id", "public"."STOCK_MOVEMENT"."stock_id", "public"."STOCK_MOVEMENT"."created_by", "public"."STOCK_MOVEMENT"."movement_type"::text, "public"."STOCK_MOVEMENT"."quantity", "public"."STOCK_MOVEMENT"."movement_date", "public"."STOCK_MOVEMENT"."notes", "public"."STOCK_MOVEMENT"."product_id" FROM "public"."STOCK_MOVEMENT" WHERE 1=1 ORDER BY "public"."STOCK_MOVEMENT"."movement_date" DESC LIMIT $1 OFFSET $2
prisma:query SELECT "public"."STOCK"."stock_id", "public"."STOCK"."product_id", "public"."STOCK"."location_id", "public"."STOCK"."quantity_on_hand" FROM "public"."STOCK" WHERE "public"."STOCK"."stock_id" IN ($1,$2,$3,$4,$5,$6,$7,$8,$9,$10,$11,$12,$13,$14,$15,$16,$17,$18,$19,$20) OFFSET $21
prisma:query SELECT "public"."PRODUCT"."product_id", "public"."PRODUCT"."category_id", "public"."PRODUCT"."product_code", "public"."PRODUCT"."product_name", "public"."PRODUCT"."pack_size", "public"."PRODUCT"."selling_price" FROM "public"."PRODUCT" WHERE "public"."PRODUCT"."product_id" IN ($1,$2,$3,$4,$5,$6,$7,$8,$9,$10,$11,$12,$13,$14,$15,$16,$17,$18,$19,$20) OFFSET $21
prisma:query SELECT "public"."USER"."user_id", "public"."USER"."role_id", "public"."USER"."full_name", "public"."USER"."username", "public"."USER"."password_hash" FROM "public"."USER" WHERE "public"."USER"."user_id" IN ($1,$2,$3,$4,$5,$6,$7,$8,$9,$10,$11,$12,$13,$14,$15,$16,$17,$18,$19,$20) OFFSET $21
prisma:query SELECT "public"."INVENTORY_LOCATION"."location_id", "public"."INVENTORY_LOCATION"."code", "public"."INVENTORY_LOCATION"."name" FROM "public"."INVENTORY_LOCATION" WHERE "public"."INVENTORY_LOCATION"."location_id" IN ($1) OFFSET $2
prisma:query COMMIT
 GET /inventory 200 in 3.1s (next.js: 3ms, application-code: 3.1s)
prisma:query SELECT "public"."INVENTORY_LOCATION"."location_id", "public"."INVENTORY_LOCATION"."code", "public"."INVENTORY_LOCATION"."name" FROM "public"."INVENTORY_LOCATION" WHERE 1=1 ORDER BY "public"."INVENTORY_LOCATION"."location_id" ASC OFFSET $1
 GET /api/locations 200 in 215ms (next.js: 6ms, application-code: 210ms)
prisma:query SELECT COUNT(*) AS "_count$_all" FROM (SELECT "public"."STOCK"."stock_id" FROM "public"."STOCK" WHERE 1=1 OFFSET $1) AS "sub"
prisma:query SELECT "public"."STOCK"."stock_id", "public"."STOCK"."product_id", "public"."STOCK"."location_id", "public"."STOCK"."quantity_on_hand" FROM "public"."STOCK" LEFT JOIN "public"."INVENTORY_LOCATION" AS "orderby_1" ON ("orderby_1"."location_id") = ("public"."STOCK"."location_id") LEFT JOIN "public"."PRODUCT" AS "orderby_2" ON ("orderby_2"."product_id") = ("public"."STOCK"."product_id") WHERE 1=1 ORDER BY "orderby_1"."location_id" ASC, "orderby_2"."product_name" ASC LIMIT $1 OFFSET $2
prisma:query SELECT "public"."PRODUCT"."product_id", "public"."PRODUCT"."category_id", "public"."PRODUCT"."product_code", "public"."PRODUCT"."product_name", "public"."PRODUCT"."pack_size", "public"."PRODUCT"."selling_price" FROM "public"."PRODUCT" WHERE "public"."PRODUCT"."product_id" IN ($1,$2,$3,$4,$5,$6,$7,$8,$9,$10,$11,$12,$13,$14,$15,$16,$17) OFFSET $18
prisma:query SELECT "public"."INVENTORY_LOCATION"."location_id", "public"."INVENTORY_LOCATION"."code", "public"."INVENTORY_LOCATION"."name" FROM "public"."INVENTORY_LOCATION" WHERE "public"."INVENTORY_LOCATION"."location_id" IN ($1,$2,$3,$4,$5,$6,$7,$8,$9,$10,$11,$12,$13,$14,$15,$16,$17) OFFSET $18
prisma:query SELECT "public"."CATEGORY"."category_id", "public"."CATEGORY"."name", "public"."CATEGORY"."tag" FROM "public"."CATEGORY" WHERE "public"."CATEGORY"."category_id" IN ($1,$2,$3,$4,$5,$6,$7,$8,$9,$10,$11,$12,$13) OFFSET $14
prisma:query COMMIT
prisma:query SELECT COUNT(*) AS "_count$_all" FROM (SELECT "public"."STOCK_MOVEMENT"."movement_id" FROM "public"."STOCK_MOVEMENT" WHERE 1=1 OFFSET $1) AS "sub"
prisma:query SELECT "public"."STOCK_MOVEMENT"."movement_id", "public"."STOCK_MOVEMENT"."stock_id", "public"."STOCK_MOVEMENT"."created_by", "public"."STOCK_MOVEMENT"."movement_type"::text, "public"."STOCK_MOVEMENT"."quantity", "public"."STOCK_MOVEMENT"."movement_date", "public"."STOCK_MOVEMENT"."notes", "public"."STOCK_MOVEMENT"."product_id" FROM "public"."STOCK_MOVEMENT" WHERE 1=1 ORDER BY "public"."STOCK_MOVEMENT"."movement_date" DESC LIMIT $1 OFFSET $2
prisma:query SELECT "public"."STOCK"."stock_id", "public"."STOCK"."product_id", "public"."STOCK"."location_id", "public"."STOCK"."quantity_on_hand" FROM "public"."STOCK" WHERE "public"."STOCK"."stock_id" IN ($1,$2,$3,$4,$5,$6,$7,$8,$9,$10,$11,$12,$13,$14,$15,$16,$17,$18,$19,$20) OFFSET $21
prisma:query SELECT "public"."PRODUCT"."product_id", "public"."PRODUCT"."category_id", "public"."PRODUCT"."product_code", "public"."PRODUCT"."product_name", "public"."PRODUCT"."pack_size", "public"."PRODUCT"."selling_price" FROM "public"."PRODUCT" WHERE "public"."PRODUCT"."product_id" IN ($1,$2,$3,$4,$5,$6,$7,$8,$9,$10,$11,$12,$13,$14,$15,$16,$17,$18,$19,$20) OFFSET $21
prisma:query SELECT "public"."USER"."user_id", "public"."USER"."role_id", "public"."USER"."full_name", "public"."USER"."username", "public"."USER"."password_hash" FROM "public"."USER" WHERE "public"."USER"."user_id" IN ($1,$2,$3,$4,$5,$6,$7,$8,$9,$10,$11,$12,$13,$14,$15,$16,$17,$18,$19,$20) OFFSET $21
prisma:query SELECT "public"."INVENTORY_LOCATION"."location_id", "public"."INVENTORY_LOCATION"."code", "public"."INVENTORY_LOCATION"."name" FROM "public"."INVENTORY_LOCATION" WHERE "public"."INVENTORY_LOCATION"."location_id" IN ($1) OFFSET $2
prisma:query COMMIT
 GET /inventory 200 in 3.0s (next.js: 3ms, application-code: 3.0s)
prisma:query SELECT "public"."INVENTORY_LOCATION"."location_id", "public"."INVENTORY_LOCATION"."code", "public"."INVENTORY_LOCATION"."name" FROM "public"."INVENTORY_LOCATION" WHERE 1=1 ORDER BY "public"."INVENTORY_LOCATION"."location_id" ASC OFFSET $1
 GET /api/locations 200 in 201ms (next.js: 3ms, application-code: 198ms)
prisma:query SELECT "public"."INVENTORY_LOCATION"."location_id", "public"."INVENTORY_LOCATION"."code", "public"."INVENTORY_LOCATION"."name" FROM "public"."INVENTORY_LOCATION" WHERE "public"."INVENTORY_LOCATION"."location_id" IN ($1,$2) OFFSET $3
prisma:query SELECT COUNT(*) AS "_count$_all" FROM (SELECT "public"."STOCK"."stock_id" FROM "public"."STOCK" WHERE "public"."STOCK"."location_id" = $1 OFFSET $2) AS "sub"
prisma:query SELECT "public"."STOCK"."stock_id", "public"."STOCK"."product_id", "public"."STOCK"."location_id", "public"."STOCK"."quantity_on_hand" FROM "public"."STOCK" LEFT JOIN "public"."INVENTORY_LOCATION" AS "orderby_1" ON ("orderby_1"."location_id") = ("public"."STOCK"."location_id") LEFT JOIN "public"."PRODUCT" AS "orderby_2" ON ("orderby_2"."product_id") = ("public"."STOCK"."product_id") WHERE "public"."STOCK"."location_id" = $1 ORDER BY "orderby_1"."location_id" ASC, "orderby_2"."product_name" ASC LIMIT $2 OFFSET $3
prisma:query SELECT "public"."PRODUCT"."product_id", "public"."PRODUCT"."category_id", "public"."PRODUCT"."product_code", "public"."PRODUCT"."product_name", "public"."PRODUCT"."pack_size", "public"."PRODUCT"."selling_price" FROM "public"."PRODUCT" WHERE "public"."PRODUCT"."product_id" IN ($1,$2,$3,$4) OFFSET $5
prisma:query SELECT "public"."INVENTORY_LOCATION"."location_id", "public"."INVENTORY_LOCATION"."code", "public"."INVENTORY_LOCATION"."name" FROM "public"."INVENTORY_LOCATION" WHERE "public"."INVENTORY_LOCATION"."location_id" IN ($1,$2,$3,$4) OFFSET $5
prisma:query SELECT "public"."CATEGORY"."category_id", "public"."CATEGORY"."name", "public"."CATEGORY"."tag" FROM "public"."CATEGORY" WHERE "public"."CATEGORY"."category_id" IN ($1,$2,$3,$4) OFFSET $5
prisma:query SELECT COUNT(*) AS "_count$_all" FROM (SELECT "public"."STOCK_MOVEMENT"."movement_id" FROM "public"."STOCK_MOVEMENT" LEFT JOIN "public"."STOCK" AS "j0" ON ("j0"."stock_id") = ("public"."STOCK_MOVEMENT"."stock_id") WHERE ("j0"."location_id" = $1 AND ("j0"."stock_id" IS NOT NULL)) OFFSET $2) AS "sub"
prisma:query COMMIT
prisma:query SELECT "public"."STOCK_MOVEMENT"."movement_id", "public"."STOCK_MOVEMENT"."stock_id", "public"."STOCK_MOVEMENT"."created_by", "public"."STOCK_MOVEMENT"."movement_type"::text, "public"."STOCK_MOVEMENT"."quantity", "public"."STOCK_MOVEMENT"."movement_date", "public"."STOCK_MOVEMENT"."notes", "public"."STOCK_MOVEMENT"."product_id" FROM "public"."STOCK_MOVEMENT" LEFT JOIN "public"."STOCK" AS "j0" ON ("j0"."stock_id") = ("public"."STOCK_MOVEMENT"."stock_id") WHERE ("j0"."location_id" = $1 AND ("j0"."stock_id" IS NOT NULL)) ORDER BY "public"."STOCK_MOVEMENT"."movement_date" DESC LIMIT $2 OFFSET $3
prisma:query SELECT "public"."STOCK"."stock_id", "public"."STOCK"."product_id", "public"."STOCK"."location_id", "public"."STOCK"."quantity_on_hand" FROM "public"."STOCK" WHERE "public"."STOCK"."stock_id" IN ($1,$2,$3,$4,$5,$6,$7,$8,$9,$10,$11,$12,$13,$14,$15,$16,$17,$18,$19,$20) OFFSET $21
prisma:query SELECT "public"."PRODUCT"."product_id", "public"."PRODUCT"."category_id", "public"."PRODUCT"."product_code", "public"."PRODUCT"."product_name", "public"."PRODUCT"."pack_size", "public"."PRODUCT"."selling_price" FROM "public"."PRODUCT" WHERE "public"."PRODUCT"."product_id" IN ($1,$2,$3,$4,$5,$6,$7,$8,$9,$10,$11,$12,$13,$14,$15,$16,$17,$18,$19,$20) OFFSET $21
prisma:query SELECT "public"."USER"."user_id", "public"."USER"."role_id", "public"."USER"."full_name", "public"."USER"."username", "public"."USER"."password_hash" FROM "public"."USER" WHERE "public"."USER"."user_id" IN ($1,$2,$3,$4,$5,$6,$7,$8,$9,$10,$11,$12,$13,$14,$15,$16,$17,$18,$19,$20) OFFSET $21
prisma:query SELECT "public"."INVENTORY_LOCATION"."location_id", "public"."INVENTORY_LOCATION"."code", "public"."INVENTORY_LOCATION"."name" FROM "public"."INVENTORY_LOCATION" WHERE "public"."INVENTORY_LOCATION"."location_id" IN ($1) OFFSET $2
prisma:query COMMIT
 GET /inventory/1 200 in 3.5s (next.js: 739ms, application-code: 2.8s)
prisma:query SELECT "public"."INVENTORY_LOCATION"."location_id", "public"."INVENTORY_LOCATION"."code", "public"."INVENTORY_LOCATION"."name" FROM "public"."INVENTORY_LOCATION" WHERE "public"."INVENTORY_LOCATION"."location_id" IN ($1,$2) OFFSET $3
prisma:query SELECT COUNT(*) AS "_count$_all" FROM (SELECT "public"."STOCK_MOVEMENT"."movement_id" FROM "public"."STOCK_MOVEMENT" LEFT JOIN "public"."STOCK" AS "j0" ON ("j0"."stock_id") = ("public"."STOCK_MOVEMENT"."stock_id") WHERE ("j0"."location_id" = $1 AND ("j0"."stock_id" IS NOT NULL)) OFFSET $2) AS "sub"
prisma:query SELECT COUNT(*) AS "_count$_all" FROM (SELECT "public"."STOCK"."stock_id" FROM "public"."STOCK" WHERE "public"."STOCK"."location_id" = $1 OFFSET $2) AS "sub"
prisma:query SELECT "public"."STOCK_MOVEMENT"."movement_id", "public"."STOCK_MOVEMENT"."stock_id", "public"."STOCK_MOVEMENT"."created_by", "public"."STOCK_MOVEMENT"."movement_type"::text, "public"."STOCK_MOVEMENT"."quantity", "public"."STOCK_MOVEMENT"."movement_date", "public"."STOCK_MOVEMENT"."notes", "public"."STOCK_MOVEMENT"."product_id" FROM "public"."STOCK_MOVEMENT" LEFT JOIN "public"."STOCK" AS "j0" ON ("j0"."stock_id") = ("public"."STOCK_MOVEMENT"."stock_id") WHERE ("j0"."location_id" = $1 AND ("j0"."stock_id" IS NOT NULL)) ORDER BY "public"."STOCK_MOVEMENT"."movement_date" DESC LIMIT $2 OFFSET $3
prisma:query SELECT "public"."STOCK"."stock_id", "public"."STOCK"."product_id", "public"."STOCK"."location_id", "public"."STOCK"."quantity_on_hand" FROM "public"."STOCK" LEFT JOIN "public"."INVENTORY_LOCATION" AS "orderby_1" ON ("orderby_1"."location_id") = ("public"."STOCK"."location_id") LEFT JOIN "public"."PRODUCT" AS "orderby_2" ON ("orderby_2"."product_id") = ("public"."STOCK"."product_id") WHERE "public"."STOCK"."location_id" = $1 ORDER BY "orderby_1"."location_id" ASC, "orderby_2"."product_name" ASC LIMIT $2 OFFSET $3
prisma:query SELECT "public"."STOCK"."stock_id", "public"."STOCK"."product_id", "public"."STOCK"."location_id", "public"."STOCK"."quantity_on_hand" FROM "public"."STOCK" WHERE "public"."STOCK"."stock_id" IN ($1,$2,$3,$4,$5,$6,$7,$8,$9,$10,$11,$12,$13,$14,$15,$16,$17,$18,$19,$20) OFFSET $21
prisma:query SELECT "public"."PRODUCT"."product_id", "public"."PRODUCT"."category_id", "public"."PRODUCT"."product_code", "public"."PRODUCT"."product_name", "public"."PRODUCT"."pack_size", "public"."PRODUCT"."selling_price" FROM "public"."PRODUCT" WHERE "public"."PRODUCT"."product_id" IN ($1,$2,$3,$4) OFFSET $5
prisma:query SELECT "public"."PRODUCT"."product_id", "public"."PRODUCT"."category_id", "public"."PRODUCT"."product_code", "public"."PRODUCT"."product_name", "public"."PRODUCT"."pack_size", "public"."PRODUCT"."selling_price" FROM "public"."PRODUCT" WHERE "public"."PRODUCT"."product_id" IN ($1,$2,$3,$4,$5,$6,$7,$8,$9,$10,$11,$12,$13,$14,$15,$16,$17,$18,$19,$20) OFFSET $21
prisma:query SELECT "public"."INVENTORY_LOCATION"."location_id", "public"."INVENTORY_LOCATION"."code", "public"."INVENTORY_LOCATION"."name" FROM "public"."INVENTORY_LOCATION" WHERE "public"."INVENTORY_LOCATION"."location_id" IN ($1,$2,$3,$4) OFFSET $5
prisma:query SELECT "public"."USER"."user_id", "public"."USER"."role_id", "public"."USER"."full_name", "public"."USER"."username", "public"."USER"."password_hash" FROM "public"."USER" WHERE "public"."USER"."user_id" IN ($1,$2,$3,$4,$5,$6,$7,$8,$9,$10,$11,$12,$13,$14,$15,$16,$17,$18,$19,$20) OFFSET $21
prisma:query SELECT "public"."CATEGORY"."category_id", "public"."CATEGORY"."name", "public"."CATEGORY"."tag" FROM "public"."CATEGORY" WHERE "public"."CATEGORY"."category_id" IN ($1,$2,$3,$4) OFFSET $5
prisma:query SELECT "public"."INVENTORY_LOCATION"."location_id", "public"."INVENTORY_LOCATION"."code", "public"."INVENTORY_LOCATION"."name" FROM "public"."INVENTORY_LOCATION" WHERE "public"."INVENTORY_LOCATION"."location_id" IN ($1) OFFSET $2
prisma:query COMMIT
prisma:query COMMIT
 GET /inventory/1 200 in 1891ms (next.js: 28ms, application-code: 1863ms)
prisma:query SELECT "public"."INVENTORY_LOCATION"."location_id", "public"."INVENTORY_LOCATION"."code", "public"."INVENTORY_LOCATION"."name" FROM "public"."INVENTORY_LOCATION" WHERE "public"."INVENTORY_LOCATION"."location_id" IN ($1,$2) OFFSET $3
prisma:query SELECT COUNT(*) AS "_count$_all" FROM (SELECT "public"."STOCK"."stock_id" FROM "public"."STOCK" WHERE "public"."STOCK"."location_id" = $1 OFFSET $2) AS "sub"
prisma:query SELECT COUNT(*) AS "_count$_all" FROM (SELECT "public"."STOCK_MOVEMENT"."movement_id" FROM "public"."STOCK_MOVEMENT" LEFT JOIN "public"."STOCK" AS "j0" ON ("j0"."stock_id") = ("public"."STOCK_MOVEMENT"."stock_id") WHERE ("j0"."location_id" = $1 AND ("j0"."stock_id" IS NOT NULL)) OFFSET $2) AS "sub"
prisma:query SELECT "public"."STOCK"."stock_id", "public"."STOCK"."product_id", "public"."STOCK"."location_id", "public"."STOCK"."quantity_on_hand" FROM "public"."STOCK" LEFT JOIN "public"."INVENTORY_LOCATION" AS "orderby_1" ON ("orderby_1"."location_id") = ("public"."STOCK"."location_id") LEFT JOIN "public"."PRODUCT" AS "orderby_2" ON ("orderby_2"."product_id") = ("public"."STOCK"."product_id") WHERE "public"."STOCK"."location_id" = $1 ORDER BY "orderby_1"."location_id" ASC, "orderby_2"."product_name" ASC LIMIT $2 OFFSET $3
prisma:query SELECT "public"."STOCK_MOVEMENT"."movement_id", "public"."STOCK_MOVEMENT"."stock_id", "public"."STOCK_MOVEMENT"."created_by", "public"."STOCK_MOVEMENT"."movement_type"::text, "public"."STOCK_MOVEMENT"."quantity", "public"."STOCK_MOVEMENT"."movement_date", "public"."STOCK_MOVEMENT"."notes", "public"."STOCK_MOVEMENT"."product_id" FROM "public"."STOCK_MOVEMENT" LEFT JOIN "public"."STOCK" AS "j0" ON ("j0"."stock_id") = ("public"."STOCK_MOVEMENT"."stock_id") WHERE ("j0"."location_id" = $1 AND ("j0"."stock_id" IS NOT NULL)) ORDER BY "public"."STOCK_MOVEMENT"."movement_date" DESC LIMIT $2 OFFSET $3
prisma:query SELECT "public"."PRODUCT"."product_id", "public"."PRODUCT"."category_id", "public"."PRODUCT"."product_code", "public"."PRODUCT"."product_name", "public"."PRODUCT"."pack_size", "public"."PRODUCT"."selling_price" FROM "public"."PRODUCT" WHERE "public"."PRODUCT"."product_id" IN ($1,$2,$3,$4) OFFSET $5
prisma:query SELECT "public"."STOCK"."stock_id", "public"."STOCK"."product_id", "public"."STOCK"."location_id", "public"."STOCK"."quantity_on_hand" FROM "public"."STOCK" WHERE "public"."STOCK"."stock_id" IN ($1,$2,$3,$4,$5,$6,$7,$8,$9,$10,$11,$12,$13,$14,$15,$16,$17,$18,$19,$20) OFFSET $21
prisma:query SELECT "public"."INVENTORY_LOCATION"."location_id", "public"."INVENTORY_LOCATION"."code", "public"."INVENTORY_LOCATION"."name" FROM "public"."INVENTORY_LOCATION" WHERE "public"."INVENTORY_LOCATION"."location_id" IN ($1,$2,$3,$4) OFFSET $5
prisma:query SELECT "public"."PRODUCT"."product_id", "public"."PRODUCT"."category_id", "public"."PRODUCT"."product_code", "public"."PRODUCT"."product_name", "public"."PRODUCT"."pack_size", "public"."PRODUCT"."selling_price" FROM "public"."PRODUCT" WHERE "public"."PRODUCT"."product_id" IN ($1,$2,$3,$4,$5,$6,$7,$8,$9,$10,$11,$12,$13,$14,$15,$16,$17,$18,$19,$20) OFFSET $21
prisma:query SELECT "public"."CATEGORY"."category_id", "public"."CATEGORY"."name", "public"."CATEGORY"."tag" FROM "public"."CATEGORY" WHERE "public"."CATEGORY"."category_id" IN ($1,$2,$3,$4) OFFSET $5
prisma:query SELECT "public"."USER"."user_id", "public"."USER"."role_id", "public"."USER"."full_name", "public"."USER"."username", "public"."USER"."password_hash" FROM "public"."USER" WHERE "public"."USER"."user_id" IN ($1,$2,$3,$4,$5,$6,$7,$8,$9,$10,$11,$12,$13,$14,$15,$16,$17,$18,$19,$20) OFFSET $21
prisma:query COMMIT
prisma:query SELECT "public"."INVENTORY_LOCATION"."location_id", "public"."INVENTORY_LOCATION"."code", "public"."INVENTORY_LOCATION"."name" FROM "public"."INVENTORY_LOCATION" WHERE "public"."INVENTORY_LOCATION"."location_id" IN ($1) OFFSET $2
prisma:query COMMIT
 GET /inventory/1 200 in 1901ms (next.js: 29ms, application-code: 1872ms)
 GET /api/inventory/1/movements?page=1&pageSize=20 200 in 260ms
prisma:query SELECT COUNT(*) AS "_count$_all" FROM (SELECT "public"."PRODUCT"."product_id" FROM "public"."PRODUCT" WHERE 1=1 OFFSET $1) AS "sub"
prisma:query SELECT "public"."PRODUCT"."product_id", "public"."PRODUCT"."category_id", "public"."PRODUCT"."product_code", "public"."PRODUCT"."product_name", "public"."PRODUCT"."pack_size", "public"."PRODUCT"."selling_price" FROM "public"."PRODUCT" WHERE 1=1 ORDER BY "public"."PRODUCT"."product_name" ASC LIMIT $1 OFFSET $2
prisma:query SELECT "public"."CATEGORY"."category_id", "public"."CATEGORY"."name", "public"."CATEGORY"."tag" FROM "public"."CATEGORY" WHERE "public"."CATEGORY"."category_id" IN ($1,$2,$3,$4,$5,$6,$7,$8,$9,$10,$11,$12,$13,$14,$15,$16,$17,$18,$19,$20) OFFSET $21
prisma:query COMMIT
prisma:query SELECT COUNT(*) AS "_count$_all" FROM (SELECT "public"."STOCK_MOVEMENT"."movement_id" FROM "public"."STOCK_MOVEMENT" LEFT JOIN "public"."STOCK" AS "j0" ON ("j0"."stock_id") = ("public"."STOCK_MOVEMENT"."stock_id") WHERE ("j0"."location_id" = $1 AND ("j0"."stock_id" IS NOT NULL)) OFFSET $2) AS "sub"
 GET /inventory/products 200 in 1243ms (next.js: 12ms, application-code: 1231ms)
prisma:query SELECT "public"."STOCK_MOVEMENT"."movement_id", "public"."STOCK_MOVEMENT"."stock_id", "public"."STOCK_MOVEMENT"."created_by", "public"."STOCK_MOVEMENT"."movement_type"::text, "public"."STOCK_MOVEMENT"."quantity", "public"."STOCK_MOVEMENT"."movement_date", "public"."STOCK_MOVEMENT"."notes", "public"."STOCK_MOVEMENT"."product_id" FROM "public"."STOCK_MOVEMENT" LEFT JOIN "public"."STOCK" AS "j0" ON ("j0"."stock_id") = ("public"."STOCK_MOVEMENT"."stock_id") WHERE ("j0"."location_id" = $1 AND ("j0"."stock_id" IS NOT NULL)) ORDER BY "public"."STOCK_MOVEMENT"."movement_date" DESC LIMIT $2 OFFSET $3
prisma:query SELECT "public"."STOCK"."stock_id", "public"."STOCK"."product_id", "public"."STOCK"."location_id", "public"."STOCK"."quantity_on_hand" FROM "public"."STOCK" WHERE "public"."STOCK"."stock_id" IN ($1,$2,$3,$4,$5,$6,$7,$8,$9,$10,$11,$12,$13,$14,$15,$16,$17,$18,$19,$20) OFFSET $21
 GET /api/categories 200 in 185ms (next.js: 7ms, application-code: 178ms)
 GET /api/products?page=1&pageSize=20 200 in 183ms (next.js: 10ms, application-code: 173ms)
prisma:query SELECT "public"."CATEGORY"."category_id", "public"."CATEGORY"."name", "public"."CATEGORY"."tag" FROM "public"."CATEGORY" WHERE 1=1 ORDER BY "public"."CATEGORY"."name" ASC OFFSET $1
prisma:query SELECT "public"."PRODUCT"."product_id", "public"."PRODUCT"."category_id", "public"."PRODUCT"."product_code", "public"."PRODUCT"."product_name", "public"."PRODUCT"."pack_size", "public"."PRODUCT"."selling_price" FROM "public"."PRODUCT" WHERE "public"."PRODUCT"."product_id" IN ($1,$2,$3,$4,$5,$6,$7,$8,$9,$10,$11,$12,$13,$14,$15,$16,$17,$18,$19,$20) OFFSET $21
prisma:query SELECT "public"."USER"."user_id", "public"."USER"."role_id", "public"."USER"."full_name", "public"."USER"."username", "public"."USER"."password_hash" FROM "public"."USER" WHERE "public"."USER"."user_id" IN ($1,$2,$3,$4,$5,$6,$7,$8,$9,$10,$11,$12,$13,$14,$15,$16,$17,$18,$19,$20) OFFSET $21
prisma:query SELECT "public"."INVENTORY_LOCATION"."location_id", "public"."INVENTORY_LOCATION"."code", "public"."INVENTORY_LOCATION"."name" FROM "public"."INVENTORY_LOCATION" WHERE "public"."INVENTORY_LOCATION"."location_id" IN ($1) OFFSET $2
prisma:query SELECT COUNT(*) AS "_count$_all" FROM (SELECT "public"."PRODUCT"."product_id" FROM "public"."PRODUCT" WHERE 1=1 OFFSET $1) AS "sub"
prisma:query COMMIT
prisma:query SELECT "public"."PRODUCT"."product_id", "public"."PRODUCT"."category_id", "public"."PRODUCT"."product_code", "public"."PRODUCT"."product_name", "public"."PRODUCT"."pack_size", "public"."PRODUCT"."selling_price" FROM "public"."PRODUCT" WHERE 1=1 ORDER BY "public"."PRODUCT"."product_name" ASC LIMIT $1 OFFSET $2
prisma:query SELECT AVG("selling_price") AS "_avg$selling_price", MAX("selling_price") AS "_max$selling_price" FROM (SELECT "public"."PRODUCT"."selling_price" FROM "public"."PRODUCT" WHERE 1=1 OFFSET $1) AS "sub"
prisma:query SELECT "public"."CATEGORY"."category_id", "public"."CATEGORY"."name", "public"."CATEGORY"."tag" FROM "public"."CATEGORY" WHERE "public"."CATEGORY"."category_id" IN ($1,$2,$3,$4,$5,$6,$7,$8,$9,$10,$11,$12,$13,$14,$15,$16,$17,$18,$19,$20) OFFSET $21
prisma:query SELECT COUNT(*) AS "_count$_all" FROM (SELECT "public"."PRODUCT"."product_id" FROM "public"."PRODUCT" WHERE 1=1 OFFSET $1) AS "sub"
prisma:query COMMIT
 GET /inventory/products 200 in 1150ms (next.js: 3ms, application-code: 1147ms)
prisma:query SELECT "public"."PRODUCT"."product_id", "public"."PRODUCT"."category_id", "public"."PRODUCT"."product_code", "public"."PRODUCT"."product_name", "public"."PRODUCT"."pack_size", "public"."PRODUCT"."selling_price" FROM "public"."PRODUCT" WHERE 1=1 ORDER BY "public"."PRODUCT"."product_name" ASC LIMIT $1 OFFSET $2
prisma:query SELECT "public"."CATEGORY"."category_id", "public"."CATEGORY"."name", "public"."CATEGORY"."tag" FROM "public"."CATEGORY" WHERE "public"."CATEGORY"."category_id" IN ($1,$2,$3,$4,$5,$6,$7,$8,$9,$10,$11,$12,$13,$14,$15,$16,$17,$18,$19,$20) OFFSET $21
prisma:query COMMIT
 GET /api/products?page=1&pageSize=20 200 in 165ms (next.js: 2ms, application-code: 163ms)
 GET /api/categories 200 in 179ms (next.js: 8ms, application-code: 171ms)
prisma:query SELECT "public"."CATEGORY"."category_id", "public"."CATEGORY"."name", "public"."CATEGORY"."tag" FROM "public"."CATEGORY" WHERE 1=1 ORDER BY "public"."CATEGORY"."name" ASC OFFSET $1
prisma:query SELECT AVG("selling_price") AS "_avg$selling_price", MAX("selling_price") AS "_max$selling_price" FROM (SELECT "public"."PRODUCT"."selling_price" FROM "public"."PRODUCT" WHERE 1=1 OFFSET $1) AS "sub"
prisma:query SELECT COUNT(*) AS "_count$_all" FROM (SELECT "public"."PRODUCT"."product_id" FROM "public"."PRODUCT" WHERE 1=1 OFFSET $1) AS "sub"
prisma:query SELECT "public"."PRODUCT"."product_id", "public"."PRODUCT"."category_id", "public"."PRODUCT"."product_code", "public"."PRODUCT"."product_name", "public"."PRODUCT"."pack_size", "public"."PRODUCT"."selling_price" FROM "public"."PRODUCT" WHERE 1=1 ORDER BY "public"."PRODUCT"."product_name" ASC LIMIT $1 OFFSET $2
prisma:query SELECT COUNT(*) AS "_count$_all" FROM (SELECT "public"."PRODUCT"."product_id" FROM "public"."PRODUCT" WHERE 1=1 OFFSET $1) AS "sub"
prisma:query SELECT "public"."CATEGORY"."category_id", "public"."CATEGORY"."name", "public"."CATEGORY"."tag" FROM "public"."CATEGORY" WHERE "public"."CATEGORY"."category_id" IN ($1,$2,$3,$4,$5,$6,$7,$8,$9,$10,$11,$12,$13,$14,$15,$16,$17,$18,$19,$20) OFFSET $21
prisma:query SELECT "public"."PRODUCT"."product_id", "public"."PRODUCT"."category_id", "public"."PRODUCT"."product_code", "public"."PRODUCT"."product_name", "public"."PRODUCT"."pack_size", "public"."PRODUCT"."selling_price" FROM "public"."PRODUCT" WHERE 1=1 ORDER BY "public"."PRODUCT"."product_name" ASC LIMIT $1 OFFSET $2
prisma:query COMMIT
prisma:query SELECT "public"."CATEGORY"."category_id", "public"."CATEGORY"."name", "public"."CATEGORY"."tag" FROM "public"."CATEGORY" WHERE "public"."CATEGORY"."category_id" IN ($1,$2,$3,$4,$5,$6,$7,$8,$9,$10,$11,$12,$13,$14,$15,$16,$17,$18,$19,$20) OFFSET $21
prisma:query COMMIT
 GET /inventory/products 200 in 1137ms (next.js: 4ms, application-code: 1134ms)
prisma:query SELECT "public"."CATEGORY"."category_id", "public"."CATEGORY"."name", "public"."CATEGORY"."tag" FROM "public"."CATEGORY" WHERE 1=1 ORDER BY "public"."CATEGORY"."name" ASC OFFSET $1
 GET /api/categories 200 in 202ms (next.js: 3ms, application-code: 198ms)
prisma:query SELECT AVG("selling_price") AS "_avg$selling_price", MAX("selling_price") AS "_max$selling_price" FROM (SELECT "public"."PRODUCT"."selling_price" FROM "public"."PRODUCT" WHERE 1=1 OFFSET $1) AS "sub"
prisma:query SELECT "public"."INVENTORY_LOCATION"."location_id", "public"."INVENTORY_LOCATION"."code", "public"."INVENTORY_LOCATION"."name" FROM "public"."INVENTORY_LOCATION" WHERE 1=1 ORDER BY "public"."INVENTORY_LOCATION"."location_id" ASC OFFSET $1
 GET /api/locations 200 in 203ms (next.js: 3ms, application-code: 200ms)
prisma:query SELECT COUNT(*) AS "_count$_all" FROM (SELECT "public"."PRODUCT"."product_id" FROM "public"."PRODUCT" WHERE 1=1 OFFSET $1) AS "sub"
prisma:query SELECT "public"."CATEGORY"."category_id", "public"."CATEGORY"."name", "public"."CATEGORY"."tag" FROM "public"."CATEGORY" WHERE 1=1 ORDER BY "public"."CATEGORY"."name" ASC OFFSET $1
 GET /api/categories 200 in 200ms (next.js: 3ms, application-code: 197ms)
prisma:query SELECT "public"."PRODUCT"."product_id", "public"."PRODUCT"."category_id", "public"."PRODUCT"."product_code", "public"."PRODUCT"."product_name", "public"."PRODUCT"."pack_size", "public"."PRODUCT"."selling_price" FROM "public"."PRODUCT" WHERE 1=1 ORDER BY "public"."PRODUCT"."product_name" ASC LIMIT $1 OFFSET $2
 GET /api/products?page=1&pageSize=20 200 in 600ms (next.js: 7ms, application-code: 593ms)
prisma:query SELECT "public"."CATEGORY"."category_id", "public"."CATEGORY"."name", "public"."CATEGORY"."tag" FROM "public"."CATEGORY" WHERE "public"."CATEGORY"."category_id" IN ($1,$2,$3,$4,$5,$6,$7,$8,$9,$10,$11,$12,$13,$14,$15,$16,$17,$18,$19,$20) OFFSET $21
prisma:query COMMIT
prisma:query SELECT COUNT(*) AS "_count$_all" FROM (SELECT "public"."PRODUCT"."product_id" FROM "public"."PRODUCT" WHERE 1=1 OFFSET $1) AS "sub"
prisma:query SELECT "public"."PRODUCT"."product_id", "public"."PRODUCT"."category_id", "public"."PRODUCT"."product_code", "public"."PRODUCT"."product_name", "public"."PRODUCT"."pack_size", "public"."PRODUCT"."selling_price" FROM "public"."PRODUCT" WHERE 1=1 ORDER BY "public"."PRODUCT"."product_name" ASC LIMIT $1 OFFSET $2
prisma:query SELECT "public"."CATEGORY"."category_id", "public"."CATEGORY"."name", "public"."CATEGORY"."tag" FROM "public"."CATEGORY" WHERE "public"."CATEGORY"."category_id" IN ($1,$2,$3,$4,$5,$6,$7,$8,$9,$10,$11,$12,$13,$14,$15,$16,$17,$18,$19,$20) OFFSET $21
prisma:query COMMIT
 GET /inventory/products 200 in 1127ms (next.js: 6ms, application-code: 1122ms)
prisma:query SELECT AVG("selling_price") AS "_avg$selling_price", MAX("selling_price") AS "_max$selling_price" FROM (SELECT "public"."PRODUCT"."selling_price" FROM "public"."PRODUCT" WHERE 1=1 OFFSET $1) AS "sub"
prisma:query SELECT "public"."CATEGORY"."category_id", "public"."CATEGORY"."name", "public"."CATEGORY"."tag" FROM "public"."CATEGORY" WHERE 1=1 ORDER BY "public"."CATEGORY"."name" ASC OFFSET $1
 GET /api/categories 200 in 218ms (next.js: 21ms, application-code: 197ms)
prisma:query SELECT "public"."INVENTORY_LOCATION"."location_id", "public"."INVENTORY_LOCATION"."code", "public"."INVENTORY_LOCATION"."name" FROM "public"."INVENTORY_LOCATION" WHERE 1=1 ORDER BY "public"."INVENTORY_LOCATION"."location_id" ASC OFFSET $1
 GET /api/locations 200 in 201ms (next.js: 3ms, application-code: 199ms)
prisma:query SELECT COUNT(*) AS "_count$_all" FROM (SELECT "public"."PRODUCT"."product_id" FROM "public"."PRODUCT" WHERE 1=1 OFFSET $1) AS "sub"
prisma:query SELECT "public"."CATEGORY"."category_id", "public"."CATEGORY"."name", "public"."CATEGORY"."tag" FROM "public"."CATEGORY" WHERE 1=1 ORDER BY "public"."CATEGORY"."name" ASC OFFSET $1
 GET /api/categories 200 in 200ms (next.js: 2ms, application-code: 198ms)
prisma:query SELECT "public"."PRODUCT"."product_id", "public"."PRODUCT"."category_id", "public"."PRODUCT"."product_code", "public"."PRODUCT"."product_name", "public"."PRODUCT"."pack_size", "public"."PRODUCT"."selling_price" FROM "public"."PRODUCT" WHERE 1=1 ORDER BY "public"."PRODUCT"."product_name" ASC LIMIT $1 OFFSET $2
prisma:query SELECT "public"."CATEGORY"."category_id", "public"."CATEGORY"."name", "public"."CATEGORY"."tag" FROM "public"."CATEGORY" WHERE "public"."CATEGORY"."category_id" IN ($1,$2,$3,$4,$5,$6,$7,$8,$9,$10,$11,$12,$13,$14,$15,$16,$17,$18,$19,$20) OFFSET $21
prisma:query COMMIT
 GET /api/products?page=1&pageSize=20 200 in 984ms (next.js: 4ms, application-code: 980ms)
 GET /inventory/movements 200 in 349ms (next.js: 12ms, application-code: 337ms)
 GET /inventory/movements 200 in 315ms (next.js: 3ms, application-code: 312ms)
prisma:query SELECT COUNT(*) AS "_count$_all" FROM (SELECT "public"."STOCK_MOVEMENT"."movement_id" FROM "public"."STOCK_MOVEMENT" WHERE 1=1 OFFSET $1) AS "sub"
prisma:query SELECT COUNT(*) AS "_count$_all" FROM (SELECT "public"."STOCK_MOVEMENT"."movement_id" FROM "public"."STOCK_MOVEMENT" WHERE "public"."STOCK_MOVEMENT"."movement_type" = CAST($1::text AS "public"."MovementType") OFFSET $2) AS "sub"
 GET /api/stock-movements?page=1&pageSize=20 200 in 484ms (next.js: 5ms, application-code: 479ms)
 GET /api/stock-movements?page=1&pageSize=20&movement_type=RETURN 200 in 452ms (next.js: 3ms, application-code: 449ms)
prisma:query SELECT "public"."STOCK_MOVEMENT"."movement_id", "public"."STOCK_MOVEMENT"."stock_id", "public"."STOCK_MOVEMENT"."created_by", "public"."STOCK_MOVEMENT"."movement_type"::text, "public"."STOCK_MOVEMENT"."quantity", "public"."STOCK_MOVEMENT"."movement_date", "public"."STOCK_MOVEMENT"."notes", "public"."STOCK_MOVEMENT"."product_id" FROM "public"."STOCK_MOVEMENT" WHERE 1=1 ORDER BY "public"."STOCK_MOVEMENT"."movement_date" DESC LIMIT $1 OFFSET $2
prisma:query SELECT "public"."STOCK_MOVEMENT"."movement_id", "public"."STOCK_MOVEMENT"."stock_id", "public"."STOCK_MOVEMENT"."created_by", "public"."STOCK_MOVEMENT"."movement_type"::text, "public"."STOCK_MOVEMENT"."quantity", "public"."STOCK_MOVEMENT"."movement_date", "public"."STOCK_MOVEMENT"."notes", "public"."STOCK_MOVEMENT"."product_id" FROM "public"."STOCK_MOVEMENT" WHERE "public"."STOCK_MOVEMENT"."movement_type" = CAST($1::text AS "public"."MovementType") ORDER BY "public"."STOCK_MOVEMENT"."movement_date" DESC LIMIT $2 OFFSET $3
prisma:query SELECT "public"."STOCK"."stock_id", "public"."STOCK"."product_id", "public"."STOCK"."location_id", "public"."STOCK"."quantity_on_hand" FROM "public"."STOCK" WHERE "public"."STOCK"."stock_id" IN ($1,$2,$3,$4,$5,$6,$7,$8,$9,$10,$11,$12,$13,$14,$15,$16,$17,$18,$19,$20) OFFSET $21
prisma:query SELECT "public"."STOCK"."stock_id", "public"."STOCK"."product_id", "public"."STOCK"."location_id", "public"."STOCK"."quantity_on_hand" FROM "public"."STOCK" WHERE "public"."STOCK"."stock_id" IN (NULL) OFFSET $1
prisma:query SELECT "public"."PRODUCT"."product_id", "public"."PRODUCT"."category_id", "public"."PRODUCT"."product_code", "public"."PRODUCT"."product_name", "public"."PRODUCT"."pack_size", "public"."PRODUCT"."selling_price" FROM "public"."PRODUCT" WHERE "public"."PRODUCT"."product_id" IN ($1,$2,$3,$4,$5,$6,$7,$8,$9,$10,$11,$12,$13,$14,$15,$16,$17,$18,$19,$20) OFFSET $21
prisma:query SELECT "public"."PRODUCT"."product_id", "public"."PRODUCT"."category_id", "public"."PRODUCT"."product_code", "public"."PRODUCT"."product_name", "public"."PRODUCT"."pack_size", "public"."PRODUCT"."selling_price" FROM "public"."PRODUCT" WHERE "public"."PRODUCT"."product_id" IN (NULL) OFFSET $1
prisma:query SELECT "public"."USER"."user_id", "public"."USER"."role_id", "public"."USER"."full_name", "public"."USER"."username", "public"."USER"."password_hash" FROM "public"."USER" WHERE "public"."USER"."user_id" IN ($1,$2,$3,$4,$5,$6,$7,$8,$9,$10,$11,$12,$13,$14,$15,$16,$17,$18,$19,$20) OFFSET $21
prisma:query SELECT "public"."USER"."user_id", "public"."USER"."role_id", "public"."USER"."full_name", "public"."USER"."username", "public"."USER"."password_hash" FROM "public"."USER" WHERE "public"."USER"."user_id" IN (NULL) OFFSET $1
prisma:query SELECT "public"."INVENTORY_LOCATION"."location_id", "public"."INVENTORY_LOCATION"."code", "public"."INVENTORY_LOCATION"."name" FROM "public"."INVENTORY_LOCATION" WHERE "public"."INVENTORY_LOCATION"."location_id" IN ($1) OFFSET $2
prisma:query SELECT "public"."INVENTORY_LOCATION"."location_id", "public"."INVENTORY_LOCATION"."code", "public"."INVENTORY_LOCATION"."name" FROM "public"."INVENTORY_LOCATION" WHERE "public"."INVENTORY_LOCATION"."location_id" IN (NULL) OFFSET $1
prisma:query COMMIT
prisma:query COMMIT
prisma:query SELECT COUNT(*) AS "_count$_all" FROM (SELECT "public"."PRODUCT"."product_id" FROM "public"."PRODUCT" WHERE 1=1 OFFSET $1) AS "sub"
prisma:query SELECT "public"."PRODUCT"."product_id", "public"."PRODUCT"."category_id", "public"."PRODUCT"."product_code", "public"."PRODUCT"."product_name", "public"."PRODUCT"."pack_size", "public"."PRODUCT"."selling_price" FROM "public"."PRODUCT" WHERE 1=1 ORDER BY "public"."PRODUCT"."product_name" ASC LIMIT $1 OFFSET $2
prisma:query SELECT "public"."CATEGORY"."category_id", "public"."CATEGORY"."name", "public"."CATEGORY"."tag" FROM "public"."CATEGORY" WHERE "public"."CATEGORY"."category_id" IN ($1,$2,$3,$4,$5,$6,$7,$8,$9,$10,$11,$12,$13,$14,$15,$16,$17,$18,$19,$20) OFFSET $21
prisma:query COMMIT
 GET /inventory/products 200 in 2.1s (next.js: 8ms, application-code: 2.1s)
prisma:query SELECT "public"."CATEGORY"."category_id", "public"."CATEGORY"."name", "public"."CATEGORY"."tag" FROM "public"."CATEGORY" WHERE 1=1 ORDER BY "public"."CATEGORY"."name" ASC OFFSET $1
 GET /api/categories 200 in 204ms (next.js: 4ms, application-code: 201ms)
prisma:query SELECT AVG("selling_price") AS "_avg$selling_price", MAX("selling_price") AS "_max$selling_price" FROM (SELECT "public"."PRODUCT"."selling_price" FROM "public"."PRODUCT" WHERE 1=1 OFFSET $1) AS "sub"
prisma:query SELECT COUNT(*) AS "_count$_all" FROM (SELECT "public"."PRODUCT"."product_id" FROM "public"."PRODUCT" WHERE 1=1 OFFSET $1) AS "sub"
prisma:query SELECT "public"."PRODUCT"."product_id", "public"."PRODUCT"."category_id", "public"."PRODUCT"."product_code", "public"."PRODUCT"."product_name", "public"."PRODUCT"."pack_size", "public"."PRODUCT"."selling_price" FROM "public"."PRODUCT" WHERE 1=1 ORDER BY "public"."PRODUCT"."product_name" ASC LIMIT $1 OFFSET $2
prisma:query SELECT "public"."CATEGORY"."category_id", "public"."CATEGORY"."name", "public"."CATEGORY"."tag" FROM "public"."CATEGORY" WHERE "public"."CATEGORY"."category_id" IN ($1,$2,$3,$4,$5,$6,$7,$8,$9,$10,$11,$12,$13,$14,$15,$16,$17,$18,$19,$20) OFFSET $21
prisma:query COMMIT
 GET /api/products?page=1&pageSize=20 200 in 1757ms (next.js: 5ms, application-code: 1752ms)
prisma:query SELECT AVG("selling_price") AS "_avg$selling_price", MAX("selling_price") AS "_max$selling_price" FROM (SELECT "public"."PRODUCT"."selling_price" FROM "public"."PRODUCT" WHERE 1=1 OFFSET $1) AS "sub"
prisma:query SELECT COUNT(*) AS "_count$_all" FROM (SELECT "public"."PRODUCT"."product_id" FROM "public"."PRODUCT" WHERE 1=1 OFFSET $1) AS "sub"
prisma:query SELECT "public"."PRODUCT"."product_id", "public"."PRODUCT"."category_id", "public"."PRODUCT"."product_code", "public"."PRODUCT"."product_name", "public"."PRODUCT"."pack_size", "public"."PRODUCT"."selling_price" FROM "public"."PRODUCT" WHERE 1=1 ORDER BY "public"."PRODUCT"."product_name" ASC LIMIT $1 OFFSET $2
prisma:query SELECT "public"."CATEGORY"."category_id", "public"."CATEGORY"."name", "public"."CATEGORY"."tag" FROM "public"."CATEGORY" WHERE "public"."CATEGORY"."category_id" IN ($1,$2,$3,$4,$5,$6,$7,$8,$9,$10,$11,$12,$13,$14,$15,$16,$17,$18,$19,$20) OFFSET $21
prisma:query COMMIT
 GET /api/products?page=2&pageSize=20 200 in 988ms (next.js: 7ms, application-code: 981ms)
prisma:query SELECT COUNT(*) AS "_count$_all" FROM (SELECT "public"."STOCK"."stock_id" FROM "public"."STOCK" WHERE 1=1 OFFSET $1) AS "sub"
prisma:query SELECT "public"."STOCK"."stock_id", "public"."STOCK"."product_id", "public"."STOCK"."location_id", "public"."STOCK"."quantity_on_hand" FROM "public"."STOCK" LEFT JOIN "public"."INVENTORY_LOCATION" AS "orderby_1" ON ("orderby_1"."location_id") = ("public"."STOCK"."location_id") LEFT JOIN "public"."PRODUCT" AS "orderby_2" ON ("orderby_2"."product_id") = ("public"."STOCK"."product_id") WHERE 1=1 ORDER BY "orderby_1"."location_id" ASC, "orderby_2"."product_name" ASC LIMIT $1 OFFSET $2
prisma:query SELECT "public"."PRODUCT"."product_id", "public"."PRODUCT"."category_id", "public"."PRODUCT"."product_code", "public"."PRODUCT"."product_name", "public"."PRODUCT"."pack_size", "public"."PRODUCT"."selling_price" FROM "public"."PRODUCT" WHERE "public"."PRODUCT"."product_id" IN ($1,$2,$3,$4,$5,$6,$7,$8,$9,$10,$11,$12,$13,$14,$15,$16,$17) OFFSET $18
prisma:query SELECT "public"."INVENTORY_LOCATION"."location_id", "public"."INVENTORY_LOCATION"."code", "public"."INVENTORY_LOCATION"."name" FROM "public"."INVENTORY_LOCATION" WHERE "public"."INVENTORY_LOCATION"."location_id" IN ($1,$2,$3,$4,$5,$6,$7,$8,$9,$10,$11,$12,$13,$14,$15,$16,$17) OFFSET $18
prisma:query SELECT "public"."CATEGORY"."category_id", "public"."CATEGORY"."name", "public"."CATEGORY"."tag" FROM "public"."CATEGORY" WHERE "public"."CATEGORY"."category_id" IN ($1,$2,$3,$4,$5,$6,$7,$8,$9,$10,$11,$12,$13) OFFSET $14
prisma:query COMMIT
prisma:query 
      SELECT
        l.location_id,
        l.code,
        l.name,
        COUNT(s.stock_id)                                                     AS total_products,
        COALESCE(SUM(s.quantity_on_hand), 0)                                  AS total_units,
        COUNT(CASE WHEN s.quantity_on_hand > 0
                    AND s.quantity_on_hand < $1 THEN 1 END)     AS low_count,
        COUNT(CASE WHEN s.quantity_on_hand <= 0              THEN 1 END)      AS out_count
      FROM "INVENTORY_LOCATION" l
      LEFT JOIN "STOCK" s ON s.location_id = l.location_id
      GROUP BY l.location_id, l.code, l.name
      ORDER BY l.location_id
    
prisma:query SELECT COUNT(*) AS "_count$_all" FROM (SELECT "public"."STOCK_MOVEMENT"."movement_id" FROM "public"."STOCK_MOVEMENT" WHERE 1=1 OFFSET $1) AS "sub"
prisma:query SELECT "public"."STOCK_MOVEMENT"."movement_id", "public"."STOCK_MOVEMENT"."stock_id", "public"."STOCK_MOVEMENT"."created_by", "public"."STOCK_MOVEMENT"."movement_type"::text, "public"."STOCK_MOVEMENT"."quantity", "public"."STOCK_MOVEMENT"."movement_date", "public"."STOCK_MOVEMENT"."notes", "public"."STOCK_MOVEMENT"."product_id" FROM "public"."STOCK_MOVEMENT" WHERE 1=1 ORDER BY "public"."STOCK_MOVEMENT"."movement_date" DESC LIMIT $1 OFFSET $2
prisma:query SELECT "public"."STOCK"."stock_id", "public"."STOCK"."product_id", "public"."STOCK"."location_id", "public"."STOCK"."quantity_on_hand" FROM "public"."STOCK" WHERE "public"."STOCK"."stock_id" IN ($1,$2,$3,$4,$5,$6,$7,$8,$9,$10,$11,$12,$13,$14,$15,$16,$17,$18,$19,$20) OFFSET $21
prisma:query SELECT "public"."PRODUCT"."product_id", "public"."PRODUCT"."category_id", "public"."PRODUCT"."product_code", "public"."PRODUCT"."product_name", "public"."PRODUCT"."pack_size", "public"."PRODUCT"."selling_price" FROM "public"."PRODUCT" WHERE "public"."PRODUCT"."product_id" IN ($1,$2,$3,$4,$5,$6,$7,$8,$9,$10,$11,$12,$13,$14,$15,$16,$17,$18,$19,$20) OFFSET $21
prisma:query SELECT "public"."USER"."user_id", "public"."USER"."role_id", "public"."USER"."full_name", "public"."USER"."username", "public"."USER"."password_hash" FROM "public"."USER" WHERE "public"."USER"."user_id" IN ($1,$2,$3,$4,$5,$6,$7,$8,$9,$10,$11,$12,$13,$14,$15,$16,$17,$18,$19,$20) OFFSET $21
prisma:query SELECT "public"."INVENTORY_LOCATION"."location_id", "public"."INVENTORY_LOCATION"."code", "public"."INVENTORY_LOCATION"."name" FROM "public"."INVENTORY_LOCATION" WHERE "public"."INVENTORY_LOCATION"."location_id" IN ($1) OFFSET $2
prisma:query COMMIT
 GET /inventory 200 in 3.1s (next.js: 14ms, application-code: 3.1s)
prisma:query SELECT "public"."INVENTORY_LOCATION"."location_id", "public"."INVENTORY_LOCATION"."code", "public"."INVENTORY_LOCATION"."name" FROM "public"."INVENTORY_LOCATION" WHERE 1=1 ORDER BY "public"."INVENTORY_LOCATION"."location_id" ASC OFFSET $1
 GET /api/locations 200 in 204ms (next.js: 5ms, application-code: 199ms)
 GET /inventory/movements 200 in 324ms (next.js: 3ms, application-code: 321ms)
prisma:query SELECT COUNT(*) AS "_count$_all" FROM (SELECT "public"."STOCK_MOVEMENT"."movement_id" FROM "public"."STOCK_MOVEMENT" WHERE 1=1 OFFSET $1) AS "sub"
prisma:query SELECT "public"."STOCK_MOVEMENT"."movement_id", "public"."STOCK_MOVEMENT"."stock_id", "public"."STOCK_MOVEMENT"."created_by", "public"."STOCK_MOVEMENT"."movement_type"::text, "public"."STOCK_MOVEMENT"."quantity", "public"."STOCK_MOVEMENT"."movement_date", "public"."STOCK_MOVEMENT"."notes", "public"."STOCK_MOVEMENT"."product_id" FROM "public"."STOCK_MOVEMENT" WHERE 1=1 ORDER BY "public"."STOCK_MOVEMENT"."movement_date" DESC LIMIT $1 OFFSET $2
prisma:query SELECT "public"."STOCK"."stock_id", "public"."STOCK"."product_id", "public"."STOCK"."location_id", "public"."STOCK"."quantity_on_hand" FROM "public"."STOCK" WHERE "public"."STOCK"."stock_id" IN ($1,$2,$3,$4,$5,$6,$7,$8,$9,$10,$11,$12,$13,$14,$15,$16,$17,$18,$19,$20) OFFSET $21
prisma:query SELECT "public"."PRODUCT"."product_id", "public"."PRODUCT"."category_id", "public"."PRODUCT"."product_code", "public"."PRODUCT"."product_name", "public"."PRODUCT"."pack_size", "public"."PRODUCT"."selling_price" FROM "public"."PRODUCT" WHERE "public"."PRODUCT"."product_id" IN ($1,$2,$3,$4,$5,$6,$7,$8,$9,$10,$11,$12,$13,$14,$15,$16,$17,$18,$19,$20) OFFSET $21
prisma:query SELECT "public"."USER"."user_id", "public"."USER"."role_id", "public"."USER"."full_name", "public"."USER"."username", "public"."USER"."password_hash" FROM "public"."USER" WHERE "public"."USER"."user_id" IN ($1,$2,$3,$4,$5,$6,$7,$8,$9,$10,$11,$12,$13,$14,$15,$16,$17,$18,$19,$20) OFFSET $21
prisma:query SELECT "public"."INVENTORY_LOCATION"."location_id", "public"."INVENTORY_LOCATION"."code", "public"."INVENTORY_LOCATION"."name" FROM "public"."INVENTORY_LOCATION" WHERE "public"."INVENTORY_LOCATION"."location_id" IN ($1) OFFSET $2
prisma:query COMMIT
 GET /api/stock-movements?page=1&pageSize=20 200 in 1550ms (next.js: 4ms, application-code: 1546ms)
 GET / 200 in 2.6s (next.js: 302ms, application-code: 2.3s)
 GET / 200 in 259ms (next.js: 15ms, application-code: 244ms)
prisma:query SELECT "public"."CATEGORY"."category_id", "public"."CATEGORY"."name", "public"."CATEGORY"."tag" FROM "public"."CATEGORY" WHERE 1=1 ORDER BY "public"."CATEGORY"."name" ASC OFFSET $1
 GET /api/categories 200 in 1588ms (next.js: 15ms, application-code: 1574ms)
prisma:query SELECT "public"."INVENTORY_LOCATION"."location_id", "public"."INVENTORY_LOCATION"."code", "public"."INVENTORY_LOCATION"."name" FROM "public"."INVENTORY_LOCATION" WHERE 1=1 ORDER BY "public"."INVENTORY_LOCATION"."location_id" ASC OFFSET $1
 GET /api/locations 200 in 233ms (next.js: 15ms, application-code: 218ms)
prisma:query SELECT "public"."STOCK"."stock_id", "public"."STOCK"."product_id", "public"."STOCK"."location_id", "public"."STOCK"."quantity_on_hand" FROM "public"."STOCK" WHERE ("public"."STOCK"."product_id" = $1 AND "public"."STOCK"."location_id" = $2) LIMIT $3 OFFSET $4
prisma:query SELECT COUNT(*) AS "_count$_all" FROM (SELECT "public"."STOCK"."stock_id" FROM "public"."STOCK" WHERE 1=1 OFFSET $1) AS "sub"
prisma:query UPDATE "public"."STOCK" SET "quantity_on_hand" = ("public"."STOCK"."quantity_on_hand" + $1) WHERE ("public"."STOCK"."stock_id" = $2 AND 1=1) RETURNING "public"."STOCK"."stock_id", "public"."STOCK"."product_id", "public"."STOCK"."location_id", "public"."STOCK"."quantity_on_hand"
prisma:query SELECT "public"."STOCK"."stock_id", "public"."STOCK"."product_id", "public"."STOCK"."location_id", "public"."STOCK"."quantity_on_hand" FROM "public"."STOCK" LEFT JOIN "public"."INVENTORY_LOCATION" AS "orderby_1" ON ("orderby_1"."location_id") = ("public"."STOCK"."location_id") LEFT JOIN "public"."PRODUCT" AS "orderby_2" ON ("orderby_2"."product_id") = ("public"."STOCK"."product_id") WHERE 1=1 ORDER BY "orderby_1"."location_id" ASC, "orderby_2"."product_name" ASC LIMIT $1 OFFSET $2
prisma:query INSERT INTO "public"."STOCK_MOVEMENT" ("stock_id","created_by","movement_type","quantity","movement_date","notes","product_id") VALUES ($1,$2,CAST($3::text AS "public"."MovementType"),$4,$5,$6,$7) RETURNING "public"."STOCK_MOVEMENT"."movement_id", "public"."STOCK_MOVEMENT"."stock_id", "public"."STOCK_MOVEMENT"."created_by", "public"."STOCK_MOVEMENT"."movement_type"::text, "public"."STOCK_MOVEMENT"."quantity", "public"."STOCK_MOVEMENT"."movement_date", "public"."STOCK_MOVEMENT"."notes", "public"."STOCK_MOVEMENT"."product_id"
"revalidateTag" without the second argument is now deprecated, add second argument of "max" or use "updateTag". See more info here: https://nextjs.org/docs/messages/revalidate-tag-single-arg
 POST /api/inventory/stock 201 in 747ms (next.js: 40ms, application-code: 707ms)
prisma:query SELECT "public"."PRODUCT"."product_id", "public"."PRODUCT"."category_id", "public"."PRODUCT"."product_code", "public"."PRODUCT"."product_name", "public"."PRODUCT"."pack_size", "public"."PRODUCT"."selling_price" FROM "public"."PRODUCT" WHERE "public"."PRODUCT"."product_id" IN ($1,$2,$3,$4,$5,$6,$7,$8,$9,$10,$11,$12,$13,$14,$15,$16,$17) OFFSET $18
prisma:query SELECT "public"."INVENTORY_LOCATION"."location_id", "public"."INVENTORY_LOCATION"."code", "public"."INVENTORY_LOCATION"."name" FROM "public"."INVENTORY_LOCATION" WHERE "public"."INVENTORY_LOCATION"."location_id" IN ($1,$2,$3,$4,$5,$6,$7,$8,$9,$10,$11,$12,$13,$14,$15,$16,$17) OFFSET $18
prisma:query SELECT "public"."PRODUCT"."product_id", "public"."PRODUCT"."category_id", "public"."PRODUCT"."product_code", "public"."PRODUCT"."product_name", "public"."PRODUCT"."pack_size", "public"."PRODUCT"."selling_price" FROM "public"."PRODUCT" WHERE "public"."PRODUCT"."product_code" = $1 LIMIT $2 OFFSET $3
prisma:query SELECT "public"."CATEGORY"."category_id", "public"."CATEGORY"."name", "public"."CATEGORY"."tag" FROM "public"."CATEGORY" WHERE "public"."CATEGORY"."category_id" IN ($1,$2,$3,$4,$5,$6,$7,$8,$9,$10,$11,$12,$13) OFFSET $14
prisma:query SELECT "public"."INVENTORY_LOCATION"."location_id", "public"."INVENTORY_LOCATION"."code", "public"."INVENTORY_LOCATION"."name" FROM "public"."INVENTORY_LOCATION" WHERE "public"."INVENTORY_LOCATION"."code" = $1 LIMIT $2 OFFSET $3
 POST /api/inventory/import 400 in 437ms (next.js: 17ms, application-code: 420ms)
prisma:query COMMIT
prisma:query 
      SELECT
        l.location_id,
        l.code,
        l.name,
        COUNT(s.stock_id)                                                     AS total_products,
        COALESCE(SUM(s.quantity_on_hand), 0)                                  AS total_units,
        COUNT(CASE WHEN s.quantity_on_hand > 0
                    AND s.quantity_on_hand < $1 THEN 1 END)     AS low_count,
        COUNT(CASE WHEN s.quantity_on_hand <= 0              THEN 1 END)      AS out_count
      FROM "INVENTORY_LOCATION" l
      LEFT JOIN "STOCK" s ON s.location_id = l.location_id
      GROUP BY l.location_id, l.code, l.name
      ORDER BY l.location_id
    
prisma:query SELECT COUNT(*) AS "_count$_all" FROM (SELECT "public"."STOCK_MOVEMENT"."movement_id" FROM "public"."STOCK_MOVEMENT" WHERE 1=1 OFFSET $1) AS "sub"
prisma:query SELECT "public"."STOCK_MOVEMENT"."movement_id", "public"."STOCK_MOVEMENT"."stock_id", "public"."STOCK_MOVEMENT"."created_by", "public"."STOCK_MOVEMENT"."movement_type"::text, "public"."STOCK_MOVEMENT"."quantity", "public"."STOCK_MOVEMENT"."movement_date", "public"."STOCK_MOVEMENT"."notes", "public"."STOCK_MOVEMENT"."product_id" FROM "public"."STOCK_MOVEMENT" WHERE 1=1 ORDER BY "public"."STOCK_MOVEMENT"."movement_date" DESC LIMIT $1 OFFSET $2
prisma:query SELECT "public"."STOCK"."stock_id", "public"."STOCK"."product_id", "public"."STOCK"."location_id", "public"."STOCK"."quantity_on_hand" FROM "public"."STOCK" WHERE "public"."STOCK"."stock_id" IN ($1,$2,$3,$4,$5,$6,$7,$8,$9,$10,$11,$12,$13,$14,$15,$16,$17,$18,$19,$20) OFFSET $21
prisma:query SELECT "public"."PRODUCT"."product_id", "public"."PRODUCT"."category_id", "public"."PRODUCT"."product_code", "public"."PRODUCT"."product_name", "public"."PRODUCT"."pack_size", "public"."PRODUCT"."selling_price" FROM "public"."PRODUCT" WHERE "public"."PRODUCT"."product_id" IN ($1,$2,$3,$4,$5,$6,$7,$8,$9,$10,$11,$12,$13,$14,$15,$16,$17,$18,$19,$20) OFFSET $21
prisma:query SELECT "public"."USER"."user_id", "public"."USER"."role_id", "public"."USER"."full_name", "public"."USER"."username", "public"."USER"."password_hash" FROM "public"."USER" WHERE "public"."USER"."user_id" IN ($1,$2,$3,$4,$5,$6,$7,$8,$9,$10,$11,$12,$13,$14,$15,$16,$17,$18,$19,$20) OFFSET $21
prisma:query SELECT "public"."INVENTORY_LOCATION"."location_id", "public"."INVENTORY_LOCATION"."code", "public"."INVENTORY_LOCATION"."name" FROM "public"."INVENTORY_LOCATION" WHERE "public"."INVENTORY_LOCATION"."location_id" IN ($1) OFFSET $2
prisma:query UPDATE "public"."PRODUCT" SET "product_name" = $1, "selling_price" = $2 WHERE ("public"."PRODUCT"."product_id" = $3 AND 1=1) RETURNING "public"."PRODUCT"."product_id", "public"."PRODUCT"."category_id", "public"."PRODUCT"."product_code", "public"."PRODUCT"."product_name", "public"."PRODUCT"."pack_size", "public"."PRODUCT"."selling_price"
prisma:query COMMIT
prisma:query SELECT "public"."PRODUCT"."product_id", "public"."PRODUCT"."category_id", "public"."PRODUCT"."product_code", "public"."PRODUCT"."product_name", "public"."PRODUCT"."pack_size", "public"."PRODUCT"."selling_price" FROM "public"."PRODUCT" WHERE "public"."PRODUCT"."product_id" = $1 LIMIT $2 OFFSET $3
 GET /inventory 200 in 4.8s (next.js: 33ms, application-code: 4.8s)
prisma:query SELECT "public"."CATEGORY"."category_id", "public"."CATEGORY"."name", "public"."CATEGORY"."tag" FROM "public"."CATEGORY" WHERE "public"."CATEGORY"."category_id" = $1 OFFSET $2
prisma:query COMMIT
"revalidateTag" without the second argument is now deprecated, add second argument of "max" or use "updateTag". See more info here: https://nextjs.org/docs/messages/revalidate-tag-single-arg
 PATCH /api/products/1 200 in 2.4s (next.js: 467ms, application-code: 1940ms)
prisma:query SELECT "public"."STOCK"."stock_id", "public"."STOCK"."product_id", "public"."STOCK"."location_id", "public"."STOCK"."quantity_on_hand" FROM "public"."STOCK" WHERE "public"."STOCK"."product_id" = $1 LIMIT $2 OFFSET $3
prisma:query DELETE FROM "public"."PRODUCT" WHERE ("public"."PRODUCT"."product_id" = $1 AND 1=1) RETURNING "public"."PRODUCT"."product_id", "public"."PRODUCT"."category_id", "public"."PRODUCT"."product_code", "public"."PRODUCT"."product_name", "public"."PRODUCT"."pack_size", "public"."PRODUCT"."selling_price"
prisma:error 
Invalid `prisma.product.delete()` invocation:


An operation failed because it depends on one or more records that were required but not found. No record was found for a delete.
 DELETE /api/products/9999 400 in 664ms (next.js: 67ms, application-code: 597ms)
prisma:query SELECT "public"."INVENTORY_LOCATION"."location_id", "public"."INVENTORY_LOCATION"."code", "public"."INVENTORY_LOCATION"."name" FROM "public"."INVENTORY_LOCATION" WHERE 1=1 ORDER BY "public"."INVENTORY_LOCATION"."location_id" ASC OFFSET $1
 GET /api/locations 200 in 419ms (next.js: 45ms, application-code: 373ms)
prisma:query SELECT "public"."STOCK_MOVEMENT"."movement_id", "public"."STOCK_MOVEMENT"."stock_id", "public"."STOCK_MOVEMENT"."created_by", "public"."STOCK_MOVEMENT"."movement_type"::text, "public"."STOCK_MOVEMENT"."quantity", "public"."STOCK_MOVEMENT"."movement_date", "public"."STOCK_MOVEMENT"."notes", "public"."STOCK_MOVEMENT"."product_id" FROM "public"."STOCK_MOVEMENT" WHERE ("public"."STOCK_MOVEMENT"."movement_id" = $1 AND 1=1) LIMIT $2 OFFSET $3
[DELETE /api/stock-movements/9999] Error: Movement not found
    at deleteMovement (lib/inventoryService.ts:457:24)
    at async DELETE (app/api/stock-movements/[movementId]/route.ts:7:5)
  455 | export async function deleteMovement(movementId: number) {
  456 |   const movement = await prisma.stockMovement.findUnique({ where: { movement_id: movement...
> 457 |   if (!movement) throw new Error("Movement not found");
      |                        ^
  458 |
  459 |   const stock = await prisma.stock.findUnique({ where: { stock_id: movement.stock_id } });
  460 |   if (!stock) throw new Error("Stock not found");
 DELETE /api/stock-movements/9999 400 in 4.4s (next.js: 222ms, application-code: 4.2s)
prisma:query SELECT COUNT(*) AS "_count$_all" FROM (SELECT "public"."STOCK"."stock_id" FROM "public"."STOCK" WHERE 1=1 OFFSET $1) AS "sub"
prisma:query SELECT "public"."STOCK"."stock_id", "public"."STOCK"."product_id", "public"."STOCK"."location_id", "public"."STOCK"."quantity_on_hand" FROM "public"."STOCK" LEFT JOIN "public"."INVENTORY_LOCATION" AS "orderby_1" ON ("orderby_1"."location_id") = ("public"."STOCK"."location_id") LEFT JOIN "public"."PRODUCT" AS "orderby_2" ON ("orderby_2"."product_id") = ("public"."STOCK"."product_id") WHERE 1=1 ORDER BY "orderby_1"."location_id" ASC, "orderby_2"."product_name" ASC LIMIT $1 OFFSET $2
prisma:query SELECT "public"."PRODUCT"."product_id", "public"."PRODUCT"."category_id", "public"."PRODUCT"."product_code", "public"."PRODUCT"."product_name", "public"."PRODUCT"."pack_size", "public"."PRODUCT"."selling_price" FROM "public"."PRODUCT" WHERE "public"."PRODUCT"."product_id" IN ($1,$2,$3,$4,$5,$6,$7,$8,$9,$10,$11,$12,$13,$14,$15,$16,$17) OFFSET $18
prisma:query SELECT "public"."INVENTORY_LOCATION"."location_id", "public"."INVENTORY_LOCATION"."code", "public"."INVENTORY_LOCATION"."name" FROM "public"."INVENTORY_LOCATION" WHERE "public"."INVENTORY_LOCATION"."location_id" IN ($1,$2,$3,$4,$5,$6,$7,$8,$9,$10,$11,$12,$13,$14,$15,$16,$17) OFFSET $18
prisma:query SELECT "public"."CATEGORY"."category_id", "public"."CATEGORY"."name", "public"."CATEGORY"."tag" FROM "public"."CATEGORY" WHERE "public"."CATEGORY"."category_id" IN ($1,$2,$3,$4,$5,$6,$7,$8,$9,$10,$11,$12,$13) OFFSET $14
prisma:query COMMIT
prisma:query 
      SELECT
        l.location_id,
        l.code,
        l.name,
        COUNT(s.stock_id)                                                     AS total_products,
        COALESCE(SUM(s.quantity_on_hand), 0)                                  AS total_units,
        COUNT(CASE WHEN s.quantity_on_hand > 0
                    AND s.quantity_on_hand < $1 THEN 1 END)     AS low_count,
        COUNT(CASE WHEN s.quantity_on_hand <= 0              THEN 1 END)      AS out_count
      FROM "INVENTORY_LOCATION" l
      LEFT JOIN "STOCK" s ON s.location_id = l.location_id
      GROUP BY l.location_id, l.code, l.name
      ORDER BY l.location_id
    
prisma:query SELECT COUNT(*) AS "_count$_all" FROM (SELECT "public"."STOCK_MOVEMENT"."movement_id" FROM "public"."STOCK_MOVEMENT" WHERE 1=1 OFFSET $1) AS "sub"
prisma:query SELECT "public"."STOCK_MOVEMENT"."movement_id", "public"."STOCK_MOVEMENT"."stock_id", "public"."STOCK_MOVEMENT"."created_by", "public"."STOCK_MOVEMENT"."movement_type"::text, "public"."STOCK_MOVEMENT"."quantity", "public"."STOCK_MOVEMENT"."movement_date", "public"."STOCK_MOVEMENT"."notes", "public"."STOCK_MOVEMENT"."product_id" FROM "public"."STOCK_MOVEMENT" WHERE 1=1 ORDER BY "public"."STOCK_MOVEMENT"."movement_date" DESC LIMIT $1 OFFSET $2
prisma:query SELECT "public"."STOCK"."stock_id", "public"."STOCK"."product_id", "public"."STOCK"."location_id", "public"."STOCK"."quantity_on_hand" FROM "public"."STOCK" WHERE "public"."STOCK"."stock_id" IN ($1,$2,$3,$4,$5,$6,$7,$8,$9,$10,$11,$12,$13,$14,$15,$16,$17,$18,$19,$20) OFFSET $21
prisma:query SELECT "public"."PRODUCT"."product_id", "public"."PRODUCT"."category_id", "public"."PRODUCT"."product_code", "public"."PRODUCT"."product_name", "public"."PRODUCT"."pack_size", "public"."PRODUCT"."selling_price" FROM "public"."PRODUCT" WHERE "public"."PRODUCT"."product_id" IN ($1,$2,$3,$4,$5,$6,$7,$8,$9,$10,$11,$12,$13,$14,$15,$16,$17,$18,$19,$20) OFFSET $21
prisma:query SELECT "public"."USER"."user_id", "public"."USER"."role_id", "public"."USER"."full_name", "public"."USER"."username", "public"."USER"."password_hash" FROM "public"."USER" WHERE "public"."USER"."user_id" IN ($1,$2,$3,$4,$5,$6,$7,$8,$9,$10,$11,$12,$13,$14,$15,$16,$17,$18,$19,$20) OFFSET $21
prisma:query SELECT "public"."INVENTORY_LOCATION"."location_id", "public"."INVENTORY_LOCATION"."code", "public"."INVENTORY_LOCATION"."name" FROM "public"."INVENTORY_LOCATION" WHERE "public"."INVENTORY_LOCATION"."location_id" IN ($1) OFFSET $2
prisma:query COMMIT
 GET /inventory 200 in 3.3s (next.js: 8ms, application-code: 3.3s)
prisma:query SELECT "public"."INVENTORY_LOCATION"."location_id", "public"."INVENTORY_LOCATION"."code", "public"."INVENTORY_LOCATION"."name" FROM "public"."INVENTORY_LOCATION" WHERE 1=1 ORDER BY "public"."INVENTORY_LOCATION"."location_id" ASC OFFSET $1
 GET /api/locations 200 in 215ms (next.js: 10ms, application-code: 205ms)
prisma:query SELECT COUNT(*) AS "_count$_all" FROM (SELECT "public"."STOCK"."stock_id" FROM "public"."STOCK" WHERE 1=1 OFFSET $1) AS "sub"
prisma:query SELECT "public"."STOCK"."stock_id", "public"."STOCK"."product_id", "public"."STOCK"."location_id", "public"."STOCK"."quantity_on_hand" FROM "public"."STOCK" LEFT JOIN "public"."INVENTORY_LOCATION" AS "orderby_1" ON ("orderby_1"."location_id") = ("public"."STOCK"."location_id") LEFT JOIN "public"."PRODUCT" AS "orderby_2" ON ("orderby_2"."product_id") = ("public"."STOCK"."product_id") WHERE 1=1 ORDER BY "orderby_1"."location_id" ASC, "orderby_2"."product_name" ASC LIMIT $1 OFFSET $2
prisma:query SELECT "public"."PRODUCT"."product_id", "public"."PRODUCT"."category_id", "public"."PRODUCT"."product_code", "public"."PRODUCT"."product_name", "public"."PRODUCT"."pack_size", "public"."PRODUCT"."selling_price" FROM "public"."PRODUCT" WHERE "public"."PRODUCT"."product_id" IN ($1,$2,$3,$4,$5,$6,$7,$8,$9,$10,$11,$12,$13,$14,$15,$16,$17) OFFSET $18
prisma:query SELECT "public"."INVENTORY_LOCATION"."location_id", "public"."INVENTORY_LOCATION"."code", "public"."INVENTORY_LOCATION"."name" FROM "public"."INVENTORY_LOCATION" WHERE "public"."INVENTORY_LOCATION"."location_id" IN ($1,$2,$3,$4,$5,$6,$7,$8,$9,$10,$11,$12,$13,$14,$15,$16,$17) OFFSET $18
prisma:query SELECT "public"."CATEGORY"."category_id", "public"."CATEGORY"."name", "public"."CATEGORY"."tag" FROM "public"."CATEGORY" WHERE "public"."CATEGORY"."category_id" IN ($1,$2,$3,$4,$5,$6,$7,$8,$9,$10,$11,$12,$13) OFFSET $14
prisma:query COMMIT
prisma:query SELECT COUNT(*) AS "_count$_all" FROM (SELECT "public"."STOCK_MOVEMENT"."movement_id" FROM "public"."STOCK_MOVEMENT" WHERE 1=1 OFFSET $1) AS "sub"
prisma:query SELECT "public"."STOCK_MOVEMENT"."movement_id", "public"."STOCK_MOVEMENT"."stock_id", "public"."STOCK_MOVEMENT"."created_by", "public"."STOCK_MOVEMENT"."movement_type"::text, "public"."STOCK_MOVEMENT"."quantity", "public"."STOCK_MOVEMENT"."movement_date", "public"."STOCK_MOVEMENT"."notes", "public"."STOCK_MOVEMENT"."product_id" FROM "public"."STOCK_MOVEMENT" WHERE 1=1 ORDER BY "public"."STOCK_MOVEMENT"."movement_date" DESC LIMIT $1 OFFSET $2
prisma:query SELECT "public"."STOCK"."stock_id", "public"."STOCK"."product_id", "public"."STOCK"."location_id", "public"."STOCK"."quantity_on_hand" FROM "public"."STOCK" WHERE "public"."STOCK"."stock_id" IN ($1,$2,$3,$4,$5,$6,$7,$8,$9,$10,$11,$12,$13,$14,$15,$16,$17,$18,$19,$20) OFFSET $21
prisma:query SELECT "public"."PRODUCT"."product_id", "public"."PRODUCT"."category_id", "public"."PRODUCT"."product_code", "public"."PRODUCT"."product_name", "public"."PRODUCT"."pack_size", "public"."PRODUCT"."selling_price" FROM "public"."PRODUCT" WHERE "public"."PRODUCT"."product_id" IN ($1,$2,$3,$4,$5,$6,$7,$8,$9,$10,$11,$12,$13,$14,$15,$16,$17,$18,$19,$20) OFFSET $21
prisma:query SELECT "public"."USER"."user_id", "public"."USER"."role_id", "public"."USER"."full_name", "public"."USER"."username", "public"."USER"."password_hash" FROM "public"."USER" WHERE "public"."USER"."user_id" IN ($1,$2,$3,$4,$5,$6,$7,$8,$9,$10,$11,$12,$13,$14,$15,$16,$17,$18,$19,$20) OFFSET $21
prisma:query SELECT "public"."INVENTORY_LOCATION"."location_id", "public"."INVENTORY_LOCATION"."code", "public"."INVENTORY_LOCATION"."name" FROM "public"."INVENTORY_LOCATION" WHERE "public"."INVENTORY_LOCATION"."location_id" IN ($1) OFFSET $2
prisma:query COMMIT
 GET /inventory 200 in 3.1s (next.js: 4ms, application-code: 3.1s)
prisma:query SELECT "public"."INVENTORY_LOCATION"."location_id", "public"."INVENTORY_LOCATION"."code", "public"."INVENTORY_LOCATION"."name" FROM "public"."INVENTORY_LOCATION" WHERE 1=1 ORDER BY "public"."INVENTORY_LOCATION"."location_id" ASC OFFSET $1
 GET /api/locations 200 in 206ms (next.js: 3ms, application-code: 203ms)
prisma:query SELECT COUNT(*) AS "_count$_all" FROM (SELECT "public"."STOCK"."stock_id" FROM "public"."STOCK" WHERE 1=1 OFFSET $1) AS "sub"
prisma:query SELECT "public"."STOCK"."stock_id", "public"."STOCK"."product_id", "public"."STOCK"."location_id", "public"."STOCK"."quantity_on_hand" FROM "public"."STOCK" LEFT JOIN "public"."INVENTORY_LOCATION" AS "orderby_1" ON ("orderby_1"."location_id") = ("public"."STOCK"."location_id") LEFT JOIN "public"."PRODUCT" AS "orderby_2" ON ("orderby_2"."product_id") = ("public"."STOCK"."product_id") WHERE 1=1 ORDER BY "orderby_1"."location_id" ASC, "orderby_2"."product_name" ASC LIMIT $1 OFFSET $2
prisma:query SELECT "public"."PRODUCT"."product_id", "public"."PRODUCT"."category_id", "public"."PRODUCT"."product_code", "public"."PRODUCT"."product_name", "public"."PRODUCT"."pack_size", "public"."PRODUCT"."selling_price" FROM "public"."PRODUCT" WHERE "public"."PRODUCT"."product_id" IN ($1,$2,$3,$4,$5,$6,$7,$8,$9,$10,$11,$12,$13,$14,$15,$16,$17) OFFSET $18
prisma:query SELECT "public"."INVENTORY_LOCATION"."location_id", "public"."INVENTORY_LOCATION"."code", "public"."INVENTORY_LOCATION"."name" FROM "public"."INVENTORY_LOCATION" WHERE "public"."INVENTORY_LOCATION"."location_id" IN ($1,$2,$3,$4,$5,$6,$7,$8,$9,$10,$11,$12,$13,$14,$15,$16,$17) OFFSET $18
prisma:query SELECT "public"."CATEGORY"."category_id", "public"."CATEGORY"."name", "public"."CATEGORY"."tag" FROM "public"."CATEGORY" WHERE "public"."CATEGORY"."category_id" IN ($1,$2,$3,$4,$5,$6,$7,$8,$9,$10,$11,$12,$13) OFFSET $14
prisma:query COMMIT
prisma:query SELECT COUNT(*) AS "_count$_all" FROM (SELECT "public"."STOCK_MOVEMENT"."movement_id" FROM "public"."STOCK_MOVEMENT" WHERE 1=1 OFFSET $1) AS "sub"
prisma:query SELECT "public"."STOCK_MOVEMENT"."movement_id", "public"."STOCK_MOVEMENT"."stock_id", "public"."STOCK_MOVEMENT"."created_by", "public"."STOCK_MOVEMENT"."movement_type"::text, "public"."STOCK_MOVEMENT"."quantity", "public"."STOCK_MOVEMENT"."movement_date", "public"."STOCK_MOVEMENT"."notes", "public"."STOCK_MOVEMENT"."product_id" FROM "public"."STOCK_MOVEMENT" WHERE 1=1 ORDER BY "public"."STOCK_MOVEMENT"."movement_date" DESC LIMIT $1 OFFSET $2
prisma:query SELECT "public"."STOCK"."stock_id", "public"."STOCK"."product_id", "public"."STOCK"."location_id", "public"."STOCK"."quantity_on_hand" FROM "public"."STOCK" WHERE "public"."STOCK"."stock_id" IN ($1,$2,$3,$4,$5,$6,$7,$8,$9,$10,$11,$12,$13,$14,$15,$16,$17,$18,$19,$20) OFFSET $21
prisma:query SELECT "public"."PRODUCT"."product_id", "public"."PRODUCT"."category_id", "public"."PRODUCT"."product_code", "public"."PRODUCT"."product_name", "public"."PRODUCT"."pack_size", "public"."PRODUCT"."selling_price" FROM "public"."PRODUCT" WHERE "public"."PRODUCT"."product_id" IN ($1,$2,$3,$4,$5,$6,$7,$8,$9,$10,$11,$12,$13,$14,$15,$16,$17,$18,$19,$20) OFFSET $21
prisma:query SELECT "public"."USER"."user_id", "public"."USER"."role_id", "public"."USER"."full_name", "public"."USER"."username", "public"."USER"."password_hash" FROM "public"."USER" WHERE "public"."USER"."user_id" IN ($1,$2,$3,$4,$5,$6,$7,$8,$9,$10,$11,$12,$13,$14,$15,$16,$17,$18,$19,$20) OFFSET $21
prisma:query SELECT "public"."INVENTORY_LOCATION"."location_id", "public"."INVENTORY_LOCATION"."code", "public"."INVENTORY_LOCATION"."name" FROM "public"."INVENTORY_LOCATION" WHERE "public"."INVENTORY_LOCATION"."location_id" IN ($1) OFFSET $2
prisma:query COMMIT
 GET /inventory 200 in 3.1s (next.js: 3ms, application-code: 3.1s)
 GET /api/locations 200 in 200ms (next.js: 3ms, application-code: 196ms)
prisma:query SELECT "public"."INVENTORY_LOCATION"."location_id", "public"."INVENTORY_LOCATION"."code", "public"."INVENTORY_LOCATION"."name" FROM "public"."INVENTORY_LOCATION" WHERE 1=1 ORDER BY "public"."INVENTORY_LOCATION"."location_id" ASC OFFSET $1
prisma:query SELECT COUNT(*) AS "_count$_all" FROM (SELECT "public"."STOCK"."stock_id" FROM "public"."STOCK" WHERE 1=1 OFFSET $1) AS "sub"
prisma:query SELECT "public"."STOCK"."stock_id", "public"."STOCK"."product_id", "public"."STOCK"."location_id", "public"."STOCK"."quantity_on_hand" FROM "public"."STOCK" LEFT JOIN "public"."INVENTORY_LOCATION" AS "orderby_1" ON ("orderby_1"."location_id") = ("public"."STOCK"."location_id") LEFT JOIN "public"."PRODUCT" AS "orderby_2" ON ("orderby_2"."product_id") = ("public"."STOCK"."product_id") WHERE 1=1 ORDER BY "orderby_1"."location_id" ASC, "orderby_2"."product_name" ASC LIMIT $1 OFFSET $2
prisma:query SELECT "public"."PRODUCT"."product_id", "public"."PRODUCT"."category_id", "public"."PRODUCT"."product_code", "public"."PRODUCT"."product_name", "public"."PRODUCT"."pack_size", "public"."PRODUCT"."selling_price" FROM "public"."PRODUCT" WHERE "public"."PRODUCT"."product_id" IN ($1,$2,$3,$4,$5,$6,$7,$8,$9,$10,$11,$12,$13,$14,$15,$16,$17) OFFSET $18
prisma:query SELECT "public"."INVENTORY_LOCATION"."location_id", "public"."INVENTORY_LOCATION"."code", "public"."INVENTORY_LOCATION"."name" FROM "public"."INVENTORY_LOCATION" WHERE "public"."INVENTORY_LOCATION"."location_id" IN ($1,$2,$3,$4,$5,$6,$7,$8,$9,$10,$11,$12,$13,$14,$15,$16,$17) OFFSET $18
prisma:query SELECT "public"."CATEGORY"."category_id", "public"."CATEGORY"."name", "public"."CATEGORY"."tag" FROM "public"."CATEGORY" WHERE "public"."CATEGORY"."category_id" IN ($1,$2,$3,$4,$5,$6,$7,$8,$9,$10,$11,$12,$13) OFFSET $14
prisma:query COMMIT
prisma:query SELECT COUNT(*) AS "_count$_all" FROM (SELECT "public"."STOCK_MOVEMENT"."movement_id" FROM "public"."STOCK_MOVEMENT" WHERE 1=1 OFFSET $1) AS "sub"
prisma:query SELECT "public"."STOCK_MOVEMENT"."movement_id", "public"."STOCK_MOVEMENT"."stock_id", "public"."STOCK_MOVEMENT"."created_by", "public"."STOCK_MOVEMENT"."movement_type"::text, "public"."STOCK_MOVEMENT"."quantity", "public"."STOCK_MOVEMENT"."movement_date", "public"."STOCK_MOVEMENT"."notes", "public"."STOCK_MOVEMENT"."product_id" FROM "public"."STOCK_MOVEMENT" WHERE 1=1 ORDER BY "public"."STOCK_MOVEMENT"."movement_date" DESC LIMIT $1 OFFSET $2
prisma:query SELECT "public"."STOCK"."stock_id", "public"."STOCK"."product_id", "public"."STOCK"."location_id", "public"."STOCK"."quantity_on_hand" FROM "public"."STOCK" WHERE "public"."STOCK"."stock_id" IN ($1,$2,$3,$4,$5,$6,$7,$8,$9,$10,$11,$12,$13,$14,$15,$16,$17,$18,$19,$20) OFFSET $21
prisma:query SELECT "public"."PRODUCT"."product_id", "public"."PRODUCT"."category_id", "public"."PRODUCT"."product_code", "public"."PRODUCT"."product_name", "public"."PRODUCT"."pack_size", "public"."PRODUCT"."selling_price" FROM "public"."PRODUCT" WHERE "public"."PRODUCT"."product_id" IN ($1,$2,$3,$4,$5,$6,$7,$8,$9,$10,$11,$12,$13,$14,$15,$16,$17,$18,$19,$20) OFFSET $21
prisma:query SELECT "public"."USER"."user_id", "public"."USER"."role_id", "public"."USER"."full_name", "public"."USER"."username", "public"."USER"."password_hash" FROM "public"."USER" WHERE "public"."USER"."user_id" IN ($1,$2,$3,$4,$5,$6,$7,$8,$9,$10,$11,$12,$13,$14,$15,$16,$17,$18,$19,$20) OFFSET $21
prisma:query SELECT "public"."INVENTORY_LOCATION"."location_id", "public"."INVENTORY_LOCATION"."code", "public"."INVENTORY_LOCATION"."name" FROM "public"."INVENTORY_LOCATION" WHERE "public"."INVENTORY_LOCATION"."location_id" IN ($1) OFFSET $2
prisma:query COMMIT
 GET /inventory 200 in 3.1s (next.js: 4ms, application-code: 3.1s)
prisma:query SELECT "public"."INVENTORY_LOCATION"."location_id", "public"."INVENTORY_LOCATION"."code", "public"."INVENTORY_LOCATION"."name" FROM "public"."INVENTORY_LOCATION" WHERE 1=1 ORDER BY "public"."INVENTORY_LOCATION"."location_id" ASC OFFSET $1
 GET /api/locations 200 in 205ms (next.js: 3ms, application-code: 203ms)
prisma:query SELECT COUNT(*) AS "_count$_all" FROM (SELECT "public"."STOCK"."stock_id" FROM "public"."STOCK" WHERE 1=1 OFFSET $1) AS "sub"
prisma:query SELECT "public"."STOCK"."stock_id", "public"."STOCK"."product_id", "public"."STOCK"."location_id", "public"."STOCK"."quantity_on_hand" FROM "public"."STOCK" LEFT JOIN "public"."INVENTORY_LOCATION" AS "orderby_1" ON ("orderby_1"."location_id") = ("public"."STOCK"."location_id") LEFT JOIN "public"."PRODUCT" AS "orderby_2" ON ("orderby_2"."product_id") = ("public"."STOCK"."product_id") WHERE 1=1 ORDER BY "orderby_1"."location_id" ASC, "orderby_2"."product_name" ASC LIMIT $1 OFFSET $2
prisma:query SELECT "public"."PRODUCT"."product_id", "public"."PRODUCT"."category_id", "public"."PRODUCT"."product_code", "public"."PRODUCT"."product_name", "public"."PRODUCT"."pack_size", "public"."PRODUCT"."selling_price" FROM "public"."PRODUCT" WHERE "public"."PRODUCT"."product_id" IN ($1,$2,$3,$4,$5,$6,$7,$8,$9,$10,$11,$12,$13,$14,$15,$16,$17) OFFSET $18
prisma:query SELECT "public"."INVENTORY_LOCATION"."location_id", "public"."INVENTORY_LOCATION"."code", "public"."INVENTORY_LOCATION"."name" FROM "public"."INVENTORY_LOCATION" WHERE "public"."INVENTORY_LOCATION"."location_id" IN ($1,$2,$3,$4,$5,$6,$7,$8,$9,$10,$11,$12,$13,$14,$15,$16,$17) OFFSET $18
prisma:query SELECT "public"."CATEGORY"."category_id", "public"."CATEGORY"."name", "public"."CATEGORY"."tag" FROM "public"."CATEGORY" WHERE "public"."CATEGORY"."category_id" IN ($1,$2,$3,$4,$5,$6,$7,$8,$9,$10,$11,$12,$13) OFFSET $14
prisma:query COMMIT
prisma:query SELECT COUNT(*) AS "_count$_all" FROM (SELECT "public"."STOCK_MOVEMENT"."movement_id" FROM "public"."STOCK_MOVEMENT" WHERE 1=1 OFFSET $1) AS "sub"
prisma:query SELECT "public"."STOCK_MOVEMENT"."movement_id", "public"."STOCK_MOVEMENT"."stock_id", "public"."STOCK_MOVEMENT"."created_by", "public"."STOCK_MOVEMENT"."movement_type"::text, "public"."STOCK_MOVEMENT"."quantity", "public"."STOCK_MOVEMENT"."movement_date", "public"."STOCK_MOVEMENT"."notes", "public"."STOCK_MOVEMENT"."product_id" FROM "public"."STOCK_MOVEMENT" WHERE 1=1 ORDER BY "public"."STOCK_MOVEMENT"."movement_date" DESC LIMIT $1 OFFSET $2
prisma:query SELECT "public"."STOCK"."stock_id", "public"."STOCK"."product_id", "public"."STOCK"."location_id", "public"."STOCK"."quantity_on_hand" FROM "public"."STOCK" WHERE "public"."STOCK"."stock_id" IN ($1,$2,$3,$4,$5,$6,$7,$8,$9,$10,$11,$12,$13,$14,$15,$16,$17,$18,$19,$20) OFFSET $21
prisma:query SELECT "public"."PRODUCT"."product_id", "public"."PRODUCT"."category_id", "public"."PRODUCT"."product_code", "public"."PRODUCT"."product_name", "public"."PRODUCT"."pack_size", "public"."PRODUCT"."selling_price" FROM "public"."PRODUCT" WHERE "public"."PRODUCT"."product_id" IN ($1,$2,$3,$4,$5,$6,$7,$8,$9,$10,$11,$12,$13,$14,$15,$16,$17,$18,$19,$20) OFFSET $21
prisma:query SELECT "public"."USER"."user_id", "public"."USER"."role_id", "public"."USER"."full_name", "public"."USER"."username", "public"."USER"."password_hash" FROM "public"."USER" WHERE "public"."USER"."user_id" IN ($1,$2,$3,$4,$5,$6,$7,$8,$9,$10,$11,$12,$13,$14,$15,$16,$17,$18,$19,$20) OFFSET $21
prisma:query SELECT "public"."INVENTORY_LOCATION"."location_id", "public"."INVENTORY_LOCATION"."code", "public"."INVENTORY_LOCATION"."name" FROM "public"."INVENTORY_LOCATION" WHERE "public"."INVENTORY_LOCATION"."location_id" IN ($1) OFFSET $2
prisma:query COMMIT
 GET /inventory 200 in 3.1s (next.js: 4ms, application-code: 3.1s)
prisma:query SELECT "public"."INVENTORY_LOCATION"."location_id", "public"."INVENTORY_LOCATION"."code", "public"."INVENTORY_LOCATION"."name" FROM "public"."INVENTORY_LOCATION" WHERE 1=1 ORDER BY "public"."INVENTORY_LOCATION"."location_id" ASC OFFSET $1
 GET /api/locations 200 in 211ms (next.js: 3ms, application-code: 208ms)
prisma:query SELECT "public"."INVENTORY_LOCATION"."location_id", "public"."INVENTORY_LOCATION"."code", "public"."INVENTORY_LOCATION"."name" FROM "public"."INVENTORY_LOCATION" WHERE "public"."INVENTORY_LOCATION"."location_id" IN ($1,$2) OFFSET $3
prisma:query SELECT COUNT(*) AS "_count$_all" FROM (SELECT "public"."STOCK"."stock_id" FROM "public"."STOCK" WHERE "public"."STOCK"."location_id" = $1 OFFSET $2) AS "sub"
prisma:query SELECT "public"."STOCK"."stock_id", "public"."STOCK"."product_id", "public"."STOCK"."location_id", "public"."STOCK"."quantity_on_hand" FROM "public"."STOCK" LEFT JOIN "public"."INVENTORY_LOCATION" AS "orderby_1" ON ("orderby_1"."location_id") = ("public"."STOCK"."location_id") LEFT JOIN "public"."PRODUCT" AS "orderby_2" ON ("orderby_2"."product_id") = ("public"."STOCK"."product_id") WHERE "public"."STOCK"."location_id" = $1 ORDER BY "orderby_1"."location_id" ASC, "orderby_2"."product_name" ASC LIMIT $2 OFFSET $3
prisma:query SELECT "public"."PRODUCT"."product_id", "public"."PRODUCT"."category_id", "public"."PRODUCT"."product_code", "public"."PRODUCT"."product_name", "public"."PRODUCT"."pack_size", "public"."PRODUCT"."selling_price" FROM "public"."PRODUCT" WHERE "public"."PRODUCT"."product_id" IN ($1,$2,$3,$4) OFFSET $5
prisma:query SELECT "public"."INVENTORY_LOCATION"."location_id", "public"."INVENTORY_LOCATION"."code", "public"."INVENTORY_LOCATION"."name" FROM "public"."INVENTORY_LOCATION" WHERE "public"."INVENTORY_LOCATION"."location_id" IN ($1,$2,$3,$4) OFFSET $5
prisma:query SELECT "public"."CATEGORY"."category_id", "public"."CATEGORY"."name", "public"."CATEGORY"."tag" FROM "public"."CATEGORY" WHERE "public"."CATEGORY"."category_id" IN ($1,$2,$3,$4) OFFSET $5
prisma:query SELECT COUNT(*) AS "_count$_all" FROM (SELECT "public"."STOCK_MOVEMENT"."movement_id" FROM "public"."STOCK_MOVEMENT" LEFT JOIN "public"."STOCK" AS "j0" ON ("j0"."stock_id") = ("public"."STOCK_MOVEMENT"."stock_id") WHERE ("j0"."location_id" = $1 AND ("j0"."stock_id" IS NOT NULL)) OFFSET $2) AS "sub"
prisma:query COMMIT
prisma:query SELECT "public"."STOCK_MOVEMENT"."movement_id", "public"."STOCK_MOVEMENT"."stock_id", "public"."STOCK_MOVEMENT"."created_by", "public"."STOCK_MOVEMENT"."movement_type"::text, "public"."STOCK_MOVEMENT"."quantity", "public"."STOCK_MOVEMENT"."movement_date", "public"."STOCK_MOVEMENT"."notes", "public"."STOCK_MOVEMENT"."product_id" FROM "public"."STOCK_MOVEMENT" LEFT JOIN "public"."STOCK" AS "j0" ON ("j0"."stock_id") = ("public"."STOCK_MOVEMENT"."stock_id") WHERE ("j0"."location_id" = $1 AND ("j0"."stock_id" IS NOT NULL)) ORDER BY "public"."STOCK_MOVEMENT"."movement_date" DESC LIMIT $2 OFFSET $3
prisma:query SELECT "public"."STOCK"."stock_id", "public"."STOCK"."product_id", "public"."STOCK"."location_id", "public"."STOCK"."quantity_on_hand" FROM "public"."STOCK" WHERE "public"."STOCK"."stock_id" IN ($1,$2,$3,$4,$5,$6,$7,$8,$9,$10,$11,$12,$13,$14,$15,$16,$17,$18,$19,$20) OFFSET $21
prisma:query SELECT "public"."PRODUCT"."product_id", "public"."PRODUCT"."category_id", "public"."PRODUCT"."product_code", "public"."PRODUCT"."product_name", "public"."PRODUCT"."pack_size", "public"."PRODUCT"."selling_price" FROM "public"."PRODUCT" WHERE "public"."PRODUCT"."product_id" IN ($1,$2,$3,$4,$5,$6,$7,$8,$9,$10,$11,$12,$13,$14,$15,$16,$17,$18,$19,$20) OFFSET $21
prisma:query SELECT "public"."USER"."user_id", "public"."USER"."role_id", "public"."USER"."full_name", "public"."USER"."username", "public"."USER"."password_hash" FROM "public"."USER" WHERE "public"."USER"."user_id" IN ($1,$2,$3,$4,$5,$6,$7,$8,$9,$10,$11,$12,$13,$14,$15,$16,$17,$18,$19,$20) OFFSET $21
prisma:query SELECT "public"."INVENTORY_LOCATION"."location_id", "public"."INVENTORY_LOCATION"."code", "public"."INVENTORY_LOCATION"."name" FROM "public"."INVENTORY_LOCATION" WHERE "public"."INVENTORY_LOCATION"."location_id" IN ($1) OFFSET $2
prisma:query COMMIT
 GET /inventory/1 200 in 2.9s (next.js: 42ms, application-code: 2.8s)
prisma:query SELECT "public"."INVENTORY_LOCATION"."location_id", "public"."INVENTORY_LOCATION"."code", "public"."INVENTORY_LOCATION"."name" FROM "public"."INVENTORY_LOCATION" WHERE "public"."INVENTORY_LOCATION"."location_id" IN ($1,$2) OFFSET $3
prisma:query SELECT COUNT(*) AS "_count$_all" FROM (SELECT "public"."STOCK"."stock_id" FROM "public"."STOCK" WHERE "public"."STOCK"."location_id" = $1 OFFSET $2) AS "sub"
prisma:query SELECT COUNT(*) AS "_count$_all" FROM (SELECT "public"."STOCK_MOVEMENT"."movement_id" FROM "public"."STOCK_MOVEMENT" LEFT JOIN "public"."STOCK" AS "j0" ON ("j0"."stock_id") = ("public"."STOCK_MOVEMENT"."stock_id") WHERE ("j0"."location_id" = $1 AND ("j0"."stock_id" IS NOT NULL)) OFFSET $2) AS "sub"
prisma:query SELECT "public"."STOCK"."stock_id", "public"."STOCK"."product_id", "public"."STOCK"."location_id", "public"."STOCK"."quantity_on_hand" FROM "public"."STOCK" LEFT JOIN "public"."INVENTORY_LOCATION" AS "orderby_1" ON ("orderby_1"."location_id") = ("public"."STOCK"."location_id") LEFT JOIN "public"."PRODUCT" AS "orderby_2" ON ("orderby_2"."product_id") = ("public"."STOCK"."product_id") WHERE "public"."STOCK"."location_id" = $1 ORDER BY "orderby_1"."location_id" ASC, "orderby_2"."product_name" ASC LIMIT $2 OFFSET $3
prisma:query SELECT "public"."STOCK_MOVEMENT"."movement_id", "public"."STOCK_MOVEMENT"."stock_id", "public"."STOCK_MOVEMENT"."created_by", "public"."STOCK_MOVEMENT"."movement_type"::text, "public"."STOCK_MOVEMENT"."quantity", "public"."STOCK_MOVEMENT"."movement_date", "public"."STOCK_MOVEMENT"."notes", "public"."STOCK_MOVEMENT"."product_id" FROM "public"."STOCK_MOVEMENT" LEFT JOIN "public"."STOCK" AS "j0" ON ("j0"."stock_id") = ("public"."STOCK_MOVEMENT"."stock_id") WHERE ("j0"."location_id" = $1 AND ("j0"."stock_id" IS NOT NULL)) ORDER BY "public"."STOCK_MOVEMENT"."movement_date" DESC LIMIT $2 OFFSET $3
prisma:query SELECT "public"."PRODUCT"."product_id", "public"."PRODUCT"."category_id", "public"."PRODUCT"."product_code", "public"."PRODUCT"."product_name", "public"."PRODUCT"."pack_size", "public"."PRODUCT"."selling_price" FROM "public"."PRODUCT" WHERE "public"."PRODUCT"."product_id" IN ($1,$2,$3,$4) OFFSET $5
prisma:query SELECT "public"."STOCK"."stock_id", "public"."STOCK"."product_id", "public"."STOCK"."location_id", "public"."STOCK"."quantity_on_hand" FROM "public"."STOCK" WHERE "public"."STOCK"."stock_id" IN ($1,$2,$3,$4,$5,$6,$7,$8,$9,$10,$11,$12,$13,$14,$15,$16,$17,$18,$19,$20) OFFSET $21
prisma:query SELECT "public"."INVENTORY_LOCATION"."location_id", "public"."INVENTORY_LOCATION"."code", "public"."INVENTORY_LOCATION"."name" FROM "public"."INVENTORY_LOCATION" WHERE "public"."INVENTORY_LOCATION"."location_id" IN ($1,$2,$3,$4) OFFSET $5
prisma:query SELECT "public"."PRODUCT"."product_id", "public"."PRODUCT"."category_id", "public"."PRODUCT"."product_code", "public"."PRODUCT"."product_name", "public"."PRODUCT"."pack_size", "public"."PRODUCT"."selling_price" FROM "public"."PRODUCT" WHERE "public"."PRODUCT"."product_id" IN ($1,$2,$3,$4,$5,$6,$7,$8,$9,$10,$11,$12,$13,$14,$15,$16,$17,$18,$19,$20) OFFSET $21
prisma:query SELECT "public"."CATEGORY"."category_id", "public"."CATEGORY"."name", "public"."CATEGORY"."tag" FROM "public"."CATEGORY" WHERE "public"."CATEGORY"."category_id" IN ($1,$2,$3,$4) OFFSET $5
prisma:query SELECT "public"."USER"."user_id", "public"."USER"."role_id", "public"."USER"."full_name", "public"."USER"."username", "public"."USER"."password_hash" FROM "public"."USER" WHERE "public"."USER"."user_id" IN ($1,$2,$3,$4,$5,$6,$7,$8,$9,$10,$11,$12,$13,$14,$15,$16,$17,$18,$19,$20) OFFSET $21
prisma:query COMMIT
prisma:query SELECT "public"."INVENTORY_LOCATION"."location_id", "public"."INVENTORY_LOCATION"."code", "public"."INVENTORY_LOCATION"."name" FROM "public"."INVENTORY_LOCATION" WHERE "public"."INVENTORY_LOCATION"."location_id" IN ($1) OFFSET $2
prisma:query COMMIT
 GET /inventory/1 200 in 1911ms (next.js: 34ms, application-code: 1877ms)
prisma:query SELECT "public"."INVENTORY_LOCATION"."location_id", "public"."INVENTORY_LOCATION"."code", "public"."INVENTORY_LOCATION"."name" FROM "public"."INVENTORY_LOCATION" WHERE "public"."INVENTORY_LOCATION"."location_id" IN ($1,$2) OFFSET $3
prisma:query SELECT COUNT(*) AS "_count$_all" FROM (SELECT "public"."STOCK_MOVEMENT"."movement_id" FROM "public"."STOCK_MOVEMENT" LEFT JOIN "public"."STOCK" AS "j0" ON ("j0"."stock_id") = ("public"."STOCK_MOVEMENT"."stock_id") WHERE ("j0"."location_id" = $1 AND ("j0"."stock_id" IS NOT NULL)) OFFSET $2) AS "sub"
prisma:query SELECT COUNT(*) AS "_count$_all" FROM (SELECT "public"."STOCK"."stock_id" FROM "public"."STOCK" WHERE "public"."STOCK"."location_id" = $1 OFFSET $2) AS "sub"
prisma:query SELECT "public"."STOCK_MOVEMENT"."movement_id", "public"."STOCK_MOVEMENT"."stock_id", "public"."STOCK_MOVEMENT"."created_by", "public"."STOCK_MOVEMENT"."movement_type"::text, "public"."STOCK_MOVEMENT"."quantity", "public"."STOCK_MOVEMENT"."movement_date", "public"."STOCK_MOVEMENT"."notes", "public"."STOCK_MOVEMENT"."product_id" FROM "public"."STOCK_MOVEMENT" LEFT JOIN "public"."STOCK" AS "j0" ON ("j0"."stock_id") = ("public"."STOCK_MOVEMENT"."stock_id") WHERE ("j0"."location_id" = $1 AND ("j0"."stock_id" IS NOT NULL)) ORDER BY "public"."STOCK_MOVEMENT"."movement_date" DESC LIMIT $2 OFFSET $3
prisma:query SELECT "public"."STOCK"."stock_id", "public"."STOCK"."product_id", "public"."STOCK"."location_id", "public"."STOCK"."quantity_on_hand" FROM "public"."STOCK" LEFT JOIN "public"."INVENTORY_LOCATION" AS "orderby_1" ON ("orderby_1"."location_id") = ("public"."STOCK"."location_id") LEFT JOIN "public"."PRODUCT" AS "orderby_2" ON ("orderby_2"."product_id") = ("public"."STOCK"."product_id") WHERE "public"."STOCK"."location_id" = $1 ORDER BY "orderby_1"."location_id" ASC, "orderby_2"."product_name" ASC LIMIT $2 OFFSET $3
prisma:query SELECT "public"."STOCK"."stock_id", "public"."STOCK"."product_id", "public"."STOCK"."location_id", "public"."STOCK"."quantity_on_hand" FROM "public"."STOCK" WHERE "public"."STOCK"."stock_id" IN ($1,$2,$3,$4,$5,$6,$7,$8,$9,$10,$11,$12,$13,$14,$15,$16,$17,$18,$19,$20) OFFSET $21
prisma:query SELECT "public"."PRODUCT"."product_id", "public"."PRODUCT"."category_id", "public"."PRODUCT"."product_code", "public"."PRODUCT"."product_name", "public"."PRODUCT"."pack_size", "public"."PRODUCT"."selling_price" FROM "public"."PRODUCT" WHERE "public"."PRODUCT"."product_id" IN ($1,$2,$3,$4) OFFSET $5
prisma:query SELECT "public"."PRODUCT"."product_id", "public"."PRODUCT"."category_id", "public"."PRODUCT"."product_code", "public"."PRODUCT"."product_name", "public"."PRODUCT"."pack_size", "public"."PRODUCT"."selling_price" FROM "public"."PRODUCT" WHERE "public"."PRODUCT"."product_id" IN ($1,$2,$3,$4,$5,$6,$7,$8,$9,$10,$11,$12,$13,$14,$15,$16,$17,$18,$19,$20) OFFSET $21
prisma:query SELECT "public"."INVENTORY_LOCATION"."location_id", "public"."INVENTORY_LOCATION"."code", "public"."INVENTORY_LOCATION"."name" FROM "public"."INVENTORY_LOCATION" WHERE "public"."INVENTORY_LOCATION"."location_id" IN ($1,$2,$3,$4) OFFSET $5
prisma:query SELECT "public"."USER"."user_id", "public"."USER"."role_id", "public"."USER"."full_name", "public"."USER"."username", "public"."USER"."password_hash" FROM "public"."USER" WHERE "public"."USER"."user_id" IN ($1,$2,$3,$4,$5,$6,$7,$8,$9,$10,$11,$12,$13,$14,$15,$16,$17,$18,$19,$20) OFFSET $21
prisma:query SELECT "public"."CATEGORY"."category_id", "public"."CATEGORY"."name", "public"."CATEGORY"."tag" FROM "public"."CATEGORY" WHERE "public"."CATEGORY"."category_id" IN ($1,$2,$3,$4) OFFSET $5
prisma:query SELECT "public"."INVENTORY_LOCATION"."location_id", "public"."INVENTORY_LOCATION"."code", "public"."INVENTORY_LOCATION"."name" FROM "public"."INVENTORY_LOCATION" WHERE "public"."INVENTORY_LOCATION"."location_id" IN ($1) OFFSET $2
prisma:query COMMIT
prisma:query COMMIT
 GET /inventory/1 200 in 1898ms (next.js: 34ms, application-code: 1864ms)
 GET /api/inventory/1/movements?page=1&pageSize=20 200 in 342ms (next.js: 46ms, application-code: 296ms)
prisma:query SELECT COUNT(*) AS "_count$_all" FROM (SELECT "public"."STOCK_MOVEMENT"."movement_id" FROM "public"."STOCK_MOVEMENT" LEFT JOIN "public"."STOCK" AS "j0" ON ("j0"."stock_id") = ("public"."STOCK_MOVEMENT"."stock_id") WHERE ("j0"."location_id" = $1 AND ("j0"."stock_id" IS NOT NULL)) OFFSET $2) AS "sub"
prisma:query SELECT "public"."STOCK_MOVEMENT"."movement_id", "public"."STOCK_MOVEMENT"."stock_id", "public"."STOCK_MOVEMENT"."created_by", "public"."STOCK_MOVEMENT"."movement_type"::text, "public"."STOCK_MOVEMENT"."quantity", "public"."STOCK_MOVEMENT"."movement_date", "public"."STOCK_MOVEMENT"."notes", "public"."STOCK_MOVEMENT"."product_id" FROM "public"."STOCK_MOVEMENT" LEFT JOIN "public"."STOCK" AS "j0" ON ("j0"."stock_id") = ("public"."STOCK_MOVEMENT"."stock_id") WHERE ("j0"."location_id" = $1 AND ("j0"."stock_id" IS NOT NULL)) ORDER BY "public"."STOCK_MOVEMENT"."movement_date" DESC LIMIT $2 OFFSET $3
prisma:query SELECT COUNT(*) AS "_count$_all" FROM (SELECT "public"."PRODUCT"."product_id" FROM "public"."PRODUCT" WHERE 1=1 OFFSET $1) AS "sub"
prisma:query SELECT "public"."STOCK"."stock_id", "public"."STOCK"."product_id", "public"."STOCK"."location_id", "public"."STOCK"."quantity_on_hand" FROM "public"."STOCK" WHERE "public"."STOCK"."stock_id" IN ($1,$2,$3,$4,$5,$6,$7,$8,$9,$10,$11,$12,$13,$14,$15,$16,$17,$18,$19,$20) OFFSET $21
prisma:query SELECT "public"."PRODUCT"."product_id", "public"."PRODUCT"."category_id", "public"."PRODUCT"."product_code", "public"."PRODUCT"."product_name", "public"."PRODUCT"."pack_size", "public"."PRODUCT"."selling_price" FROM "public"."PRODUCT" WHERE 1=1 ORDER BY "public"."PRODUCT"."product_name" ASC LIMIT $1 OFFSET $2
prisma:query SELECT "public"."PRODUCT"."product_id", "public"."PRODUCT"."category_id", "public"."PRODUCT"."product_code", "public"."PRODUCT"."product_name", "public"."PRODUCT"."pack_size", "public"."PRODUCT"."selling_price" FROM "public"."PRODUCT" WHERE "public"."PRODUCT"."product_id" IN ($1,$2,$3,$4,$5,$6,$7,$8,$9,$10,$11,$12,$13,$14,$15,$16,$17,$18,$19,$20) OFFSET $21
prisma:query SELECT "public"."CATEGORY"."category_id", "public"."CATEGORY"."name", "public"."CATEGORY"."tag" FROM "public"."CATEGORY" WHERE "public"."CATEGORY"."category_id" IN ($1,$2,$3,$4,$5,$6,$7,$8,$9,$10,$11,$12,$13,$14,$15,$16,$17,$18,$19,$20) OFFSET $21
prisma:query SELECT "public"."USER"."user_id", "public"."USER"."role_id", "public"."USER"."full_name", "public"."USER"."username", "public"."USER"."password_hash" FROM "public"."USER" WHERE "public"."USER"."user_id" IN ($1,$2,$3,$4,$5,$6,$7,$8,$9,$10,$11,$12,$13,$14,$15,$16,$17,$18,$19,$20) OFFSET $21
prisma:query COMMIT
 GET /inventory/products 200 in 1173ms (next.js: 9ms, application-code: 1164ms)
prisma:query SELECT "public"."INVENTORY_LOCATION"."location_id", "public"."INVENTORY_LOCATION"."code", "public"."INVENTORY_LOCATION"."name" FROM "public"."INVENTORY_LOCATION" WHERE "public"."INVENTORY_LOCATION"."location_id" IN ($1) OFFSET $2
prisma:query COMMIT
 GET /api/products?page=1&pageSize=20 200 in 37ms (next.js: 3ms, application-code: 34ms)
 GET /api/categories 200 in 47ms (next.js: 4ms, application-code: 44ms)
prisma:query SELECT "public"."CATEGORY"."category_id", "public"."CATEGORY"."name", "public"."CATEGORY"."tag" FROM "public"."CATEGORY" WHERE 1=1 ORDER BY "public"."CATEGORY"."name" ASC OFFSET $1
prisma:query SELECT AVG("selling_price") AS "_avg$selling_price", MAX("selling_price") AS "_max$selling_price" FROM (SELECT "public"."PRODUCT"."selling_price" FROM "public"."PRODUCT" WHERE 1=1 OFFSET $1) AS "sub"
prisma:query SELECT COUNT(*) AS "_count$_all" FROM (SELECT "public"."PRODUCT"."product_id" FROM "public"."PRODUCT" WHERE 1=1 OFFSET $1) AS "sub"
prisma:query SELECT COUNT(*) AS "_count$_all" FROM (SELECT "public"."PRODUCT"."product_id" FROM "public"."PRODUCT" WHERE 1=1 OFFSET $1) AS "sub"
prisma:query SELECT "public"."PRODUCT"."product_id", "public"."PRODUCT"."category_id", "public"."PRODUCT"."product_code", "public"."PRODUCT"."product_name", "public"."PRODUCT"."pack_size", "public"."PRODUCT"."selling_price" FROM "public"."PRODUCT" WHERE 1=1 ORDER BY "public"."PRODUCT"."product_name" ASC LIMIT $1 OFFSET $2
prisma:query SELECT "public"."PRODUCT"."product_id", "public"."PRODUCT"."category_id", "public"."PRODUCT"."product_code", "public"."PRODUCT"."product_name", "public"."PRODUCT"."pack_size", "public"."PRODUCT"."selling_price" FROM "public"."PRODUCT" WHERE 1=1 ORDER BY "public"."PRODUCT"."product_name" ASC LIMIT $1 OFFSET $2
prisma:query SELECT "public"."CATEGORY"."category_id", "public"."CATEGORY"."name", "public"."CATEGORY"."tag" FROM "public"."CATEGORY" WHERE "public"."CATEGORY"."category_id" IN ($1,$2,$3,$4,$5,$6,$7,$8,$9,$10,$11,$12,$13,$14,$15,$16,$17,$18,$19,$20) OFFSET $21
prisma:query SELECT "public"."CATEGORY"."category_id", "public"."CATEGORY"."name", "public"."CATEGORY"."tag" FROM "public"."CATEGORY" WHERE "public"."CATEGORY"."category_id" IN ($1,$2,$3,$4,$5,$6,$7,$8,$9,$10,$11,$12,$13,$14,$15,$16,$17,$18,$19,$20) OFFSET $21
prisma:query COMMIT
prisma:query COMMIT
 GET /inventory/products 200 in 2.0s (next.js: 4ms, application-code: 2.0s)
prisma:query SELECT "public"."CATEGORY"."category_id", "public"."CATEGORY"."name", "public"."CATEGORY"."tag" FROM "public"."CATEGORY" WHERE 1=1 ORDER BY "public"."CATEGORY"."name" ASC OFFSET $1
 GET /api/categories 200 in 207ms (next.js: 8ms, application-code: 200ms)
prisma:query SELECT AVG("selling_price") AS "_avg$selling_price", MAX("selling_price") AS "_max$selling_price" FROM (SELECT "public"."PRODUCT"."selling_price" FROM "public"."PRODUCT" WHERE 1=1 OFFSET $1) AS "sub"
 GET /api/products?page=1&pageSize=20 200 in 217ms (next.js: 15ms, application-code: 202ms)
prisma:query SELECT COUNT(*) AS "_count$_all" FROM (SELECT "public"."PRODUCT"."product_id" FROM "public"."PRODUCT" WHERE 1=1 OFFSET $1) AS "sub"
prisma:query SELECT "public"."PRODUCT"."product_id", "public"."PRODUCT"."category_id", "public"."PRODUCT"."product_code", "public"."PRODUCT"."product_name", "public"."PRODUCT"."pack_size", "public"."PRODUCT"."selling_price" FROM "public"."PRODUCT" WHERE 1=1 ORDER BY "public"."PRODUCT"."product_name" ASC LIMIT $1 OFFSET $2
prisma:query SELECT COUNT(*) AS "_count$_all" FROM (SELECT "public"."PRODUCT"."product_id" FROM "public"."PRODUCT" WHERE 1=1 OFFSET $1) AS "sub"
prisma:query SELECT "public"."CATEGORY"."category_id", "public"."CATEGORY"."name", "public"."CATEGORY"."tag" FROM "public"."CATEGORY" WHERE "public"."CATEGORY"."category_id" IN ($1,$2,$3,$4,$5,$6,$7,$8,$9,$10,$11,$12,$13,$14,$15,$16,$17,$18,$19,$20) OFFSET $21
prisma:query SELECT "public"."PRODUCT"."product_id", "public"."PRODUCT"."category_id", "public"."PRODUCT"."product_code", "public"."PRODUCT"."product_name", "public"."PRODUCT"."pack_size", "public"."PRODUCT"."selling_price" FROM "public"."PRODUCT" WHERE 1=1 ORDER BY "public"."PRODUCT"."product_name" ASC LIMIT $1 OFFSET $2
prisma:query COMMIT
prisma:query SELECT "public"."CATEGORY"."category_id", "public"."CATEGORY"."name", "public"."CATEGORY"."tag" FROM "public"."CATEGORY" WHERE "public"."CATEGORY"."category_id" IN ($1,$2,$3,$4,$5,$6,$7,$8,$9,$10,$11,$12,$13,$14,$15,$16,$17,$18,$19,$20) OFFSET $21
prisma:query COMMIT
 GET /inventory/products 200 in 1135ms (next.js: 3ms, application-code: 1132ms)
prisma:query SELECT "public"."CATEGORY"."category_id", "public"."CATEGORY"."name", "public"."CATEGORY"."tag" FROM "public"."CATEGORY" WHERE 1=1 ORDER BY "public"."CATEGORY"."name" ASC OFFSET $1
 GET /api/categories 200 in 213ms (next.js: 13ms, application-code: 200ms)
prisma:query SELECT AVG("selling_price") AS "_avg$selling_price", MAX("selling_price") AS "_max$selling_price" FROM (SELECT "public"."PRODUCT"."selling_price" FROM "public"."PRODUCT" WHERE 1=1 OFFSET $1) AS "sub"
prisma:query SELECT "public"."INVENTORY_LOCATION"."location_id", "public"."INVENTORY_LOCATION"."code", "public"."INVENTORY_LOCATION"."name" FROM "public"."INVENTORY_LOCATION" WHERE 1=1 ORDER BY "public"."INVENTORY_LOCATION"."location_id" ASC OFFSET $1
 GET /api/locations 200 in 200ms (next.js: 3ms, application-code: 198ms)
prisma:query SELECT COUNT(*) AS "_count$_all" FROM (SELECT "public"."PRODUCT"."product_id" FROM "public"."PRODUCT" WHERE 1=1 OFFSET $1) AS "sub"
prisma:query SELECT "public"."CATEGORY"."category_id", "public"."CATEGORY"."name", "public"."CATEGORY"."tag" FROM "public"."CATEGORY" WHERE 1=1 ORDER BY "public"."CATEGORY"."name" ASC OFFSET $1
 GET /api/categories 200 in 203ms (next.js: 5ms, application-code: 199ms)
prisma:query SELECT "public"."PRODUCT"."product_id", "public"."PRODUCT"."category_id", "public"."PRODUCT"."product_code", "public"."PRODUCT"."product_name", "public"."PRODUCT"."pack_size", "public"."PRODUCT"."selling_price" FROM "public"."PRODUCT" WHERE 1=1 ORDER BY "public"."PRODUCT"."product_name" ASC LIMIT $1 OFFSET $2
 GET /api/products?page=1&pageSize=20 200 in 673ms (next.js: 3ms, application-code: 670ms)
prisma:query SELECT "public"."CATEGORY"."category_id", "public"."CATEGORY"."name", "public"."CATEGORY"."tag" FROM "public"."CATEGORY" WHERE "public"."CATEGORY"."category_id" IN ($1,$2,$3,$4,$5,$6,$7,$8,$9,$10,$11,$12,$13,$14,$15,$16,$17,$18,$19,$20) OFFSET $21
prisma:query COMMIT
prisma:query SELECT COUNT(*) AS "_count$_all" FROM (SELECT "public"."PRODUCT"."product_id" FROM "public"."PRODUCT" WHERE 1=1 OFFSET $1) AS "sub"
prisma:query SELECT "public"."PRODUCT"."product_id", "public"."PRODUCT"."category_id", "public"."PRODUCT"."product_code", "public"."PRODUCT"."product_name", "public"."PRODUCT"."pack_size", "public"."PRODUCT"."selling_price" FROM "public"."PRODUCT" WHERE 1=1 ORDER BY "public"."PRODUCT"."product_name" ASC LIMIT $1 OFFSET $2
prisma:query SELECT "public"."CATEGORY"."category_id", "public"."CATEGORY"."name", "public"."CATEGORY"."tag" FROM "public"."CATEGORY" WHERE "public"."CATEGORY"."category_id" IN ($1,$2,$3,$4,$5,$6,$7,$8,$9,$10,$11,$12,$13,$14,$15,$16,$17,$18,$19,$20) OFFSET $21
prisma:query COMMIT
 GET /inventory/products 200 in 1173ms (next.js: 4ms, application-code: 1169ms)
prisma:query SELECT "public"."CATEGORY"."category_id", "public"."CATEGORY"."name", "public"."CATEGORY"."tag" FROM "public"."CATEGORY" WHERE 1=1 ORDER BY "public"."CATEGORY"."name" ASC OFFSET $1
 GET /api/categories 200 in 205ms (next.js: 4ms, application-code: 201ms)
prisma:query SELECT AVG("selling_price") AS "_avg$selling_price", MAX("selling_price") AS "_max$selling_price" FROM (SELECT "public"."PRODUCT"."selling_price" FROM "public"."PRODUCT" WHERE 1=1 OFFSET $1) AS "sub"
prisma:query SELECT "public"."INVENTORY_LOCATION"."location_id", "public"."INVENTORY_LOCATION"."code", "public"."INVENTORY_LOCATION"."name" FROM "public"."INVENTORY_LOCATION" WHERE 1=1 ORDER BY "public"."INVENTORY_LOCATION"."location_id" ASC OFFSET $1
 GET /api/locations 200 in 200ms (next.js: 3ms, application-code: 197ms)
prisma:query SELECT "public"."CATEGORY"."category_id", "public"."CATEGORY"."name", "public"."CATEGORY"."tag" FROM "public"."CATEGORY" WHERE 1=1 ORDER BY "public"."CATEGORY"."name" ASC OFFSET $1
 GET /api/categories 200 in 203ms (next.js: 3ms, application-code: 200ms)
prisma:query SELECT COUNT(*) AS "_count$_all" FROM (SELECT "public"."PRODUCT"."product_id" FROM "public"."PRODUCT" WHERE 1=1 OFFSET $1) AS "sub"
prisma:query SELECT "public"."PRODUCT"."product_id", "public"."PRODUCT"."category_id", "public"."PRODUCT"."product_code", "public"."PRODUCT"."product_name", "public"."PRODUCT"."pack_size", "public"."PRODUCT"."selling_price" FROM "public"."PRODUCT" WHERE 1=1 ORDER BY "public"."PRODUCT"."product_name" ASC LIMIT $1 OFFSET $2
prisma:query SELECT "public"."CATEGORY"."category_id", "public"."CATEGORY"."name", "public"."CATEGORY"."tag" FROM "public"."CATEGORY" WHERE "public"."CATEGORY"."category_id" IN ($1,$2,$3,$4,$5,$6,$7,$8,$9,$10,$11,$12,$13,$14,$15,$16,$17,$18,$19,$20) OFFSET $21
prisma:query COMMIT
 GET /api/products?page=1&pageSize=20 200 in 993ms (next.js: 11ms, application-code: 983ms)
 GET /inventory/movements 200 in 346ms (next.js: 11ms, application-code: 335ms)
 GET /inventory/movements 200 in 345ms (next.js: 3ms, application-code: 342ms)
prisma:query SELECT COUNT(*) AS "_count$_all" FROM (SELECT "public"."STOCK_MOVEMENT"."movement_id" FROM "public"."STOCK_MOVEMENT" WHERE 1=1 OFFSET $1) AS "sub"
prisma:query SELECT COUNT(*) AS "_count$_all" FROM (SELECT "public"."STOCK_MOVEMENT"."movement_id" FROM "public"."STOCK_MOVEMENT" WHERE "public"."STOCK_MOVEMENT"."movement_type" = CAST($1::text AS "public"."MovementType") OFFSET $2) AS "sub"
prisma:query SELECT "public"."STOCK_MOVEMENT"."movement_id", "public"."STOCK_MOVEMENT"."stock_id", "public"."STOCK_MOVEMENT"."created_by", "public"."STOCK_MOVEMENT"."movement_type"::text, "public"."STOCK_MOVEMENT"."quantity", "public"."STOCK_MOVEMENT"."movement_date", "public"."STOCK_MOVEMENT"."notes", "public"."STOCK_MOVEMENT"."product_id" FROM "public"."STOCK_MOVEMENT" WHERE 1=1 ORDER BY "public"."STOCK_MOVEMENT"."movement_date" DESC LIMIT $1 OFFSET $2
 GET /api/stock-movements?page=1&pageSize=20 200 in 598ms (next.js: 7ms, application-code: 591ms)
 GET /api/stock-movements?page=1&pageSize=20&movement_type=RETURN 200 in 571ms (next.js: 3ms, application-code: 568ms)
prisma:query SELECT "public"."STOCK_MOVEMENT"."movement_id", "public"."STOCK_MOVEMENT"."stock_id", "public"."STOCK_MOVEMENT"."created_by", "public"."STOCK_MOVEMENT"."movement_type"::text, "public"."STOCK_MOVEMENT"."quantity", "public"."STOCK_MOVEMENT"."movement_date", "public"."STOCK_MOVEMENT"."notes", "public"."STOCK_MOVEMENT"."product_id" FROM "public"."STOCK_MOVEMENT" WHERE "public"."STOCK_MOVEMENT"."movement_type" = CAST($1::text AS "public"."MovementType") ORDER BY "public"."STOCK_MOVEMENT"."movement_date" DESC LIMIT $2 OFFSET $3
prisma:query SELECT "public"."STOCK"."stock_id", "public"."STOCK"."product_id", "public"."STOCK"."location_id", "public"."STOCK"."quantity_on_hand" FROM "public"."STOCK" WHERE "public"."STOCK"."stock_id" IN ($1,$2,$3,$4,$5,$6,$7,$8,$9,$10,$11,$12,$13,$14,$15,$16,$17,$18,$19,$20) OFFSET $21
prisma:query SELECT "public"."STOCK"."stock_id", "public"."STOCK"."product_id", "public"."STOCK"."location_id", "public"."STOCK"."quantity_on_hand" FROM "public"."STOCK" WHERE "public"."STOCK"."stock_id" IN (NULL) OFFSET $1
prisma:query SELECT "public"."PRODUCT"."product_id", "public"."PRODUCT"."category_id", "public"."PRODUCT"."product_code", "public"."PRODUCT"."product_name", "public"."PRODUCT"."pack_size", "public"."PRODUCT"."selling_price" FROM "public"."PRODUCT" WHERE "public"."PRODUCT"."product_id" IN ($1,$2,$3,$4,$5,$6,$7,$8,$9,$10,$11,$12,$13,$14,$15,$16,$17,$18,$19,$20) OFFSET $21
prisma:query SELECT "public"."PRODUCT"."product_id", "public"."PRODUCT"."category_id", "public"."PRODUCT"."product_code", "public"."PRODUCT"."product_name", "public"."PRODUCT"."pack_size", "public"."PRODUCT"."selling_price" FROM "public"."PRODUCT" WHERE "public"."PRODUCT"."product_id" IN (NULL) OFFSET $1
prisma:query SELECT "public"."USER"."user_id", "public"."USER"."role_id", "public"."USER"."full_name", "public"."USER"."username", "public"."USER"."password_hash" FROM "public"."USER" WHERE "public"."USER"."user_id" IN ($1,$2,$3,$4,$5,$6,$7,$8,$9,$10,$11,$12,$13,$14,$15,$16,$17,$18,$19,$20) OFFSET $21
prisma:query SELECT "public"."USER"."user_id", "public"."USER"."role_id", "public"."USER"."full_name", "public"."USER"."username", "public"."USER"."password_hash" FROM "public"."USER" WHERE "public"."USER"."user_id" IN (NULL) OFFSET $1
prisma:query SELECT "public"."INVENTORY_LOCATION"."location_id", "public"."INVENTORY_LOCATION"."code", "public"."INVENTORY_LOCATION"."name" FROM "public"."INVENTORY_LOCATION" WHERE "public"."INVENTORY_LOCATION"."location_id" IN ($1) OFFSET $2
prisma:query SELECT "public"."INVENTORY_LOCATION"."location_id", "public"."INVENTORY_LOCATION"."code", "public"."INVENTORY_LOCATION"."name" FROM "public"."INVENTORY_LOCATION" WHERE "public"."INVENTORY_LOCATION"."location_id" IN (NULL) OFFSET $1
prisma:query COMMIT
prisma:query COMMIT
prisma:query SELECT COUNT(*) AS "_count$_all" FROM (SELECT "public"."PRODUCT"."product_id" FROM "public"."PRODUCT" WHERE 1=1 OFFSET $1) AS "sub"
prisma:query SELECT "public"."PRODUCT"."product_id", "public"."PRODUCT"."category_id", "public"."PRODUCT"."product_code", "public"."PRODUCT"."product_name", "public"."PRODUCT"."pack_size", "public"."PRODUCT"."selling_price" FROM "public"."PRODUCT" WHERE 1=1 ORDER BY "public"."PRODUCT"."product_name" ASC LIMIT $1 OFFSET $2
prisma:query SELECT "public"."CATEGORY"."category_id", "public"."CATEGORY"."name", "public"."CATEGORY"."tag" FROM "public"."CATEGORY" WHERE "public"."CATEGORY"."category_id" IN ($1,$2,$3,$4,$5,$6,$7,$8,$9,$10,$11,$12,$13,$14,$15,$16,$17,$18,$19,$20) OFFSET $21
prisma:query COMMIT
 GET /inventory/products 200 in 2.1s (next.js: 7ms, application-code: 2.1s)
prisma:query SELECT "public"."CATEGORY"."category_id", "public"."CATEGORY"."name", "public"."CATEGORY"."tag" FROM "public"."CATEGORY" WHERE 1=1 ORDER BY "public"."CATEGORY"."name" ASC OFFSET $1
 GET /api/categories 200 in 207ms (next.js: 7ms, application-code: 199ms)
prisma:query SELECT AVG("selling_price") AS "_avg$selling_price", MAX("selling_price") AS "_max$selling_price" FROM (SELECT "public"."PRODUCT"."selling_price" FROM "public"."PRODUCT" WHERE 1=1 OFFSET $1) AS "sub"
prisma:query SELECT COUNT(*) AS "_count$_all" FROM (SELECT "public"."PRODUCT"."product_id" FROM "public"."PRODUCT" WHERE 1=1 OFFSET $1) AS "sub"
prisma:query SELECT "public"."PRODUCT"."product_id", "public"."PRODUCT"."category_id", "public"."PRODUCT"."product_code", "public"."PRODUCT"."product_name", "public"."PRODUCT"."pack_size", "public"."PRODUCT"."selling_price" FROM "public"."PRODUCT" WHERE 1=1 ORDER BY "public"."PRODUCT"."product_name" ASC LIMIT $1 OFFSET $2
prisma:query SELECT "public"."CATEGORY"."category_id", "public"."CATEGORY"."name", "public"."CATEGORY"."tag" FROM "public"."CATEGORY" WHERE "public"."CATEGORY"."category_id" IN ($1,$2,$3,$4,$5,$6,$7,$8,$9,$10,$11,$12,$13,$14,$15,$16,$17,$18,$19,$20) OFFSET $21
prisma:query COMMIT
 GET /api/products?page=1&pageSize=20 200 in 1772ms (next.js: 10ms, application-code: 1762ms)
prisma:query SELECT AVG("selling_price") AS "_avg$selling_price", MAX("selling_price") AS "_max$selling_price" FROM (SELECT "public"."PRODUCT"."selling_price" FROM "public"."PRODUCT" WHERE 1=1 OFFSET $1) AS "sub"
prisma:query SELECT COUNT(*) AS "_count$_all" FROM (SELECT "public"."PRODUCT"."product_id" FROM "public"."PRODUCT" WHERE 1=1 OFFSET $1) AS "sub"
prisma:query SELECT "public"."PRODUCT"."product_id", "public"."PRODUCT"."category_id", "public"."PRODUCT"."product_code", "public"."PRODUCT"."product_name", "public"."PRODUCT"."pack_size", "public"."PRODUCT"."selling_price" FROM "public"."PRODUCT" WHERE 1=1 ORDER BY "public"."PRODUCT"."product_name" ASC LIMIT $1 OFFSET $2
prisma:query SELECT "public"."CATEGORY"."category_id", "public"."CATEGORY"."name", "public"."CATEGORY"."tag" FROM "public"."CATEGORY" WHERE "public"."CATEGORY"."category_id" IN ($1,$2,$3,$4,$5,$6,$7,$8,$9,$10,$11,$12,$13,$14,$15,$16,$17,$18,$19,$20) OFFSET $21
prisma:query COMMIT
 GET /api/products?page=2&pageSize=20 200 in 991ms (next.js: 3ms, application-code: 988ms)
prisma:query SELECT COUNT(*) AS "_count$_all" FROM (SELECT "public"."STOCK"."stock_id" FROM "public"."STOCK" WHERE 1=1 OFFSET $1) AS "sub"
prisma:query SELECT "public"."STOCK"."stock_id", "public"."STOCK"."product_id", "public"."STOCK"."location_id", "public"."STOCK"."quantity_on_hand" FROM "public"."STOCK" LEFT JOIN "public"."INVENTORY_LOCATION" AS "orderby_1" ON ("orderby_1"."location_id") = ("public"."STOCK"."location_id") LEFT JOIN "public"."PRODUCT" AS "orderby_2" ON ("orderby_2"."product_id") = ("public"."STOCK"."product_id") WHERE 1=1 ORDER BY "orderby_1"."location_id" ASC, "orderby_2"."product_name" ASC LIMIT $1 OFFSET $2
prisma:query SELECT "public"."PRODUCT"."product_id", "public"."PRODUCT"."category_id", "public"."PRODUCT"."product_code", "public"."PRODUCT"."product_name", "public"."PRODUCT"."pack_size", "public"."PRODUCT"."selling_price" FROM "public"."PRODUCT" WHERE "public"."PRODUCT"."product_id" IN ($1,$2,$3,$4,$5,$6,$7,$8,$9,$10,$11,$12,$13,$14,$15,$16,$17) OFFSET $18
prisma:query SELECT "public"."INVENTORY_LOCATION"."location_id", "public"."INVENTORY_LOCATION"."code", "public"."INVENTORY_LOCATION"."name" FROM "public"."INVENTORY_LOCATION" WHERE "public"."INVENTORY_LOCATION"."location_id" IN ($1,$2,$3,$4,$5,$6,$7,$8,$9,$10,$11,$12,$13,$14,$15,$16,$17) OFFSET $18
prisma:query SELECT "public"."CATEGORY"."category_id", "public"."CATEGORY"."name", "public"."CATEGORY"."tag" FROM "public"."CATEGORY" WHERE "public"."CATEGORY"."category_id" IN ($1,$2,$3,$4,$5,$6,$7,$8,$9,$10,$11,$12,$13) OFFSET $14
prisma:query COMMIT
prisma:query SELECT COUNT(*) AS "_count$_all" FROM (SELECT "public"."STOCK_MOVEMENT"."movement_id" FROM "public"."STOCK_MOVEMENT" WHERE 1=1 OFFSET $1) AS "sub"
prisma:query SELECT "public"."STOCK_MOVEMENT"."movement_id", "public"."STOCK_MOVEMENT"."stock_id", "public"."STOCK_MOVEMENT"."created_by", "public"."STOCK_MOVEMENT"."movement_type"::text, "public"."STOCK_MOVEMENT"."quantity", "public"."STOCK_MOVEMENT"."movement_date", "public"."STOCK_MOVEMENT"."notes", "public"."STOCK_MOVEMENT"."product_id" FROM "public"."STOCK_MOVEMENT" WHERE 1=1 ORDER BY "public"."STOCK_MOVEMENT"."movement_date" DESC LIMIT $1 OFFSET $2
prisma:query SELECT "public"."STOCK"."stock_id", "public"."STOCK"."product_id", "public"."STOCK"."location_id", "public"."STOCK"."quantity_on_hand" FROM "public"."STOCK" WHERE "public"."STOCK"."stock_id" IN ($1,$2,$3,$4,$5,$6,$7,$8,$9,$10,$11,$12,$13,$14,$15,$16,$17,$18,$19,$20) OFFSET $21
prisma:query SELECT "public"."PRODUCT"."product_id", "public"."PRODUCT"."category_id", "public"."PRODUCT"."product_code", "public"."PRODUCT"."product_name", "public"."PRODUCT"."pack_size", "public"."PRODUCT"."selling_price" FROM "public"."PRODUCT" WHERE "public"."PRODUCT"."product_id" IN ($1,$2,$3,$4,$5,$6,$7,$8,$9,$10,$11,$12,$13,$14,$15,$16,$17,$18,$19,$20) OFFSET $21
prisma:query SELECT "public"."USER"."user_id", "public"."USER"."role_id", "public"."USER"."full_name", "public"."USER"."username", "public"."USER"."password_hash" FROM "public"."USER" WHERE "public"."USER"."user_id" IN ($1,$2,$3,$4,$5,$6,$7,$8,$9,$10,$11,$12,$13,$14,$15,$16,$17,$18,$19,$20) OFFSET $21
prisma:query SELECT "public"."INVENTORY_LOCATION"."location_id", "public"."INVENTORY_LOCATION"."code", "public"."INVENTORY_LOCATION"."name" FROM "public"."INVENTORY_LOCATION" WHERE "public"."INVENTORY_LOCATION"."location_id" IN ($1) OFFSET $2
prisma:query COMMIT
 GET /inventory 200 in 3.1s (next.js: 3ms, application-code: 3.1s)
prisma:query SELECT "public"."INVENTORY_LOCATION"."location_id", "public"."INVENTORY_LOCATION"."code", "public"."INVENTORY_LOCATION"."name" FROM "public"."INVENTORY_LOCATION" WHERE 1=1 ORDER BY "public"."INVENTORY_LOCATION"."location_id" ASC OFFSET $1
 GET /api/locations 200 in 207ms (next.js: 3ms, application-code: 204ms)
 GET /inventory/movements 200 in 415ms (next.js: 3ms, application-code: 412ms)
prisma:query SELECT COUNT(*) AS "_count$_all" FROM (SELECT "public"."STOCK_MOVEMENT"."movement_id" FROM "public"."STOCK_MOVEMENT" WHERE 1=1 OFFSET $1) AS "sub"
prisma:query SELECT "public"."STOCK_MOVEMENT"."movement_id", "public"."STOCK_MOVEMENT"."stock_id", "public"."STOCK_MOVEMENT"."created_by", "public"."STOCK_MOVEMENT"."movement_type"::text, "public"."STOCK_MOVEMENT"."quantity", "public"."STOCK_MOVEMENT"."movement_date", "public"."STOCK_MOVEMENT"."notes", "public"."STOCK_MOVEMENT"."product_id" FROM "public"."STOCK_MOVEMENT" WHERE 1=1 ORDER BY "public"."STOCK_MOVEMENT"."movement_date" DESC LIMIT $1 OFFSET $2
prisma:query SELECT "public"."STOCK"."stock_id", "public"."STOCK"."product_id", "public"."STOCK"."location_id", "public"."STOCK"."quantity_on_hand" FROM "public"."STOCK" WHERE "public"."STOCK"."stock_id" IN ($1,$2,$3,$4,$5,$6,$7,$8,$9,$10,$11,$12,$13,$14,$15,$16,$17,$18,$19,$20) OFFSET $21
prisma:query SELECT "public"."PRODUCT"."product_id", "public"."PRODUCT"."category_id", "public"."PRODUCT"."product_code", "public"."PRODUCT"."product_name", "public"."PRODUCT"."pack_size", "public"."PRODUCT"."selling_price" FROM "public"."PRODUCT" WHERE "public"."PRODUCT"."product_id" IN ($1,$2,$3,$4,$5,$6,$7,$8,$9,$10,$11,$12,$13,$14,$15,$16,$17,$18,$19,$20) OFFSET $21
prisma:query SELECT "public"."USER"."user_id", "public"."USER"."role_id", "public"."USER"."full_name", "public"."USER"."username", "public"."USER"."password_hash" FROM "public"."USER" WHERE "public"."USER"."user_id" IN ($1,$2,$3,$4,$5,$6,$7,$8,$9,$10,$11,$12,$13,$14,$15,$16,$17,$18,$19,$20) OFFSET $21
prisma:query SELECT "public"."INVENTORY_LOCATION"."location_id", "public"."INVENTORY_LOCATION"."code", "public"."INVENTORY_LOCATION"."name" FROM "public"."INVENTORY_LOCATION" WHERE "public"."INVENTORY_LOCATION"."location_id" IN ($1) OFFSET $2
prisma:query COMMIT
 GET /api/stock-movements?page=1&pageSize=20 200 in 1552ms (next.js: 3ms, application-code: 1549ms)
 GET / 200 in 2.3s (next.js: 230ms, application-code: 2.1s)
 GET / 200 in 683ms (next.js: 20ms, application-code: 663ms)
prisma:query SELECT "public"."CATEGORY"."category_id", "public"."CATEGORY"."name", "public"."CATEGORY"."tag" FROM "public"."CATEGORY" WHERE 1=1 ORDER BY "public"."CATEGORY"."name" ASC OFFSET $1
 GET /api/categories 200 in 2.1s (next.js: 16ms, application-code: 2.1s)
prisma:query SELECT "public"."INVENTORY_LOCATION"."location_id", "public"."INVENTORY_LOCATION"."code", "public"."INVENTORY_LOCATION"."name" FROM "public"."INVENTORY_LOCATION" WHERE 1=1 ORDER BY "public"."INVENTORY_LOCATION"."location_id" ASC OFFSET $1
 GET /api/locations 200 in 283ms (next.js: 24ms, application-code: 259ms)
prisma:query SELECT COUNT(*) AS "_count$_all" FROM (SELECT "public"."STOCK"."stock_id" FROM "public"."STOCK" WHERE 1=1 OFFSET $1) AS "sub"
prisma:query SELECT "public"."STOCK"."stock_id", "public"."STOCK"."product_id", "public"."STOCK"."location_id", "public"."STOCK"."quantity_on_hand" FROM "public"."STOCK" WHERE ("public"."STOCK"."product_id" = $1 AND "public"."STOCK"."location_id" = $2) LIMIT $3 OFFSET $4
prisma:query SELECT "public"."STOCK"."stock_id", "public"."STOCK"."product_id", "public"."STOCK"."location_id", "public"."STOCK"."quantity_on_hand" FROM "public"."STOCK" LEFT JOIN "public"."INVENTORY_LOCATION" AS "orderby_1" ON ("orderby_1"."location_id") = ("public"."STOCK"."location_id") LEFT JOIN "public"."PRODUCT" AS "orderby_2" ON ("orderby_2"."product_id") = ("public"."STOCK"."product_id") WHERE 1=1 ORDER BY "orderby_1"."location_id" ASC, "orderby_2"."product_name" ASC LIMIT $1 OFFSET $2
prisma:query UPDATE "public"."STOCK" SET "quantity_on_hand" = ("public"."STOCK"."quantity_on_hand" + $1) WHERE ("public"."STOCK"."stock_id" = $2 AND 1=1) RETURNING "public"."STOCK"."stock_id", "public"."STOCK"."product_id", "public"."STOCK"."location_id", "public"."STOCK"."quantity_on_hand"
prisma:query SELECT "public"."PRODUCT"."product_id", "public"."PRODUCT"."category_id", "public"."PRODUCT"."product_code", "public"."PRODUCT"."product_name", "public"."PRODUCT"."pack_size", "public"."PRODUCT"."selling_price" FROM "public"."PRODUCT" WHERE "public"."PRODUCT"."product_id" IN ($1,$2,$3,$4,$5,$6,$7,$8,$9,$10,$11,$12,$13,$14,$15,$16,$17) OFFSET $18
prisma:query INSERT INTO "public"."STOCK_MOVEMENT" ("stock_id","created_by","movement_type","quantity","movement_date","notes","product_id") VALUES ($1,$2,CAST($3::text AS "public"."MovementType"),$4,$5,$6,$7) RETURNING "public"."STOCK_MOVEMENT"."movement_id", "public"."STOCK_MOVEMENT"."stock_id", "public"."STOCK_MOVEMENT"."created_by", "public"."STOCK_MOVEMENT"."movement_type"::text, "public"."STOCK_MOVEMENT"."quantity", "public"."STOCK_MOVEMENT"."movement_date", "public"."STOCK_MOVEMENT"."notes", "public"."STOCK_MOVEMENT"."product_id"
"revalidateTag" without the second argument is now deprecated, add second argument of "max" or use "updateTag". See more info here: https://nextjs.org/docs/messages/revalidate-tag-single-arg
 POST /api/inventory/stock 201 in 747ms (next.js: 20ms, application-code: 727ms)
prisma:query SELECT "public"."INVENTORY_LOCATION"."location_id", "public"."INVENTORY_LOCATION"."code", "public"."INVENTORY_LOCATION"."name" FROM "public"."INVENTORY_LOCATION" WHERE "public"."INVENTORY_LOCATION"."location_id" IN ($1,$2,$3,$4,$5,$6,$7,$8,$9,$10,$11,$12,$13,$14,$15,$16,$17) OFFSET $18
prisma:query SELECT "public"."CATEGORY"."category_id", "public"."CATEGORY"."name", "public"."CATEGORY"."tag" FROM "public"."CATEGORY" WHERE "public"."CATEGORY"."category_id" IN ($1,$2,$3,$4,$5,$6,$7,$8,$9,$10,$11,$12,$13) OFFSET $14
prisma:query SELECT "public"."PRODUCT"."product_id", "public"."PRODUCT"."category_id", "public"."PRODUCT"."product_code", "public"."PRODUCT"."product_name", "public"."PRODUCT"."pack_size", "public"."PRODUCT"."selling_price" FROM "public"."PRODUCT" WHERE "public"."PRODUCT"."product_code" = $1 LIMIT $2 OFFSET $3
prisma:query COMMIT
prisma:query SELECT "public"."INVENTORY_LOCATION"."location_id", "public"."INVENTORY_LOCATION"."code", "public"."INVENTORY_LOCATION"."name" FROM "public"."INVENTORY_LOCATION" WHERE "public"."INVENTORY_LOCATION"."code" = $1 LIMIT $2 OFFSET $3
 POST /api/inventory/import 400 in 427ms (next.js: 14ms, application-code: 413ms)
prisma:query 
      SELECT
        l.location_id,
        l.code,
        l.name,
        COUNT(s.stock_id)                                                     AS total_products,
        COALESCE(SUM(s.quantity_on_hand), 0)                                  AS total_units,
        COUNT(CASE WHEN s.quantity_on_hand > 0
                    AND s.quantity_on_hand < $1 THEN 1 END)     AS low_count,
        COUNT(CASE WHEN s.quantity_on_hand <= 0              THEN 1 END)      AS out_count
      FROM "INVENTORY_LOCATION" l
      LEFT JOIN "STOCK" s ON s.location_id = l.location_id
      GROUP BY l.location_id, l.code, l.name
      ORDER BY l.location_id
    
prisma:query UPDATE "public"."PRODUCT" SET "product_name" = $1, "selling_price" = $2 WHERE ("public"."PRODUCT"."product_id" = $3 AND 1=1) RETURNING "public"."PRODUCT"."product_id", "public"."PRODUCT"."category_id", "public"."PRODUCT"."product_code", "public"."PRODUCT"."product_name", "public"."PRODUCT"."pack_size", "public"."PRODUCT"."selling_price"
prisma:query SELECT "public"."PRODUCT"."product_id", "public"."PRODUCT"."category_id", "public"."PRODUCT"."product_code", "public"."PRODUCT"."product_name", "public"."PRODUCT"."pack_size", "public"."PRODUCT"."selling_price" FROM "public"."PRODUCT" WHERE "public"."PRODUCT"."product_id" = $1 LIMIT $2 OFFSET $3
prisma:query SELECT "public"."CATEGORY"."category_id", "public"."CATEGORY"."name", "public"."CATEGORY"."tag" FROM "public"."CATEGORY" WHERE "public"."CATEGORY"."category_id" = $1 OFFSET $2
prisma:query COMMIT
"revalidateTag" without the second argument is now deprecated, add second argument of "max" or use "updateTag". See more info here: https://nextjs.org/docs/messages/revalidate-tag-single-arg
 PATCH /api/products/1 200 in 1692ms (next.js: 689ms, application-code: 1003ms)
prisma:query SELECT COUNT(*) AS "_count$_all" FROM (SELECT "public"."STOCK_MOVEMENT"."movement_id" FROM "public"."STOCK_MOVEMENT" WHERE 1=1 OFFSET $1) AS "sub"
prisma:query SELECT "public"."STOCK"."stock_id", "public"."STOCK"."product_id", "public"."STOCK"."location_id", "public"."STOCK"."quantity_on_hand" FROM "public"."STOCK" WHERE "public"."STOCK"."product_id" = $1 LIMIT $2 OFFSET $3
prisma:query SELECT "public"."STOCK_MOVEMENT"."movement_id", "public"."STOCK_MOVEMENT"."stock_id", "public"."STOCK_MOVEMENT"."created_by", "public"."STOCK_MOVEMENT"."movement_type"::text, "public"."STOCK_MOVEMENT"."quantity", "public"."STOCK_MOVEMENT"."movement_date", "public"."STOCK_MOVEMENT"."notes", "public"."STOCK_MOVEMENT"."product_id" FROM "public"."STOCK_MOVEMENT" WHERE 1=1 ORDER BY "public"."STOCK_MOVEMENT"."movement_date" DESC LIMIT $1 OFFSET $2
prisma:query DELETE FROM "public"."PRODUCT" WHERE ("public"."PRODUCT"."product_id" = $1 AND 1=1) RETURNING "public"."PRODUCT"."product_id", "public"."PRODUCT"."category_id", "public"."PRODUCT"."product_code", "public"."PRODUCT"."product_name", "public"."PRODUCT"."pack_size", "public"."PRODUCT"."selling_price"
prisma:error 
Invalid `prisma.product.delete()` invocation:


An operation failed because it depends on one or more records that were required but not found. No record was found for a delete.
 DELETE /api/products/9999 400 in 418ms (next.js: 6ms, application-code: 412ms)
prisma:query SELECT "public"."STOCK"."stock_id", "public"."STOCK"."product_id", "public"."STOCK"."location_id", "public"."STOCK"."quantity_on_hand" FROM "public"."STOCK" WHERE "public"."STOCK"."stock_id" IN ($1,$2,$3,$4,$5,$6,$7,$8,$9,$10,$11,$12,$13,$14,$15,$16,$17,$18,$19,$20) OFFSET $21
prisma:query SELECT "public"."STOCK_MOVEMENT"."movement_id", "public"."STOCK_MOVEMENT"."stock_id", "public"."STOCK_MOVEMENT"."created_by", "public"."STOCK_MOVEMENT"."movement_type"::text, "public"."STOCK_MOVEMENT"."quantity", "public"."STOCK_MOVEMENT"."movement_date", "public"."STOCK_MOVEMENT"."notes", "public"."STOCK_MOVEMENT"."product_id" FROM "public"."STOCK_MOVEMENT" WHERE ("public"."STOCK_MOVEMENT"."movement_id" = $1 AND 1=1) LIMIT $2 OFFSET $3
[DELETE /api/stock-movements/9999] Error: Movement not found
    at deleteMovement (lib/inventoryService.ts:457:24)
    at async DELETE (app/api/stock-movements/[movementId]/route.ts:7:5)
  455 | export async function deleteMovement(movementId: number) {
  456 |   const movement = await prisma.stockMovement.findUnique({ where: { movement_id: movement...
> 457 |   if (!movement) throw new Error("Movement not found");
      |                        ^
  458 |
  459 |   const stock = await prisma.stock.findUnique({ where: { stock_id: movement.stock_id } });
  460 |   if (!stock) throw new Error("Stock not found");
 DELETE /api/stock-movements/9999 400 in 1324ms (next.js: 73ms, application-code: 1252ms)
prisma:query SELECT "public"."PRODUCT"."product_id", "public"."PRODUCT"."category_id", "public"."PRODUCT"."product_code", "public"."PRODUCT"."product_name", "public"."PRODUCT"."pack_size", "public"."PRODUCT"."selling_price" FROM "public"."PRODUCT" WHERE "public"."PRODUCT"."product_id" IN ($1,$2,$3,$4,$5,$6,$7,$8,$9,$10,$11,$12,$13,$14,$15,$16,$17,$18,$19,$20) OFFSET $21
prisma:query SELECT "public"."USER"."user_id", "public"."USER"."role_id", "public"."USER"."full_name", "public"."USER"."username", "public"."USER"."password_hash" FROM "public"."USER" WHERE "public"."USER"."user_id" IN ($1,$2,$3,$4,$5,$6,$7,$8,$9,$10,$11,$12,$13,$14,$15,$16,$17,$18,$19,$20) OFFSET $21
prisma:query SELECT "public"."INVENTORY_LOCATION"."location_id", "public"."INVENTORY_LOCATION"."code", "public"."INVENTORY_LOCATION"."name" FROM "public"."INVENTORY_LOCATION" WHERE "public"."INVENTORY_LOCATION"."location_id" IN ($1,$2) OFFSET $3
prisma:query COMMIT
 GET /inventory 200 in 9.4s (next.js: 18ms, application-code: 9.3s)
prisma:query SELECT "public"."INVENTORY_LOCATION"."location_id", "public"."INVENTORY_LOCATION"."code", "public"."INVENTORY_LOCATION"."name" FROM "public"."INVENTORY_LOCATION" WHERE 1=1 ORDER BY "public"."INVENTORY_LOCATION"."location_id" ASC OFFSET $1
 GET /api/locations 200 in 302ms (next.js: 28ms, application-code: 273ms)
prisma:query SELECT COUNT(*) AS "_count$_all" FROM (SELECT "public"."STOCK"."stock_id" FROM "public"."STOCK" WHERE 1=1 OFFSET $1) AS "sub"
prisma:query SELECT "public"."STOCK"."stock_id", "public"."STOCK"."product_id", "public"."STOCK"."location_id", "public"."STOCK"."quantity_on_hand" FROM "public"."STOCK" LEFT JOIN "public"."INVENTORY_LOCATION" AS "orderby_1" ON ("orderby_1"."location_id") = ("public"."STOCK"."location_id") LEFT JOIN "public"."PRODUCT" AS "orderby_2" ON ("orderby_2"."product_id") = ("public"."STOCK"."product_id") WHERE 1=1 ORDER BY "orderby_1"."location_id" ASC, "orderby_2"."product_name" ASC LIMIT $1 OFFSET $2
prisma:query SELECT "public"."PRODUCT"."product_id", "public"."PRODUCT"."category_id", "public"."PRODUCT"."product_code", "public"."PRODUCT"."product_name", "public"."PRODUCT"."pack_size", "public"."PRODUCT"."selling_price" FROM "public"."PRODUCT" WHERE "public"."PRODUCT"."product_id" IN ($1,$2,$3,$4,$5,$6,$7,$8,$9,$10,$11,$12,$13,$14,$15,$16,$17) OFFSET $18
prisma:query SELECT "public"."INVENTORY_LOCATION"."location_id", "public"."INVENTORY_LOCATION"."code", "public"."INVENTORY_LOCATION"."name" FROM "public"."INVENTORY_LOCATION" WHERE "public"."INVENTORY_LOCATION"."location_id" IN ($1,$2,$3,$4,$5,$6,$7,$8,$9,$10,$11,$12,$13,$14,$15,$16,$17) OFFSET $18
prisma:query SELECT "public"."CATEGORY"."category_id", "public"."CATEGORY"."name", "public"."CATEGORY"."tag" FROM "public"."CATEGORY" WHERE "public"."CATEGORY"."category_id" IN ($1,$2,$3,$4,$5,$6,$7,$8,$9,$10,$11,$12,$13) OFFSET $14
prisma:query COMMIT
prisma:query 
      SELECT
        l.location_id,
        l.code,
        l.name,
        COUNT(s.stock_id)                                                     AS total_products,
        COALESCE(SUM(s.quantity_on_hand), 0)                                  AS total_units,
        COUNT(CASE WHEN s.quantity_on_hand > 0
                    AND s.quantity_on_hand < $1 THEN 1 END)     AS low_count,
        COUNT(CASE WHEN s.quantity_on_hand <= 0              THEN 1 END)      AS out_count
      FROM "INVENTORY_LOCATION" l
      LEFT JOIN "STOCK" s ON s.location_id = l.location_id
      GROUP BY l.location_id, l.code, l.name
      ORDER BY l.location_id
    
prisma:query SELECT COUNT(*) AS "_count$_all" FROM (SELECT "public"."STOCK_MOVEMENT"."movement_id" FROM "public"."STOCK_MOVEMENT" WHERE 1=1 OFFSET $1) AS "sub"
prisma:query SELECT "public"."STOCK_MOVEMENT"."movement_id", "public"."STOCK_MOVEMENT"."stock_id", "public"."STOCK_MOVEMENT"."created_by", "public"."STOCK_MOVEMENT"."movement_type"::text, "public"."STOCK_MOVEMENT"."quantity", "public"."STOCK_MOVEMENT"."movement_date", "public"."STOCK_MOVEMENT"."notes", "public"."STOCK_MOVEMENT"."product_id" FROM "public"."STOCK_MOVEMENT" WHERE 1=1 ORDER BY "public"."STOCK_MOVEMENT"."movement_date" DESC LIMIT $1 OFFSET $2
prisma:query SELECT "public"."STOCK"."stock_id", "public"."STOCK"."product_id", "public"."STOCK"."location_id", "public"."STOCK"."quantity_on_hand" FROM "public"."STOCK" WHERE "public"."STOCK"."stock_id" IN ($1,$2,$3,$4,$5,$6,$7,$8,$9,$10,$11,$12,$13,$14,$15,$16,$17,$18,$19,$20) OFFSET $21
prisma:query SELECT "public"."PRODUCT"."product_id", "public"."PRODUCT"."category_id", "public"."PRODUCT"."product_code", "public"."PRODUCT"."product_name", "public"."PRODUCT"."pack_size", "public"."PRODUCT"."selling_price" FROM "public"."PRODUCT" WHERE "public"."PRODUCT"."product_id" IN ($1,$2,$3,$4,$5,$6,$7,$8,$9,$10,$11,$12,$13,$14,$15,$16,$17,$18,$19,$20) OFFSET $21
prisma:query SELECT "public"."USER"."user_id", "public"."USER"."role_id", "public"."USER"."full_name", "public"."USER"."username", "public"."USER"."password_hash" FROM "public"."USER" WHERE "public"."USER"."user_id" IN ($1,$2,$3,$4,$5,$6,$7,$8,$9,$10,$11,$12,$13,$14,$15,$16,$17,$18,$19,$20) OFFSET $21
prisma:query SELECT "public"."INVENTORY_LOCATION"."location_id", "public"."INVENTORY_LOCATION"."code", "public"."INVENTORY_LOCATION"."name" FROM "public"."INVENTORY_LOCATION" WHERE "public"."INVENTORY_LOCATION"."location_id" IN ($1,$2) OFFSET $3
prisma:query COMMIT
 GET /inventory 200 in 3.1s (next.js: 6ms, application-code: 3.1s)
prisma:query SELECT "public"."INVENTORY_LOCATION"."location_id", "public"."INVENTORY_LOCATION"."code", "public"."INVENTORY_LOCATION"."name" FROM "public"."INVENTORY_LOCATION" WHERE 1=1 ORDER BY "public"."INVENTORY_LOCATION"."location_id" ASC OFFSET $1
 GET /api/locations 200 in 213ms (next.js: 10ms, application-code: 203ms)
prisma:query SELECT COUNT(*) AS "_count$_all" FROM (SELECT "public"."STOCK"."stock_id" FROM "public"."STOCK" WHERE 1=1 OFFSET $1) AS "sub"
prisma:query SELECT "public"."STOCK"."stock_id", "public"."STOCK"."product_id", "public"."STOCK"."location_id", "public"."STOCK"."quantity_on_hand" FROM "public"."STOCK" LEFT JOIN "public"."INVENTORY_LOCATION" AS "orderby_1" ON ("orderby_1"."location_id") = ("public"."STOCK"."location_id") LEFT JOIN "public"."PRODUCT" AS "orderby_2" ON ("orderby_2"."product_id") = ("public"."STOCK"."product_id") WHERE 1=1 ORDER BY "orderby_1"."location_id" ASC, "orderby_2"."product_name" ASC LIMIT $1 OFFSET $2
prisma:query SELECT "public"."PRODUCT"."product_id", "public"."PRODUCT"."category_id", "public"."PRODUCT"."product_code", "public"."PRODUCT"."product_name", "public"."PRODUCT"."pack_size", "public"."PRODUCT"."selling_price" FROM "public"."PRODUCT" WHERE "public"."PRODUCT"."product_id" IN ($1,$2,$3,$4,$5,$6,$7,$8,$9,$10,$11,$12,$13,$14,$15,$16,$17) OFFSET $18
prisma:query SELECT "public"."INVENTORY_LOCATION"."location_id", "public"."INVENTORY_LOCATION"."code", "public"."INVENTORY_LOCATION"."name" FROM "public"."INVENTORY_LOCATION" WHERE "public"."INVENTORY_LOCATION"."location_id" IN ($1,$2,$3,$4,$5,$6,$7,$8,$9,$10,$11,$12,$13,$14,$15,$16,$17) OFFSET $18
prisma:query SELECT "public"."CATEGORY"."category_id", "public"."CATEGORY"."name", "public"."CATEGORY"."tag" FROM "public"."CATEGORY" WHERE "public"."CATEGORY"."category_id" IN ($1,$2,$3,$4,$5,$6,$7,$8,$9,$10,$11,$12,$13) OFFSET $14
prisma:query COMMIT
prisma:query SELECT COUNT(*) AS "_count$_all" FROM (SELECT "public"."STOCK_MOVEMENT"."movement_id" FROM "public"."STOCK_MOVEMENT" WHERE 1=1 OFFSET $1) AS "sub"
prisma:query SELECT "public"."STOCK_MOVEMENT"."movement_id", "public"."STOCK_MOVEMENT"."stock_id", "public"."STOCK_MOVEMENT"."created_by", "public"."STOCK_MOVEMENT"."movement_type"::text, "public"."STOCK_MOVEMENT"."quantity", "public"."STOCK_MOVEMENT"."movement_date", "public"."STOCK_MOVEMENT"."notes", "public"."STOCK_MOVEMENT"."product_id" FROM "public"."STOCK_MOVEMENT" WHERE 1=1 ORDER BY "public"."STOCK_MOVEMENT"."movement_date" DESC LIMIT $1 OFFSET $2
prisma:query SELECT "public"."STOCK"."stock_id", "public"."STOCK"."product_id", "public"."STOCK"."location_id", "public"."STOCK"."quantity_on_hand" FROM "public"."STOCK" WHERE "public"."STOCK"."stock_id" IN ($1,$2,$3,$4,$5,$6,$7,$8,$9,$10,$11,$12,$13,$14,$15,$16,$17,$18,$19,$20) OFFSET $21
prisma:query SELECT "public"."PRODUCT"."product_id", "public"."PRODUCT"."category_id", "public"."PRODUCT"."product_code", "public"."PRODUCT"."product_name", "public"."PRODUCT"."pack_size", "public"."PRODUCT"."selling_price" FROM "public"."PRODUCT" WHERE "public"."PRODUCT"."product_id" IN ($1,$2,$3,$4,$5,$6,$7,$8,$9,$10,$11,$12,$13,$14,$15,$16,$17,$18,$19,$20) OFFSET $21
prisma:query SELECT "public"."USER"."user_id", "public"."USER"."role_id", "public"."USER"."full_name", "public"."USER"."username", "public"."USER"."password_hash" FROM "public"."USER" WHERE "public"."USER"."user_id" IN ($1,$2,$3,$4,$5,$6,$7,$8,$9,$10,$11,$12,$13,$14,$15,$16,$17,$18,$19,$20) OFFSET $21
prisma:query SELECT "public"."INVENTORY_LOCATION"."location_id", "public"."INVENTORY_LOCATION"."code", "public"."INVENTORY_LOCATION"."name" FROM "public"."INVENTORY_LOCATION" WHERE "public"."INVENTORY_LOCATION"."location_id" IN ($1,$2) OFFSET $3
prisma:query COMMIT
 GET /inventory 200 in 3.0s (next.js: 4ms, application-code: 3.0s)
 GET /api/locations 200 in 194ms (next.js: 3ms, application-code: 191ms)
prisma:query SELECT "public"."INVENTORY_LOCATION"."location_id", "public"."INVENTORY_LOCATION"."code", "public"."INVENTORY_LOCATION"."name" FROM "public"."INVENTORY_LOCATION" WHERE 1=1 ORDER BY "public"."INVENTORY_LOCATION"."location_id" ASC OFFSET $1
prisma:query SELECT COUNT(*) AS "_count$_all" FROM (SELECT "public"."STOCK"."stock_id" FROM "public"."STOCK" WHERE 1=1 OFFSET $1) AS "sub"
prisma:query SELECT "public"."STOCK"."stock_id", "public"."STOCK"."product_id", "public"."STOCK"."location_id", "public"."STOCK"."quantity_on_hand" FROM "public"."STOCK" LEFT JOIN "public"."INVENTORY_LOCATION" AS "orderby_1" ON ("orderby_1"."location_id") = ("public"."STOCK"."location_id") LEFT JOIN "public"."PRODUCT" AS "orderby_2" ON ("orderby_2"."product_id") = ("public"."STOCK"."product_id") WHERE 1=1 ORDER BY "orderby_1"."location_id" ASC, "orderby_2"."product_name" ASC LIMIT $1 OFFSET $2
prisma:query SELECT "public"."PRODUCT"."product_id", "public"."PRODUCT"."category_id", "public"."PRODUCT"."product_code", "public"."PRODUCT"."product_name", "public"."PRODUCT"."pack_size", "public"."PRODUCT"."selling_price" FROM "public"."PRODUCT" WHERE "public"."PRODUCT"."product_id" IN ($1,$2,$3,$4,$5,$6,$7,$8,$9,$10,$11,$12,$13,$14,$15,$16,$17) OFFSET $18
prisma:query SELECT "public"."INVENTORY_LOCATION"."location_id", "public"."INVENTORY_LOCATION"."code", "public"."INVENTORY_LOCATION"."name" FROM "public"."INVENTORY_LOCATION" WHERE "public"."INVENTORY_LOCATION"."location_id" IN ($1,$2,$3,$4,$5,$6,$7,$8,$9,$10,$11,$12,$13,$14,$15,$16,$17) OFFSET $18
prisma:query SELECT "public"."CATEGORY"."category_id", "public"."CATEGORY"."name", "public"."CATEGORY"."tag" FROM "public"."CATEGORY" WHERE "public"."CATEGORY"."category_id" IN ($1,$2,$3,$4,$5,$6,$7,$8,$9,$10,$11,$12,$13) OFFSET $14
prisma:query COMMIT
prisma:query SELECT COUNT(*) AS "_count$_all" FROM (SELECT "public"."STOCK_MOVEMENT"."movement_id" FROM "public"."STOCK_MOVEMENT" WHERE 1=1 OFFSET $1) AS "sub"
prisma:query SELECT "public"."STOCK_MOVEMENT"."movement_id", "public"."STOCK_MOVEMENT"."stock_id", "public"."STOCK_MOVEMENT"."created_by", "public"."STOCK_MOVEMENT"."movement_type"::text, "public"."STOCK_MOVEMENT"."quantity", "public"."STOCK_MOVEMENT"."movement_date", "public"."STOCK_MOVEMENT"."notes", "public"."STOCK_MOVEMENT"."product_id" FROM "public"."STOCK_MOVEMENT" WHERE 1=1 ORDER BY "public"."STOCK_MOVEMENT"."movement_date" DESC LIMIT $1 OFFSET $2
prisma:query SELECT "public"."STOCK"."stock_id", "public"."STOCK"."product_id", "public"."STOCK"."location_id", "public"."STOCK"."quantity_on_hand" FROM "public"."STOCK" WHERE "public"."STOCK"."stock_id" IN ($1,$2,$3,$4,$5,$6,$7,$8,$9,$10,$11,$12,$13,$14,$15,$16,$17,$18,$19,$20) OFFSET $21
prisma:query SELECT "public"."PRODUCT"."product_id", "public"."PRODUCT"."category_id", "public"."PRODUCT"."product_code", "public"."PRODUCT"."product_name", "public"."PRODUCT"."pack_size", "public"."PRODUCT"."selling_price" FROM "public"."PRODUCT" WHERE "public"."PRODUCT"."product_id" IN ($1,$2,$3,$4,$5,$6,$7,$8,$9,$10,$11,$12,$13,$14,$15,$16,$17,$18,$19,$20) OFFSET $21
prisma:query SELECT "public"."USER"."user_id", "public"."USER"."role_id", "public"."USER"."full_name", "public"."USER"."username", "public"."USER"."password_hash" FROM "public"."USER" WHERE "public"."USER"."user_id" IN ($1,$2,$3,$4,$5,$6,$7,$8,$9,$10,$11,$12,$13,$14,$15,$16,$17,$18,$19,$20) OFFSET $21
prisma:query SELECT "public"."INVENTORY_LOCATION"."location_id", "public"."INVENTORY_LOCATION"."code", "public"."INVENTORY_LOCATION"."name" FROM "public"."INVENTORY_LOCATION" WHERE "public"."INVENTORY_LOCATION"."location_id" IN ($1,$2) OFFSET $3
prisma:query COMMIT
 GET /inventory 200 in 3.0s (next.js: 4ms, application-code: 3.0s)
prisma:query SELECT "public"."INVENTORY_LOCATION"."location_id", "public"."INVENTORY_LOCATION"."code", "public"."INVENTORY_LOCATION"."name" FROM "public"."INVENTORY_LOCATION" WHERE 1=1 ORDER BY "public"."INVENTORY_LOCATION"."location_id" ASC OFFSET $1
 GET /api/locations 200 in 201ms (next.js: 3ms, application-code: 198ms)
prisma:query SELECT COUNT(*) AS "_count$_all" FROM (SELECT "public"."STOCK"."stock_id" FROM "public"."STOCK" WHERE 1=1 OFFSET $1) AS "sub"
prisma:query SELECT "public"."STOCK"."stock_id", "public"."STOCK"."product_id", "public"."STOCK"."location_id", "public"."STOCK"."quantity_on_hand" FROM "public"."STOCK" LEFT JOIN "public"."INVENTORY_LOCATION" AS "orderby_1" ON ("orderby_1"."location_id") = ("public"."STOCK"."location_id") LEFT JOIN "public"."PRODUCT" AS "orderby_2" ON ("orderby_2"."product_id") = ("public"."STOCK"."product_id") WHERE 1=1 ORDER BY "orderby_1"."location_id" ASC, "orderby_2"."product_name" ASC LIMIT $1 OFFSET $2
prisma:query SELECT "public"."PRODUCT"."product_id", "public"."PRODUCT"."category_id", "public"."PRODUCT"."product_code", "public"."PRODUCT"."product_name", "public"."PRODUCT"."pack_size", "public"."PRODUCT"."selling_price" FROM "public"."PRODUCT" WHERE "public"."PRODUCT"."product_id" IN ($1,$2,$3,$4,$5,$6,$7,$8,$9,$10,$11,$12,$13,$14,$15,$16,$17) OFFSET $18
prisma:query SELECT "public"."INVENTORY_LOCATION"."location_id", "public"."INVENTORY_LOCATION"."code", "public"."INVENTORY_LOCATION"."name" FROM "public"."INVENTORY_LOCATION" WHERE "public"."INVENTORY_LOCATION"."location_id" IN ($1,$2,$3,$4,$5,$6,$7,$8,$9,$10,$11,$12,$13,$14,$15,$16,$17) OFFSET $18
prisma:query SELECT "public"."CATEGORY"."category_id", "public"."CATEGORY"."name", "public"."CATEGORY"."tag" FROM "public"."CATEGORY" WHERE "public"."CATEGORY"."category_id" IN ($1,$2,$3,$4,$5,$6,$7,$8,$9,$10,$11,$12,$13) OFFSET $14
prisma:query COMMIT
prisma:query SELECT COUNT(*) AS "_count$_all" FROM (SELECT "public"."STOCK_MOVEMENT"."movement_id" FROM "public"."STOCK_MOVEMENT" WHERE 1=1 OFFSET $1) AS "sub"
prisma:query SELECT "public"."STOCK_MOVEMENT"."movement_id", "public"."STOCK_MOVEMENT"."stock_id", "public"."STOCK_MOVEMENT"."created_by", "public"."STOCK_MOVEMENT"."movement_type"::text, "public"."STOCK_MOVEMENT"."quantity", "public"."STOCK_MOVEMENT"."movement_date", "public"."STOCK_MOVEMENT"."notes", "public"."STOCK_MOVEMENT"."product_id" FROM "public"."STOCK_MOVEMENT" WHERE 1=1 ORDER BY "public"."STOCK_MOVEMENT"."movement_date" DESC LIMIT $1 OFFSET $2
prisma:query SELECT "public"."STOCK"."stock_id", "public"."STOCK"."product_id", "public"."STOCK"."location_id", "public"."STOCK"."quantity_on_hand" FROM "public"."STOCK" WHERE "public"."STOCK"."stock_id" IN ($1,$2,$3,$4,$5,$6,$7,$8,$9,$10,$11,$12,$13,$14,$15,$16,$17,$18,$19,$20) OFFSET $21
prisma:query SELECT "public"."PRODUCT"."product_id", "public"."PRODUCT"."category_id", "public"."PRODUCT"."product_code", "public"."PRODUCT"."product_name", "public"."PRODUCT"."pack_size", "public"."PRODUCT"."selling_price" FROM "public"."PRODUCT" WHERE "public"."PRODUCT"."product_id" IN ($1,$2,$3,$4,$5,$6,$7,$8,$9,$10,$11,$12,$13,$14,$15,$16,$17,$18,$19,$20) OFFSET $21
prisma:query SELECT "public"."USER"."user_id", "public"."USER"."role_id", "public"."USER"."full_name", "public"."USER"."username", "public"."USER"."password_hash" FROM "public"."USER" WHERE "public"."USER"."user_id" IN ($1,$2,$3,$4,$5,$6,$7,$8,$9,$10,$11,$12,$13,$14,$15,$16,$17,$18,$19,$20) OFFSET $21
prisma:query SELECT "public"."INVENTORY_LOCATION"."location_id", "public"."INVENTORY_LOCATION"."code", "public"."INVENTORY_LOCATION"."name" FROM "public"."INVENTORY_LOCATION" WHERE "public"."INVENTORY_LOCATION"."location_id" IN ($1,$2) OFFSET $3
prisma:query COMMIT
 GET /inventory 200 in 3.1s (next.js: 3ms, application-code: 3.1s)
prisma:query SELECT "public"."INVENTORY_LOCATION"."location_id", "public"."INVENTORY_LOCATION"."code", "public"."INVENTORY_LOCATION"."name" FROM "public"."INVENTORY_LOCATION" WHERE 1=1 ORDER BY "public"."INVENTORY_LOCATION"."location_id" ASC OFFSET $1
 GET /api/locations 200 in 215ms (next.js: 7ms, application-code: 208ms)
prisma:query SELECT COUNT(*) AS "_count$_all" FROM (SELECT "public"."STOCK"."stock_id" FROM "public"."STOCK" WHERE 1=1 OFFSET $1) AS "sub"
prisma:query SELECT "public"."STOCK"."stock_id", "public"."STOCK"."product_id", "public"."STOCK"."location_id", "public"."STOCK"."quantity_on_hand" FROM "public"."STOCK" LEFT JOIN "public"."INVENTORY_LOCATION" AS "orderby_1" ON ("orderby_1"."location_id") = ("public"."STOCK"."location_id") LEFT JOIN "public"."PRODUCT" AS "orderby_2" ON ("orderby_2"."product_id") = ("public"."STOCK"."product_id") WHERE 1=1 ORDER BY "orderby_1"."location_id" ASC, "orderby_2"."product_name" ASC LIMIT $1 OFFSET $2
prisma:query SELECT "public"."PRODUCT"."product_id", "public"."PRODUCT"."category_id", "public"."PRODUCT"."product_code", "public"."PRODUCT"."product_name", "public"."PRODUCT"."pack_size", "public"."PRODUCT"."selling_price" FROM "public"."PRODUCT" WHERE "public"."PRODUCT"."product_id" IN ($1,$2,$3,$4,$5,$6,$7,$8,$9,$10,$11,$12,$13,$14,$15,$16,$17) OFFSET $18
prisma:query SELECT "public"."INVENTORY_LOCATION"."location_id", "public"."INVENTORY_LOCATION"."code", "public"."INVENTORY_LOCATION"."name" FROM "public"."INVENTORY_LOCATION" WHERE "public"."INVENTORY_LOCATION"."location_id" IN ($1,$2,$3,$4,$5,$6,$7,$8,$9,$10,$11,$12,$13,$14,$15,$16,$17) OFFSET $18
prisma:query SELECT "public"."CATEGORY"."category_id", "public"."CATEGORY"."name", "public"."CATEGORY"."tag" FROM "public"."CATEGORY" WHERE "public"."CATEGORY"."category_id" IN ($1,$2,$3,$4,$5,$6,$7,$8,$9,$10,$11,$12,$13) OFFSET $14
prisma:query COMMIT
prisma:query SELECT COUNT(*) AS "_count$_all" FROM (SELECT "public"."STOCK_MOVEMENT"."movement_id" FROM "public"."STOCK_MOVEMENT" WHERE 1=1 OFFSET $1) AS "sub"
prisma:query SELECT "public"."STOCK_MOVEMENT"."movement_id", "public"."STOCK_MOVEMENT"."stock_id", "public"."STOCK_MOVEMENT"."created_by", "public"."STOCK_MOVEMENT"."movement_type"::text, "public"."STOCK_MOVEMENT"."quantity", "public"."STOCK_MOVEMENT"."movement_date", "public"."STOCK_MOVEMENT"."notes", "public"."STOCK_MOVEMENT"."product_id" FROM "public"."STOCK_MOVEMENT" WHERE 1=1 ORDER BY "public"."STOCK_MOVEMENT"."movement_date" DESC LIMIT $1 OFFSET $2
prisma:query SELECT "public"."STOCK"."stock_id", "public"."STOCK"."product_id", "public"."STOCK"."location_id", "public"."STOCK"."quantity_on_hand" FROM "public"."STOCK" WHERE "public"."STOCK"."stock_id" IN ($1,$2,$3,$4,$5,$6,$7,$8,$9,$10,$11,$12,$13,$14,$15,$16,$17,$18,$19,$20) OFFSET $21
prisma:query SELECT "public"."PRODUCT"."product_id", "public"."PRODUCT"."category_id", "public"."PRODUCT"."product_code", "public"."PRODUCT"."product_name", "public"."PRODUCT"."pack_size", "public"."PRODUCT"."selling_price" FROM "public"."PRODUCT" WHERE "public"."PRODUCT"."product_id" IN ($1,$2,$3,$4,$5,$6,$7,$8,$9,$10,$11,$12,$13,$14,$15,$16,$17,$18,$19,$20) OFFSET $21
prisma:query SELECT "public"."USER"."user_id", "public"."USER"."role_id", "public"."USER"."full_name", "public"."USER"."username", "public"."USER"."password_hash" FROM "public"."USER" WHERE "public"."USER"."user_id" IN ($1,$2,$3,$4,$5,$6,$7,$8,$9,$10,$11,$12,$13,$14,$15,$16,$17,$18,$19,$20) OFFSET $21
prisma:query SELECT "public"."INVENTORY_LOCATION"."location_id", "public"."INVENTORY_LOCATION"."code", "public"."INVENTORY_LOCATION"."name" FROM "public"."INVENTORY_LOCATION" WHERE "public"."INVENTORY_LOCATION"."location_id" IN ($1,$2) OFFSET $3
prisma:query COMMIT
 GET /inventory 200 in 3.1s (next.js: 6ms, application-code: 3.1s)
prisma:query SELECT "public"."INVENTORY_LOCATION"."location_id", "public"."INVENTORY_LOCATION"."code", "public"."INVENTORY_LOCATION"."name" FROM "public"."INVENTORY_LOCATION" WHERE 1=1 ORDER BY "public"."INVENTORY_LOCATION"."location_id" ASC OFFSET $1
 GET /api/locations 200 in 204ms (next.js: 5ms, application-code: 198ms)
prisma:query SELECT "public"."INVENTORY_LOCATION"."location_id", "public"."INVENTORY_LOCATION"."code", "public"."INVENTORY_LOCATION"."name" FROM "public"."INVENTORY_LOCATION" WHERE "public"."INVENTORY_LOCATION"."location_id" IN ($1,$2) OFFSET $3
prisma:query SELECT COUNT(*) AS "_count$_all" FROM (SELECT "public"."STOCK"."stock_id" FROM "public"."STOCK" WHERE "public"."STOCK"."location_id" = $1 OFFSET $2) AS "sub"
prisma:query SELECT "public"."STOCK"."stock_id", "public"."STOCK"."product_id", "public"."STOCK"."location_id", "public"."STOCK"."quantity_on_hand" FROM "public"."STOCK" LEFT JOIN "public"."INVENTORY_LOCATION" AS "orderby_1" ON ("orderby_1"."location_id") = ("public"."STOCK"."location_id") LEFT JOIN "public"."PRODUCT" AS "orderby_2" ON ("orderby_2"."product_id") = ("public"."STOCK"."product_id") WHERE "public"."STOCK"."location_id" = $1 ORDER BY "orderby_1"."location_id" ASC, "orderby_2"."product_name" ASC LIMIT $2 OFFSET $3
prisma:query SELECT "public"."PRODUCT"."product_id", "public"."PRODUCT"."category_id", "public"."PRODUCT"."product_code", "public"."PRODUCT"."product_name", "public"."PRODUCT"."pack_size", "public"."PRODUCT"."selling_price" FROM "public"."PRODUCT" WHERE "public"."PRODUCT"."product_id" IN ($1,$2,$3,$4) OFFSET $5
prisma:query SELECT "public"."INVENTORY_LOCATION"."location_id", "public"."INVENTORY_LOCATION"."code", "public"."INVENTORY_LOCATION"."name" FROM "public"."INVENTORY_LOCATION" WHERE "public"."INVENTORY_LOCATION"."location_id" IN ($1,$2,$3,$4) OFFSET $5
prisma:query SELECT "public"."CATEGORY"."category_id", "public"."CATEGORY"."name", "public"."CATEGORY"."tag" FROM "public"."CATEGORY" WHERE "public"."CATEGORY"."category_id" IN ($1,$2,$3,$4) OFFSET $5
prisma:query SELECT COUNT(*) AS "_count$_all" FROM (SELECT "public"."STOCK_MOVEMENT"."movement_id" FROM "public"."STOCK_MOVEMENT" LEFT JOIN "public"."STOCK" AS "j0" ON ("j0"."stock_id") = ("public"."STOCK_MOVEMENT"."stock_id") WHERE ("j0"."location_id" = $1 AND ("j0"."stock_id" IS NOT NULL)) OFFSET $2) AS "sub"
prisma:query COMMIT
prisma:query SELECT "public"."STOCK_MOVEMENT"."movement_id", "public"."STOCK_MOVEMENT"."stock_id", "public"."STOCK_MOVEMENT"."created_by", "public"."STOCK_MOVEMENT"."movement_type"::text, "public"."STOCK_MOVEMENT"."quantity", "public"."STOCK_MOVEMENT"."movement_date", "public"."STOCK_MOVEMENT"."notes", "public"."STOCK_MOVEMENT"."product_id" FROM "public"."STOCK_MOVEMENT" LEFT JOIN "public"."STOCK" AS "j0" ON ("j0"."stock_id") = ("public"."STOCK_MOVEMENT"."stock_id") WHERE ("j0"."location_id" = $1 AND ("j0"."stock_id" IS NOT NULL)) ORDER BY "public"."STOCK_MOVEMENT"."movement_date" DESC LIMIT $2 OFFSET $3
prisma:query SELECT "public"."STOCK"."stock_id", "public"."STOCK"."product_id", "public"."STOCK"."location_id", "public"."STOCK"."quantity_on_hand" FROM "public"."STOCK" WHERE "public"."STOCK"."stock_id" IN ($1,$2,$3,$4,$5,$6,$7,$8,$9,$10,$11,$12,$13,$14,$15,$16,$17,$18,$19,$20) OFFSET $21
prisma:query SELECT "public"."PRODUCT"."product_id", "public"."PRODUCT"."category_id", "public"."PRODUCT"."product_code", "public"."PRODUCT"."product_name", "public"."PRODUCT"."pack_size", "public"."PRODUCT"."selling_price" FROM "public"."PRODUCT" WHERE "public"."PRODUCT"."product_id" IN ($1,$2,$3,$4,$5,$6,$7,$8,$9,$10,$11,$12,$13,$14,$15,$16,$17,$18,$19,$20) OFFSET $21
prisma:query SELECT "public"."USER"."user_id", "public"."USER"."role_id", "public"."USER"."full_name", "public"."USER"."username", "public"."USER"."password_hash" FROM "public"."USER" WHERE "public"."USER"."user_id" IN ($1,$2,$3,$4,$5,$6,$7,$8,$9,$10,$11,$12,$13,$14,$15,$16,$17,$18,$19,$20) OFFSET $21
prisma:query SELECT "public"."INVENTORY_LOCATION"."location_id", "public"."INVENTORY_LOCATION"."code", "public"."INVENTORY_LOCATION"."name" FROM "public"."INVENTORY_LOCATION" WHERE "public"."INVENTORY_LOCATION"."location_id" IN ($1,$2) OFFSET $3
prisma:query COMMIT
 GET /inventory/1 200 in 2.7s (next.js: 48ms, application-code: 2.7s)
prisma:query SELECT "public"."INVENTORY_LOCATION"."location_id", "public"."INVENTORY_LOCATION"."code", "public"."INVENTORY_LOCATION"."name" FROM "public"."INVENTORY_LOCATION" WHERE "public"."INVENTORY_LOCATION"."location_id" IN ($1,$2) OFFSET $3
prisma:query SELECT COUNT(*) AS "_count$_all" FROM (SELECT "public"."STOCK_MOVEMENT"."movement_id" FROM "public"."STOCK_MOVEMENT" LEFT JOIN "public"."STOCK" AS "j0" ON ("j0"."stock_id") = ("public"."STOCK_MOVEMENT"."stock_id") WHERE ("j0"."location_id" = $1 AND ("j0"."stock_id" IS NOT NULL)) OFFSET $2) AS "sub"
prisma:query SELECT COUNT(*) AS "_count$_all" FROM (SELECT "public"."STOCK"."stock_id" FROM "public"."STOCK" WHERE "public"."STOCK"."location_id" = $1 OFFSET $2) AS "sub"
prisma:query SELECT "public"."STOCK_MOVEMENT"."movement_id", "public"."STOCK_MOVEMENT"."stock_id", "public"."STOCK_MOVEMENT"."created_by", "public"."STOCK_MOVEMENT"."movement_type"::text, "public"."STOCK_MOVEMENT"."quantity", "public"."STOCK_MOVEMENT"."movement_date", "public"."STOCK_MOVEMENT"."notes", "public"."STOCK_MOVEMENT"."product_id" FROM "public"."STOCK_MOVEMENT" LEFT JOIN "public"."STOCK" AS "j0" ON ("j0"."stock_id") = ("public"."STOCK_MOVEMENT"."stock_id") WHERE ("j0"."location_id" = $1 AND ("j0"."stock_id" IS NOT NULL)) ORDER BY "public"."STOCK_MOVEMENT"."movement_date" DESC LIMIT $2 OFFSET $3
prisma:query SELECT "public"."STOCK"."stock_id", "public"."STOCK"."product_id", "public"."STOCK"."location_id", "public"."STOCK"."quantity_on_hand" FROM "public"."STOCK" LEFT JOIN "public"."INVENTORY_LOCATION" AS "orderby_1" ON ("orderby_1"."location_id") = ("public"."STOCK"."location_id") LEFT JOIN "public"."PRODUCT" AS "orderby_2" ON ("orderby_2"."product_id") = ("public"."STOCK"."product_id") WHERE "public"."STOCK"."location_id" = $1 ORDER BY "orderby_1"."location_id" ASC, "orderby_2"."product_name" ASC LIMIT $2 OFFSET $3
prisma:query SELECT "public"."STOCK"."stock_id", "public"."STOCK"."product_id", "public"."STOCK"."location_id", "public"."STOCK"."quantity_on_hand" FROM "public"."STOCK" WHERE "public"."STOCK"."stock_id" IN ($1,$2,$3,$4,$5,$6,$7,$8,$9,$10,$11,$12,$13,$14,$15,$16,$17,$18,$19,$20) OFFSET $21
prisma:query SELECT "public"."PRODUCT"."product_id", "public"."PRODUCT"."category_id", "public"."PRODUCT"."product_code", "public"."PRODUCT"."product_name", "public"."PRODUCT"."pack_size", "public"."PRODUCT"."selling_price" FROM "public"."PRODUCT" WHERE "public"."PRODUCT"."product_id" IN ($1,$2,$3,$4) OFFSET $5
prisma:query SELECT "public"."PRODUCT"."product_id", "public"."PRODUCT"."category_id", "public"."PRODUCT"."product_code", "public"."PRODUCT"."product_name", "public"."PRODUCT"."pack_size", "public"."PRODUCT"."selling_price" FROM "public"."PRODUCT" WHERE "public"."PRODUCT"."product_id" IN ($1,$2,$3,$4,$5,$6,$7,$8,$9,$10,$11,$12,$13,$14,$15,$16,$17,$18,$19,$20) OFFSET $21
prisma:query SELECT "public"."INVENTORY_LOCATION"."location_id", "public"."INVENTORY_LOCATION"."code", "public"."INVENTORY_LOCATION"."name" FROM "public"."INVENTORY_LOCATION" WHERE "public"."INVENTORY_LOCATION"."location_id" IN ($1,$2,$3,$4) OFFSET $5
prisma:query SELECT "public"."USER"."user_id", "public"."USER"."role_id", "public"."USER"."full_name", "public"."USER"."username", "public"."USER"."password_hash" FROM "public"."USER" WHERE "public"."USER"."user_id" IN ($1,$2,$3,$4,$5,$6,$7,$8,$9,$10,$11,$12,$13,$14,$15,$16,$17,$18,$19,$20) OFFSET $21
prisma:query SELECT "public"."CATEGORY"."category_id", "public"."CATEGORY"."name", "public"."CATEGORY"."tag" FROM "public"."CATEGORY" WHERE "public"."CATEGORY"."category_id" IN ($1,$2,$3,$4) OFFSET $5
prisma:query SELECT "public"."INVENTORY_LOCATION"."location_id", "public"."INVENTORY_LOCATION"."code", "public"."INVENTORY_LOCATION"."name" FROM "public"."INVENTORY_LOCATION" WHERE "public"."INVENTORY_LOCATION"."location_id" IN ($1,$2) OFFSET $3
prisma:query COMMIT
prisma:query COMMIT
 GET /inventory/1 200 in 1905ms (next.js: 36ms, application-code: 1870ms)
prisma:query SELECT "public"."INVENTORY_LOCATION"."location_id", "public"."INVENTORY_LOCATION"."code", "public"."INVENTORY_LOCATION"."name" FROM "public"."INVENTORY_LOCATION" WHERE "public"."INVENTORY_LOCATION"."location_id" IN ($1,$2) OFFSET $3
prisma:query SELECT COUNT(*) AS "_count$_all" FROM (SELECT "public"."STOCK"."stock_id" FROM "public"."STOCK" WHERE "public"."STOCK"."location_id" = $1 OFFSET $2) AS "sub"
prisma:query SELECT COUNT(*) AS "_count$_all" FROM (SELECT "public"."STOCK_MOVEMENT"."movement_id" FROM "public"."STOCK_MOVEMENT" LEFT JOIN "public"."STOCK" AS "j0" ON ("j0"."stock_id") = ("public"."STOCK_MOVEMENT"."stock_id") WHERE ("j0"."location_id" = $1 AND ("j0"."stock_id" IS NOT NULL)) OFFSET $2) AS "sub"
prisma:query SELECT "public"."STOCK"."stock_id", "public"."STOCK"."product_id", "public"."STOCK"."location_id", "public"."STOCK"."quantity_on_hand" FROM "public"."STOCK" LEFT JOIN "public"."INVENTORY_LOCATION" AS "orderby_1" ON ("orderby_1"."location_id") = ("public"."STOCK"."location_id") LEFT JOIN "public"."PRODUCT" AS "orderby_2" ON ("orderby_2"."product_id") = ("public"."STOCK"."product_id") WHERE "public"."STOCK"."location_id" = $1 ORDER BY "orderby_1"."location_id" ASC, "orderby_2"."product_name" ASC LIMIT $2 OFFSET $3
prisma:query SELECT "public"."STOCK_MOVEMENT"."movement_id", "public"."STOCK_MOVEMENT"."stock_id", "public"."STOCK_MOVEMENT"."created_by", "public"."STOCK_MOVEMENT"."movement_type"::text, "public"."STOCK_MOVEMENT"."quantity", "public"."STOCK_MOVEMENT"."movement_date", "public"."STOCK_MOVEMENT"."notes", "public"."STOCK_MOVEMENT"."product_id" FROM "public"."STOCK_MOVEMENT" LEFT JOIN "public"."STOCK" AS "j0" ON ("j0"."stock_id") = ("public"."STOCK_MOVEMENT"."stock_id") WHERE ("j0"."location_id" = $1 AND ("j0"."stock_id" IS NOT NULL)) ORDER BY "public"."STOCK_MOVEMENT"."movement_date" DESC LIMIT $2 OFFSET $3
prisma:query SELECT "public"."PRODUCT"."product_id", "public"."PRODUCT"."category_id", "public"."PRODUCT"."product_code", "public"."PRODUCT"."product_name", "public"."PRODUCT"."pack_size", "public"."PRODUCT"."selling_price" FROM "public"."PRODUCT" WHERE "public"."PRODUCT"."product_id" IN ($1,$2,$3,$4) OFFSET $5
prisma:query SELECT "public"."STOCK"."stock_id", "public"."STOCK"."product_id", "public"."STOCK"."location_id", "public"."STOCK"."quantity_on_hand" FROM "public"."STOCK" WHERE "public"."STOCK"."stock_id" IN ($1,$2,$3,$4,$5,$6,$7,$8,$9,$10,$11,$12,$13,$14,$15,$16,$17,$18,$19,$20) OFFSET $21
prisma:query SELECT "public"."INVENTORY_LOCATION"."location_id", "public"."INVENTORY_LOCATION"."code", "public"."INVENTORY_LOCATION"."name" FROM "public"."INVENTORY_LOCATION" WHERE "public"."INVENTORY_LOCATION"."location_id" IN ($1,$2,$3,$4) OFFSET $5
prisma:query SELECT "public"."PRODUCT"."product_id", "public"."PRODUCT"."category_id", "public"."PRODUCT"."product_code", "public"."PRODUCT"."product_name", "public"."PRODUCT"."pack_size", "public"."PRODUCT"."selling_price" FROM "public"."PRODUCT" WHERE "public"."PRODUCT"."product_id" IN ($1,$2,$3,$4,$5,$6,$7,$8,$9,$10,$11,$12,$13,$14,$15,$16,$17,$18,$19,$20) OFFSET $21
prisma:query SELECT "public"."CATEGORY"."category_id", "public"."CATEGORY"."name", "public"."CATEGORY"."tag" FROM "public"."CATEGORY" WHERE "public"."CATEGORY"."category_id" IN ($1,$2,$3,$4) OFFSET $5
prisma:query SELECT "public"."USER"."user_id", "public"."USER"."role_id", "public"."USER"."full_name", "public"."USER"."username", "public"."USER"."password_hash" FROM "public"."USER" WHERE "public"."USER"."user_id" IN ($1,$2,$3,$4,$5,$6,$7,$8,$9,$10,$11,$12,$13,$14,$15,$16,$17,$18,$19,$20) OFFSET $21
prisma:query COMMIT
prisma:query SELECT "public"."INVENTORY_LOCATION"."location_id", "public"."INVENTORY_LOCATION"."code", "public"."INVENTORY_LOCATION"."name" FROM "public"."INVENTORY_LOCATION" WHERE "public"."INVENTORY_LOCATION"."location_id" IN ($1,$2) OFFSET $3
prisma:query COMMIT
 GET /inventory/1 200 in 1929ms (next.js: 39ms, application-code: 1890ms)
 GET /api/inventory/1/movements?page=1&pageSize=20 200 in 338ms (next.js: 53ms, application-code: 285ms)
prisma:query SELECT COUNT(*) AS "_count$_all" FROM (SELECT "public"."STOCK_MOVEMENT"."movement_id" FROM "public"."STOCK_MOVEMENT" LEFT JOIN "public"."STOCK" AS "j0" ON ("j0"."stock_id") = ("public"."STOCK_MOVEMENT"."stock_id") WHERE ("j0"."location_id" = $1 AND ("j0"."stock_id" IS NOT NULL)) OFFSET $2) AS "sub"
prisma:query SELECT "public"."STOCK_MOVEMENT"."movement_id", "public"."STOCK_MOVEMENT"."stock_id", "public"."STOCK_MOVEMENT"."created_by", "public"."STOCK_MOVEMENT"."movement_type"::text, "public"."STOCK_MOVEMENT"."quantity", "public"."STOCK_MOVEMENT"."movement_date", "public"."STOCK_MOVEMENT"."notes", "public"."STOCK_MOVEMENT"."product_id" FROM "public"."STOCK_MOVEMENT" LEFT JOIN "public"."STOCK" AS "j0" ON ("j0"."stock_id") = ("public"."STOCK_MOVEMENT"."stock_id") WHERE ("j0"."location_id" = $1 AND ("j0"."stock_id" IS NOT NULL)) ORDER BY "public"."STOCK_MOVEMENT"."movement_date" DESC LIMIT $2 OFFSET $3
prisma:query SELECT COUNT(*) AS "_count$_all" FROM (SELECT "public"."PRODUCT"."product_id" FROM "public"."PRODUCT" WHERE 1=1 OFFSET $1) AS "sub"
prisma:query SELECT "public"."STOCK"."stock_id", "public"."STOCK"."product_id", "public"."STOCK"."location_id", "public"."STOCK"."quantity_on_hand" FROM "public"."STOCK" WHERE "public"."STOCK"."stock_id" IN ($1,$2,$3,$4,$5,$6,$7,$8,$9,$10,$11,$12,$13,$14,$15,$16,$17,$18,$19,$20) OFFSET $21
prisma:query SELECT "public"."PRODUCT"."product_id", "public"."PRODUCT"."category_id", "public"."PRODUCT"."product_code", "public"."PRODUCT"."product_name", "public"."PRODUCT"."pack_size", "public"."PRODUCT"."selling_price" FROM "public"."PRODUCT" WHERE 1=1 ORDER BY "public"."PRODUCT"."product_name" ASC LIMIT $1 OFFSET $2
prisma:query SELECT "public"."PRODUCT"."product_id", "public"."PRODUCT"."category_id", "public"."PRODUCT"."product_code", "public"."PRODUCT"."product_name", "public"."PRODUCT"."pack_size", "public"."PRODUCT"."selling_price" FROM "public"."PRODUCT" WHERE "public"."PRODUCT"."product_id" IN ($1,$2,$3,$4,$5,$6,$7,$8,$9,$10,$11,$12,$13,$14,$15,$16,$17,$18,$19,$20) OFFSET $21
prisma:query SELECT "public"."CATEGORY"."category_id", "public"."CATEGORY"."name", "public"."CATEGORY"."tag" FROM "public"."CATEGORY" WHERE "public"."CATEGORY"."category_id" IN ($1,$2,$3,$4,$5,$6,$7,$8,$9,$10,$11,$12,$13,$14,$15,$16,$17,$18,$19,$20) OFFSET $21
prisma:query SELECT "public"."USER"."user_id", "public"."USER"."role_id", "public"."USER"."full_name", "public"."USER"."username", "public"."USER"."password_hash" FROM "public"."USER" WHERE "public"."USER"."user_id" IN ($1,$2,$3,$4,$5,$6,$7,$8,$9,$10,$11,$12,$13,$14,$15,$16,$17,$18,$19,$20) OFFSET $21
prisma:query COMMIT
prisma:query SELECT "public"."INVENTORY_LOCATION"."location_id", "public"."INVENTORY_LOCATION"."code", "public"."INVENTORY_LOCATION"."name" FROM "public"."INVENTORY_LOCATION" WHERE "public"."INVENTORY_LOCATION"."location_id" IN ($1,$2) OFFSET $3
 GET /inventory/products 200 in 1452ms (next.js: 8ms, application-code: 1444ms)
prisma:query COMMIT
 GET /api/products?page=1&pageSize=20 200 in 192ms (next.js: 4ms, application-code: 188ms)
 GET /api/categories 200 in 202ms (next.js: 4ms, application-code: 198ms)
prisma:query SELECT "public"."CATEGORY"."category_id", "public"."CATEGORY"."name", "public"."CATEGORY"."tag" FROM "public"."CATEGORY" WHERE 1=1 ORDER BY "public"."CATEGORY"."name" ASC OFFSET $1
prisma:query SELECT AVG("selling_price") AS "_avg$selling_price", MAX("selling_price") AS "_max$selling_price" FROM (SELECT "public"."PRODUCT"."selling_price" FROM "public"."PRODUCT" WHERE 1=1 OFFSET $1) AS "sub"
prisma:query SELECT COUNT(*) AS "_count$_all" FROM (SELECT "public"."PRODUCT"."product_id" FROM "public"."PRODUCT" WHERE 1=1 OFFSET $1) AS "sub"
prisma:query SELECT "public"."PRODUCT"."product_id", "public"."PRODUCT"."category_id", "public"."PRODUCT"."product_code", "public"."PRODUCT"."product_name", "public"."PRODUCT"."pack_size", "public"."PRODUCT"."selling_price" FROM "public"."PRODUCT" WHERE 1=1 ORDER BY "public"."PRODUCT"."product_name" ASC LIMIT $1 OFFSET $2
prisma:query SELECT "public"."CATEGORY"."category_id", "public"."CATEGORY"."name", "public"."CATEGORY"."tag" FROM "public"."CATEGORY" WHERE "public"."CATEGORY"."category_id" IN ($1,$2,$3,$4,$5,$6,$7,$8,$9,$10,$11,$12,$13,$14,$15,$16,$17,$18,$19,$20) OFFSET $21
prisma:query SELECT COUNT(*) AS "_count$_all" FROM (SELECT "public"."PRODUCT"."product_id" FROM "public"."PRODUCT" WHERE 1=1 OFFSET $1) AS "sub"
prisma:query COMMIT
 GET /inventory/products 200 in 1185ms (next.js: 3ms, application-code: 1182ms)
prisma:query SELECT "public"."PRODUCT"."product_id", "public"."PRODUCT"."category_id", "public"."PRODUCT"."product_code", "public"."PRODUCT"."product_name", "public"."PRODUCT"."pack_size", "public"."PRODUCT"."selling_price" FROM "public"."PRODUCT" WHERE 1=1 ORDER BY "public"."PRODUCT"."product_name" ASC LIMIT $1 OFFSET $2
prisma:query SELECT "public"."CATEGORY"."category_id", "public"."CATEGORY"."name", "public"."CATEGORY"."tag" FROM "public"."CATEGORY" WHERE "public"."CATEGORY"."category_id" IN ($1,$2,$3,$4,$5,$6,$7,$8,$9,$10,$11,$12,$13,$14,$15,$16,$17,$18,$19,$20) OFFSET $21
prisma:query COMMIT
 GET /api/categories 200 in 183ms (next.js: 7ms, application-code: 176ms)
 GET /api/products?page=1&pageSize=20 200 in 173ms (next.js: 3ms, application-code: 169ms)
prisma:query SELECT "public"."CATEGORY"."category_id", "public"."CATEGORY"."name", "public"."CATEGORY"."tag" FROM "public"."CATEGORY" WHERE 1=1 ORDER BY "public"."CATEGORY"."name" ASC OFFSET $1
prisma:query SELECT AVG("selling_price") AS "_avg$selling_price", MAX("selling_price") AS "_max$selling_price" FROM (SELECT "public"."PRODUCT"."selling_price" FROM "public"."PRODUCT" WHERE 1=1 OFFSET $1) AS "sub"
prisma:query SELECT COUNT(*) AS "_count$_all" FROM (SELECT "public"."PRODUCT"."product_id" FROM "public"."PRODUCT" WHERE 1=1 OFFSET $1) AS "sub"
prisma:query SELECT "public"."PRODUCT"."product_id", "public"."PRODUCT"."category_id", "public"."PRODUCT"."product_code", "public"."PRODUCT"."product_name", "public"."PRODUCT"."pack_size", "public"."PRODUCT"."selling_price" FROM "public"."PRODUCT" WHERE 1=1 ORDER BY "public"."PRODUCT"."product_name" ASC LIMIT $1 OFFSET $2
prisma:query SELECT COUNT(*) AS "_count$_all" FROM (SELECT "public"."PRODUCT"."product_id" FROM "public"."PRODUCT" WHERE 1=1 OFFSET $1) AS "sub"
prisma:query SELECT "public"."CATEGORY"."category_id", "public"."CATEGORY"."name", "public"."CATEGORY"."tag" FROM "public"."CATEGORY" WHERE "public"."CATEGORY"."category_id" IN ($1,$2,$3,$4,$5,$6,$7,$8,$9,$10,$11,$12,$13,$14,$15,$16,$17,$18,$19,$20) OFFSET $21
prisma:query SELECT "public"."PRODUCT"."product_id", "public"."PRODUCT"."category_id", "public"."PRODUCT"."product_code", "public"."PRODUCT"."product_name", "public"."PRODUCT"."pack_size", "public"."PRODUCT"."selling_price" FROM "public"."PRODUCT" WHERE 1=1 ORDER BY "public"."PRODUCT"."product_name" ASC LIMIT $1 OFFSET $2
prisma:query COMMIT
prisma:query SELECT "public"."CATEGORY"."category_id", "public"."CATEGORY"."name", "public"."CATEGORY"."tag" FROM "public"."CATEGORY" WHERE "public"."CATEGORY"."category_id" IN ($1,$2,$3,$4,$5,$6,$7,$8,$9,$10,$11,$12,$13,$14,$15,$16,$17,$18,$19,$20) OFFSET $21
prisma:query COMMIT
 GET /inventory/products 200 in 1113ms (next.js: 3ms, application-code: 1110ms)
prisma:query SELECT AVG("selling_price") AS "_avg$selling_price", MAX("selling_price") AS "_max$selling_price" FROM (SELECT "public"."PRODUCT"."selling_price" FROM "public"."PRODUCT" WHERE 1=1 OFFSET $1) AS "sub"
prisma:query SELECT "public"."CATEGORY"."category_id", "public"."CATEGORY"."name", "public"."CATEGORY"."tag" FROM "public"."CATEGORY" WHERE 1=1 ORDER BY "public"."CATEGORY"."name" ASC OFFSET $1
 GET /api/categories 200 in 211ms (next.js: 11ms, application-code: 200ms)
prisma:query SELECT COUNT(*) AS "_count$_all" FROM (SELECT "public"."PRODUCT"."product_id" FROM "public"."PRODUCT" WHERE 1=1 OFFSET $1) AS "sub"
prisma:query SELECT "public"."CATEGORY"."category_id", "public"."CATEGORY"."name", "public"."CATEGORY"."tag" FROM "public"."CATEGORY" WHERE 1=1 ORDER BY "public"."CATEGORY"."name" ASC OFFSET $1
 GET /api/categories 200 in 200ms (next.js: 2ms, application-code: 197ms)
prisma:query SELECT "public"."PRODUCT"."product_id", "public"."PRODUCT"."category_id", "public"."PRODUCT"."product_code", "public"."PRODUCT"."product_name", "public"."PRODUCT"."pack_size", "public"."PRODUCT"."selling_price" FROM "public"."PRODUCT" WHERE 1=1 ORDER BY "public"."PRODUCT"."product_name" ASC LIMIT $1 OFFSET $2
 GET /api/products?page=1&pageSize=20 200 in 739ms (next.js: 2ms, application-code: 736ms)
 GET /api/locations 200 in 613ms (next.js: 3ms, application-code: 609ms)
prisma:query SELECT "public"."CATEGORY"."category_id", "public"."CATEGORY"."name", "public"."CATEGORY"."tag" FROM "public"."CATEGORY" WHERE "public"."CATEGORY"."category_id" IN ($1,$2,$3,$4,$5,$6,$7,$8,$9,$10,$11,$12,$13,$14,$15,$16,$17,$18,$19,$20) OFFSET $21
prisma:query COMMIT
prisma:query SELECT "public"."INVENTORY_LOCATION"."location_id", "public"."INVENTORY_LOCATION"."code", "public"."INVENTORY_LOCATION"."name" FROM "public"."INVENTORY_LOCATION" WHERE 1=1 ORDER BY "public"."INVENTORY_LOCATION"."location_id" ASC OFFSET $1
prisma:query SELECT COUNT(*) AS "_count$_all" FROM (SELECT "public"."PRODUCT"."product_id" FROM "public"."PRODUCT" WHERE 1=1 OFFSET $1) AS "sub"
prisma:query SELECT "public"."PRODUCT"."product_id", "public"."PRODUCT"."category_id", "public"."PRODUCT"."product_code", "public"."PRODUCT"."product_name", "public"."PRODUCT"."pack_size", "public"."PRODUCT"."selling_price" FROM "public"."PRODUCT" WHERE 1=1 ORDER BY "public"."PRODUCT"."product_name" ASC LIMIT $1 OFFSET $2
prisma:query SELECT "public"."CATEGORY"."category_id", "public"."CATEGORY"."name", "public"."CATEGORY"."tag" FROM "public"."CATEGORY" WHERE "public"."CATEGORY"."category_id" IN ($1,$2,$3,$4,$5,$6,$7,$8,$9,$10,$11,$12,$13,$14,$15,$16,$17,$18,$19,$20) OFFSET $21
prisma:query COMMIT
 GET /inventory/products 200 in 1163ms (next.js: 3ms, application-code: 1160ms)
prisma:query SELECT "public"."CATEGORY"."category_id", "public"."CATEGORY"."name", "public"."CATEGORY"."tag" FROM "public"."CATEGORY" WHERE 1=1 ORDER BY "public"."CATEGORY"."name" ASC OFFSET $1
 GET /api/categories 200 in 207ms (next.js: 4ms, application-code: 203ms)
prisma:query SELECT AVG("selling_price") AS "_avg$selling_price", MAX("selling_price") AS "_max$selling_price" FROM (SELECT "public"."PRODUCT"."selling_price" FROM "public"."PRODUCT" WHERE 1=1 OFFSET $1) AS "sub"
prisma:query SELECT "public"."INVENTORY_LOCATION"."location_id", "public"."INVENTORY_LOCATION"."code", "public"."INVENTORY_LOCATION"."name" FROM "public"."INVENTORY_LOCATION" WHERE 1=1 ORDER BY "public"."INVENTORY_LOCATION"."location_id" ASC OFFSET $1
 GET /api/locations 200 in 204ms (next.js: 3ms, application-code: 201ms)
prisma:query SELECT COUNT(*) AS "_count$_all" FROM (SELECT "public"."PRODUCT"."product_id" FROM "public"."PRODUCT" WHERE 1=1 OFFSET $1) AS "sub"
prisma:query SELECT "public"."CATEGORY"."category_id", "public"."CATEGORY"."name", "public"."CATEGORY"."tag" FROM "public"."CATEGORY" WHERE 1=1 ORDER BY "public"."CATEGORY"."name" ASC OFFSET $1
 GET /api/categories 200 in 205ms (next.js: 4ms, application-code: 201ms)
prisma:query SELECT "public"."PRODUCT"."product_id", "public"."PRODUCT"."category_id", "public"."PRODUCT"."product_code", "public"."PRODUCT"."product_name", "public"."PRODUCT"."pack_size", "public"."PRODUCT"."selling_price" FROM "public"."PRODUCT" WHERE 1=1 ORDER BY "public"."PRODUCT"."product_name" ASC LIMIT $1 OFFSET $2
prisma:query SELECT "public"."CATEGORY"."category_id", "public"."CATEGORY"."name", "public"."CATEGORY"."tag" FROM "public"."CATEGORY" WHERE "public"."CATEGORY"."category_id" IN ($1,$2,$3,$4,$5,$6,$7,$8,$9,$10,$11,$12,$13,$14,$15,$16,$17,$18,$19,$20) OFFSET $21
prisma:query COMMIT
 GET /api/products?page=1&pageSize=20 200 in 972ms (next.js: 4ms, application-code: 968ms)
 GET /inventory/movements 200 in 354ms (next.js: 7ms, application-code: 347ms)
 GET /inventory/movements 200 in 390ms (next.js: 3ms, application-code: 387ms)
prisma:query SELECT COUNT(*) AS "_count$_all" FROM (SELECT "public"."STOCK_MOVEMENT"."movement_id" FROM "public"."STOCK_MOVEMENT" WHERE 1=1 OFFSET $1) AS "sub"
prisma:query SELECT COUNT(*) AS "_count$_all" FROM (SELECT "public"."STOCK_MOVEMENT"."movement_id" FROM "public"."STOCK_MOVEMENT" WHERE "public"."STOCK_MOVEMENT"."movement_type" = CAST($1::text AS "public"."MovementType") OFFSET $2) AS "sub"
prisma:query SELECT "public"."STOCK_MOVEMENT"."movement_id", "public"."STOCK_MOVEMENT"."stock_id", "public"."STOCK_MOVEMENT"."created_by", "public"."STOCK_MOVEMENT"."movement_type"::text, "public"."STOCK_MOVEMENT"."quantity", "public"."STOCK_MOVEMENT"."movement_date", "public"."STOCK_MOVEMENT"."notes", "public"."STOCK_MOVEMENT"."product_id" FROM "public"."STOCK_MOVEMENT" WHERE 1=1 ORDER BY "public"."STOCK_MOVEMENT"."movement_date" DESC LIMIT $1 OFFSET $2
prisma:query SELECT "public"."STOCK_MOVEMENT"."movement_id", "public"."STOCK_MOVEMENT"."stock_id", "public"."STOCK_MOVEMENT"."created_by", "public"."STOCK_MOVEMENT"."movement_type"::text, "public"."STOCK_MOVEMENT"."quantity", "public"."STOCK_MOVEMENT"."movement_date", "public"."STOCK_MOVEMENT"."notes", "public"."STOCK_MOVEMENT"."product_id" FROM "public"."STOCK_MOVEMENT" WHERE "public"."STOCK_MOVEMENT"."movement_type" = CAST($1::text AS "public"."MovementType") ORDER BY "public"."STOCK_MOVEMENT"."movement_date" DESC LIMIT $2 OFFSET $3
prisma:query SELECT "public"."STOCK"."stock_id", "public"."STOCK"."product_id", "public"."STOCK"."location_id", "public"."STOCK"."quantity_on_hand" FROM "public"."STOCK" WHERE "public"."STOCK"."stock_id" IN ($1,$2,$3,$4,$5,$6,$7,$8,$9,$10,$11,$12,$13,$14,$15,$16,$17,$18,$19,$20) OFFSET $21
prisma:query SELECT "public"."STOCK"."stock_id", "public"."STOCK"."product_id", "public"."STOCK"."location_id", "public"."STOCK"."quantity_on_hand" FROM "public"."STOCK" WHERE "public"."STOCK"."stock_id" IN ($1,$2) OFFSET $3
prisma:query SELECT "public"."PRODUCT"."product_id", "public"."PRODUCT"."category_id", "public"."PRODUCT"."product_code", "public"."PRODUCT"."product_name", "public"."PRODUCT"."pack_size", "public"."PRODUCT"."selling_price" FROM "public"."PRODUCT" WHERE "public"."PRODUCT"."product_id" IN ($1,$2,$3,$4,$5,$6,$7,$8,$9,$10,$11,$12,$13,$14,$15,$16,$17,$18,$19,$20) OFFSET $21
prisma:query SELECT "public"."PRODUCT"."product_id", "public"."PRODUCT"."category_id", "public"."PRODUCT"."product_code", "public"."PRODUCT"."product_name", "public"."PRODUCT"."pack_size", "public"."PRODUCT"."selling_price" FROM "public"."PRODUCT" WHERE "public"."PRODUCT"."product_id" IN ($1,$2) OFFSET $3
prisma:query SELECT "public"."USER"."user_id", "public"."USER"."role_id", "public"."USER"."full_name", "public"."USER"."username", "public"."USER"."password_hash" FROM "public"."USER" WHERE "public"."USER"."user_id" IN ($1,$2,$3,$4,$5,$6,$7,$8,$9,$10,$11,$12,$13,$14,$15,$16,$17,$18,$19,$20) OFFSET $21
prisma:query SELECT "public"."USER"."user_id", "public"."USER"."role_id", "public"."USER"."full_name", "public"."USER"."username", "public"."USER"."password_hash" FROM "public"."USER" WHERE "public"."USER"."user_id" IN ($1,$2) OFFSET $3
prisma:query SELECT "public"."INVENTORY_LOCATION"."location_id", "public"."INVENTORY_LOCATION"."code", "public"."INVENTORY_LOCATION"."name" FROM "public"."INVENTORY_LOCATION" WHERE "public"."INVENTORY_LOCATION"."location_id" IN ($1,$2) OFFSET $3
prisma:query SELECT "public"."INVENTORY_LOCATION"."location_id", "public"."INVENTORY_LOCATION"."code", "public"."INVENTORY_LOCATION"."name" FROM "public"."INVENTORY_LOCATION" WHERE "public"."INVENTORY_LOCATION"."location_id" IN ($1,$2) OFFSET $3
prisma:query COMMIT
 GET /api/stock-movements?page=1&pageSize=20 200 in 1556ms (next.js: 9ms, application-code: 1547ms)
prisma:query COMMIT
 GET /api/stock-movements?page=1&pageSize=20&movement_type=ISSUE 200 in 1594ms (next.js: 4ms, application-code: 1590ms)
prisma:query SELECT COUNT(*) AS "_count$_all" FROM (SELECT "public"."STOCK"."stock_id" FROM "public"."STOCK" WHERE 1=1 OFFSET $1) AS "sub"
prisma:query SELECT "public"."STOCK"."stock_id", "public"."STOCK"."product_id", "public"."STOCK"."location_id", "public"."STOCK"."quantity_on_hand" FROM "public"."STOCK" LEFT JOIN "public"."INVENTORY_LOCATION" AS "orderby_1" ON ("orderby_1"."location_id") = ("public"."STOCK"."location_id") LEFT JOIN "public"."PRODUCT" AS "orderby_2" ON ("orderby_2"."product_id") = ("public"."STOCK"."product_id") WHERE 1=1 ORDER BY "orderby_1"."location_id" ASC, "orderby_2"."product_name" ASC LIMIT $1 OFFSET $2
prisma:query SELECT "public"."PRODUCT"."product_id", "public"."PRODUCT"."category_id", "public"."PRODUCT"."product_code", "public"."PRODUCT"."product_name", "public"."PRODUCT"."pack_size", "public"."PRODUCT"."selling_price" FROM "public"."PRODUCT" WHERE "public"."PRODUCT"."product_id" IN ($1,$2,$3,$4,$5,$6,$7,$8,$9,$10,$11,$12,$13,$14,$15,$16,$17) OFFSET $18
prisma:query SELECT "public"."INVENTORY_LOCATION"."location_id", "public"."INVENTORY_LOCATION"."code", "public"."INVENTORY_LOCATION"."name" FROM "public"."INVENTORY_LOCATION" WHERE "public"."INVENTORY_LOCATION"."location_id" IN ($1,$2,$3,$4,$5,$6,$7,$8,$9,$10,$11,$12,$13,$14,$15,$16,$17) OFFSET $18
prisma:query SELECT "public"."CATEGORY"."category_id", "public"."CATEGORY"."name", "public"."CATEGORY"."tag" FROM "public"."CATEGORY" WHERE "public"."CATEGORY"."category_id" IN ($1,$2,$3,$4,$5,$6,$7,$8,$9,$10,$11,$12,$13) OFFSET $14
prisma:query COMMIT
prisma:query SELECT COUNT(*) AS "_count$_all" FROM (SELECT "public"."STOCK_MOVEMENT"."movement_id" FROM "public"."STOCK_MOVEMENT" WHERE 1=1 OFFSET $1) AS "sub"
prisma:query SELECT "public"."STOCK_MOVEMENT"."movement_id", "public"."STOCK_MOVEMENT"."stock_id", "public"."STOCK_MOVEMENT"."created_by", "public"."STOCK_MOVEMENT"."movement_type"::text, "public"."STOCK_MOVEMENT"."quantity", "public"."STOCK_MOVEMENT"."movement_date", "public"."STOCK_MOVEMENT"."notes", "public"."STOCK_MOVEMENT"."product_id" FROM "public"."STOCK_MOVEMENT" WHERE 1=1 ORDER BY "public"."STOCK_MOVEMENT"."movement_date" DESC LIMIT $1 OFFSET $2
prisma:query SELECT "public"."STOCK"."stock_id", "public"."STOCK"."product_id", "public"."STOCK"."location_id", "public"."STOCK"."quantity_on_hand" FROM "public"."STOCK" WHERE "public"."STOCK"."stock_id" IN ($1,$2,$3,$4,$5,$6,$7,$8,$9,$10,$11,$12,$13,$14,$15,$16,$17,$18,$19,$20) OFFSET $21
prisma:query SELECT "public"."PRODUCT"."product_id", "public"."PRODUCT"."category_id", "public"."PRODUCT"."product_code", "public"."PRODUCT"."product_name", "public"."PRODUCT"."pack_size", "public"."PRODUCT"."selling_price" FROM "public"."PRODUCT" WHERE "public"."PRODUCT"."product_id" IN ($1,$2,$3,$4,$5,$6,$7,$8,$9,$10,$11,$12,$13,$14,$15,$16,$17,$18,$19,$20) OFFSET $21
prisma:query SELECT "public"."USER"."user_id", "public"."USER"."role_id", "public"."USER"."full_name", "public"."USER"."username", "public"."USER"."password_hash" FROM "public"."USER" WHERE "public"."USER"."user_id" IN ($1,$2,$3,$4,$5,$6,$7,$8,$9,$10,$11,$12,$13,$14,$15,$16,$17,$18,$19,$20) OFFSET $21
prisma:query SELECT "public"."INVENTORY_LOCATION"."location_id", "public"."INVENTORY_LOCATION"."code", "public"."INVENTORY_LOCATION"."name" FROM "public"."INVENTORY_LOCATION" WHERE "public"."INVENTORY_LOCATION"."location_id" IN ($1,$2) OFFSET $3
prisma:query COMMIT
 GET /inventory 200 in 4.0s (next.js: 7ms, application-code: 4.0s)
prisma:query SELECT "public"."INVENTORY_LOCATION"."location_id", "public"."INVENTORY_LOCATION"."code", "public"."INVENTORY_LOCATION"."name" FROM "public"."INVENTORY_LOCATION" WHERE 1=1 ORDER BY "public"."INVENTORY_LOCATION"."location_id" ASC OFFSET $1
 GET /api/locations 200 in 210ms (next.js: 4ms, application-code: 205ms)
 GET /inventory/movements 200 in 451ms (next.js: 4ms, application-code: 447ms)
prisma:query SELECT COUNT(*) AS "_count$_all" FROM (SELECT "public"."STOCK_MOVEMENT"."movement_id" FROM "public"."STOCK_MOVEMENT" WHERE 1=1 OFFSET $1) AS "sub"
prisma:query SELECT "public"."STOCK_MOVEMENT"."movement_id", "public"."STOCK_MOVEMENT"."stock_id", "public"."STOCK_MOVEMENT"."created_by", "public"."STOCK_MOVEMENT"."movement_type"::text, "public"."STOCK_MOVEMENT"."quantity", "public"."STOCK_MOVEMENT"."movement_date", "public"."STOCK_MOVEMENT"."notes", "public"."STOCK_MOVEMENT"."product_id" FROM "public"."STOCK_MOVEMENT" WHERE 1=1 ORDER BY "public"."STOCK_MOVEMENT"."movement_date" DESC LIMIT $1 OFFSET $2
prisma:query SELECT "public"."STOCK"."stock_id", "public"."STOCK"."product_id", "public"."STOCK"."location_id", "public"."STOCK"."quantity_on_hand" FROM "public"."STOCK" WHERE "public"."STOCK"."stock_id" IN ($1,$2,$3,$4,$5,$6,$7,$8,$9,$10,$11,$12,$13,$14,$15,$16,$17,$18,$19,$20) OFFSET $21
prisma:query SELECT "public"."PRODUCT"."product_id", "public"."PRODUCT"."category_id", "public"."PRODUCT"."product_code", "public"."PRODUCT"."product_name", "public"."PRODUCT"."pack_size", "public"."PRODUCT"."selling_price" FROM "public"."PRODUCT" WHERE "public"."PRODUCT"."product_id" IN ($1,$2,$3,$4,$5,$6,$7,$8,$9,$10,$11,$12,$13,$14,$15,$16,$17,$18,$19,$20) OFFSET $21
prisma:query SELECT "public"."USER"."user_id", "public"."USER"."role_id", "public"."USER"."full_name", "public"."USER"."username", "public"."USER"."password_hash" FROM "public"."USER" WHERE "public"."USER"."user_id" IN ($1,$2,$3,$4,$5,$6,$7,$8,$9,$10,$11,$12,$13,$14,$15,$16,$17,$18,$19,$20) OFFSET $21
prisma:query SELECT "public"."INVENTORY_LOCATION"."location_id", "public"."INVENTORY_LOCATION"."code", "public"."INVENTORY_LOCATION"."name" FROM "public"."INVENTORY_LOCATION" WHERE "public"."INVENTORY_LOCATION"."location_id" IN ($1,$2) OFFSET $3
prisma:query COMMIT
 GET /api/stock-movements?page=1&pageSize=20 200 in 1549ms (next.js: 7ms, application-code: 1542ms)
✓ Compiled in 399ms
✓ Compiled in 197ms
✓ Compiled in 183ms
 GET / 200 in 8.6s (next.js: 891ms, application-code: 7.7s)
 GET / 200 in 368ms (next.js: 43ms, application-code: 325ms)
prisma:query SELECT "public"."CATEGORY"."category_id", "public"."CATEGORY"."name", "public"."CATEGORY"."tag" FROM "public"."CATEGORY" WHERE 1=1 ORDER BY "public"."CATEGORY"."name" ASC OFFSET $1
 GET /api/categories 200 in 1857ms (next.js: 218ms, application-code: 1639ms)
prisma:query SELECT "public"."INVENTORY_LOCATION"."location_id", "public"."INVENTORY_LOCATION"."code", "public"."INVENTORY_LOCATION"."name" FROM "public"."INVENTORY_LOCATION" WHERE 1=1 ORDER BY "public"."INVENTORY_LOCATION"."location_id" ASC OFFSET $1
 GET /api/locations 200 in 372ms (next.js: 104ms, application-code: 268ms)
prisma:query SELECT COUNT(*) AS "_count$_all" FROM (SELECT "public"."STOCK"."stock_id" FROM "public"."STOCK" WHERE 1=1 OFFSET $1) AS "sub"
prisma:query SELECT "public"."STOCK"."stock_id", "public"."STOCK"."product_id", "public"."STOCK"."location_id", "public"."STOCK"."quantity_on_hand" FROM "public"."STOCK" LEFT JOIN "public"."INVENTORY_LOCATION" AS "orderby_1" ON ("orderby_1"."location_id") = ("public"."STOCK"."location_id") LEFT JOIN "public"."PRODUCT" AS "orderby_2" ON ("orderby_2"."product_id") = ("public"."STOCK"."product_id") WHERE 1=1 ORDER BY "orderby_1"."location_id" ASC, "orderby_2"."product_name" ASC LIMIT $1 OFFSET $2
prisma:query SELECT "public"."PRODUCT"."product_id", "public"."PRODUCT"."category_id", "public"."PRODUCT"."product_code", "public"."PRODUCT"."product_name", "public"."PRODUCT"."pack_size", "public"."PRODUCT"."selling_price" FROM "public"."PRODUCT" WHERE "public"."PRODUCT"."product_id" IN ($1,$2,$3,$4,$5,$6,$7,$8,$9,$10,$11,$12,$13,$14,$15,$16,$17) OFFSET $18
prisma:query SELECT "public"."STOCK"."stock_id", "public"."STOCK"."product_id", "public"."STOCK"."location_id", "public"."STOCK"."quantity_on_hand" FROM "public"."STOCK" WHERE ("public"."STOCK"."product_id" = $1 AND "public"."STOCK"."location_id" = $2) LIMIT $3 OFFSET $4
prisma:query SELECT "public"."INVENTORY_LOCATION"."location_id", "public"."INVENTORY_LOCATION"."code", "public"."INVENTORY_LOCATION"."name" FROM "public"."INVENTORY_LOCATION" WHERE "public"."INVENTORY_LOCATION"."location_id" IN ($1,$2,$3,$4,$5,$6,$7,$8,$9,$10,$11,$12,$13,$14,$15,$16,$17) OFFSET $18
prisma:query UPDATE "public"."STOCK" SET "quantity_on_hand" = ("public"."STOCK"."quantity_on_hand" + $1) WHERE ("public"."STOCK"."stock_id" = $2 AND 1=1) RETURNING "public"."STOCK"."stock_id", "public"."STOCK"."product_id", "public"."STOCK"."location_id", "public"."STOCK"."quantity_on_hand"
prisma:query SELECT "public"."CATEGORY"."category_id", "public"."CATEGORY"."name", "public"."CATEGORY"."tag" FROM "public"."CATEGORY" WHERE "public"."CATEGORY"."category_id" IN ($1,$2,$3,$4,$5,$6,$7,$8,$9,$10,$11,$12,$13) OFFSET $14
prisma:query INSERT INTO "public"."STOCK_MOVEMENT" ("stock_id","created_by","movement_type","quantity","movement_date","notes","product_id") VALUES ($1,$2,CAST($3::text AS "public"."MovementType"),$4,$5,$6,$7) RETURNING "public"."STOCK_MOVEMENT"."movement_id", "public"."STOCK_MOVEMENT"."stock_id", "public"."STOCK_MOVEMENT"."created_by", "public"."STOCK_MOVEMENT"."movement_type"::text, "public"."STOCK_MOVEMENT"."quantity", "public"."STOCK_MOVEMENT"."movement_date", "public"."STOCK_MOVEMENT"."notes", "public"."STOCK_MOVEMENT"."product_id"
"revalidateTag" without the second argument is now deprecated, add second argument of "max" or use "updateTag". See more info here: https://nextjs.org/docs/messages/revalidate-tag-single-arg
 POST /api/inventory/stock 201 in 885ms (next.js: 219ms, application-code: 666ms)
prisma:query COMMIT
prisma:query SELECT "public"."PRODUCT"."product_id", "public"."PRODUCT"."category_id", "public"."PRODUCT"."product_code", "public"."PRODUCT"."product_name", "public"."PRODUCT"."pack_size", "public"."PRODUCT"."selling_price" FROM "public"."PRODUCT" WHERE "public"."PRODUCT"."product_code" = $1 LIMIT $2 OFFSET $3
prisma:query 
      SELECT
        l.location_id,
        l.code,
        l.name,
        COUNT(s.stock_id)                                                     AS total_products,
        COALESCE(SUM(s.quantity_on_hand), 0)                                  AS total_units,
        COUNT(CASE WHEN s.quantity_on_hand > 0
                    AND s.quantity_on_hand < $1 THEN 1 END)     AS low_count,
        COUNT(CASE WHEN s.quantity_on_hand <= 0              THEN 1 END)      AS out_count
      FROM "INVENTORY_LOCATION" l
      LEFT JOIN "STOCK" s ON s.location_id = l.location_id
      GROUP BY l.location_id, l.code, l.name
      ORDER BY l.location_id
    
prisma:query SELECT "public"."INVENTORY_LOCATION"."location_id", "public"."INVENTORY_LOCATION"."code", "public"."INVENTORY_LOCATION"."name" FROM "public"."INVENTORY_LOCATION" WHERE "public"."INVENTORY_LOCATION"."code" = $1 LIMIT $2 OFFSET $3
 POST /api/inventory/import 400 in 528ms (next.js: 124ms, application-code: 404ms)
prisma:query UPDATE "public"."PRODUCT" SET "product_name" = $1, "selling_price" = $2 WHERE ("public"."PRODUCT"."product_id" = $3 AND 1=1) RETURNING "public"."PRODUCT"."product_id", "public"."PRODUCT"."category_id", "public"."PRODUCT"."product_code", "public"."PRODUCT"."product_name", "public"."PRODUCT"."pack_size", "public"."PRODUCT"."selling_price"
prisma:query SELECT "public"."PRODUCT"."product_id", "public"."PRODUCT"."category_id", "public"."PRODUCT"."product_code", "public"."PRODUCT"."product_name", "public"."PRODUCT"."pack_size", "public"."PRODUCT"."selling_price" FROM "public"."PRODUCT" WHERE "public"."PRODUCT"."product_id" = $1 LIMIT $2 OFFSET $3
prisma:query SELECT COUNT(*) AS "_count$_all" FROM (SELECT "public"."STOCK_MOVEMENT"."movement_id" FROM "public"."STOCK_MOVEMENT" WHERE 1=1 OFFSET $1) AS "sub"
prisma:query SELECT "public"."CATEGORY"."category_id", "public"."CATEGORY"."name", "public"."CATEGORY"."tag" FROM "public"."CATEGORY" WHERE "public"."CATEGORY"."category_id" = $1 OFFSET $2
prisma:query SELECT "public"."STOCK_MOVEMENT"."movement_id", "public"."STOCK_MOVEMENT"."stock_id", "public"."STOCK_MOVEMENT"."created_by", "public"."STOCK_MOVEMENT"."movement_type"::text, "public"."STOCK_MOVEMENT"."quantity", "public"."STOCK_MOVEMENT"."movement_date", "public"."STOCK_MOVEMENT"."notes", "public"."STOCK_MOVEMENT"."product_id" FROM "public"."STOCK_MOVEMENT" WHERE 1=1 ORDER BY "public"."STOCK_MOVEMENT"."movement_date" DESC LIMIT $1 OFFSET $2
prisma:query COMMIT
"revalidateTag" without the second argument is now deprecated, add second argument of "max" or use "updateTag". See more info here: https://nextjs.org/docs/messages/revalidate-tag-single-arg
 PATCH /api/products/1 200 in 1424ms (next.js: 420ms, application-code: 1003ms)
prisma:query SELECT "public"."STOCK"."stock_id", "public"."STOCK"."product_id", "public"."STOCK"."location_id", "public"."STOCK"."quantity_on_hand" FROM "public"."STOCK" WHERE "public"."STOCK"."stock_id" IN ($1,$2,$3,$4,$5,$6,$7,$8,$9,$10,$11,$12,$13,$14,$15,$16,$17,$18,$19,$20) OFFSET $21
prisma:query SELECT "public"."PRODUCT"."product_id", "public"."PRODUCT"."category_id", "public"."PRODUCT"."product_code", "public"."PRODUCT"."product_name", "public"."PRODUCT"."pack_size", "public"."PRODUCT"."selling_price" FROM "public"."PRODUCT" WHERE "public"."PRODUCT"."product_id" IN ($1,$2,$3,$4,$5,$6,$7,$8,$9,$10,$11,$12,$13,$14,$15,$16,$17,$18,$19,$20) OFFSET $21
prisma:query SELECT "public"."STOCK"."stock_id", "public"."STOCK"."product_id", "public"."STOCK"."location_id", "public"."STOCK"."quantity_on_hand" FROM "public"."STOCK" WHERE "public"."STOCK"."product_id" = $1 LIMIT $2 OFFSET $3
prisma:query SELECT "public"."USER"."user_id", "public"."USER"."role_id", "public"."USER"."full_name", "public"."USER"."username", "public"."USER"."password_hash" FROM "public"."USER" WHERE "public"."USER"."user_id" IN ($1,$2,$3,$4,$5,$6,$7,$8,$9,$10,$11,$12,$13,$14,$15,$16,$17,$18,$19,$20) OFFSET $21
prisma:query DELETE FROM "public"."PRODUCT" WHERE ("public"."PRODUCT"."product_id" = $1 AND 1=1) RETURNING "public"."PRODUCT"."product_id", "public"."PRODUCT"."category_id", "public"."PRODUCT"."product_code", "public"."PRODUCT"."product_name", "public"."PRODUCT"."pack_size", "public"."PRODUCT"."selling_price"
prisma:error 
Invalid `__TURBOPACK__imported__module__$5b$project$5d2f$lib$2f$prisma$2e$ts__$5b$app$2d$route$5d$__$28$ecmascript$29$__["prisma"].product.delete()` invocation in
/app/.next/dev/server/chunks/[root-of-the-server]__10d~d~r._.js:495:163

  492     }
  493 });
  494 if (hasStock) throw new Error("Cannot delete product with existing stock entries");
→ 495 const product = await __TURBOPACK__imported__module__$5b$project$5d2f$lib$2f$prisma$2e$ts__$5b$app$2d$route$5d$__$28$ecmascript$29$__["prisma"].product.delete(
An operation failed because it depends on one or more records that were required but not found. No record was found for a delete.
 DELETE /api/products/9999 400 in 426ms (next.js: 10ms, application-code: 416ms)
prisma:query SELECT "public"."INVENTORY_LOCATION"."location_id", "public"."INVENTORY_LOCATION"."code", "public"."INVENTORY_LOCATION"."name" FROM "public"."INVENTORY_LOCATION" WHERE "public"."INVENTORY_LOCATION"."location_id" IN ($1,$2) OFFSET $3
prisma:query COMMIT
 GET /inventory 200 in 5.9s (next.js: 79ms, application-code: 5.8s)
prisma:query SELECT "public"."STOCK_MOVEMENT"."movement_id", "public"."STOCK_MOVEMENT"."stock_id", "public"."STOCK_MOVEMENT"."created_by", "public"."STOCK_MOVEMENT"."movement_type"::text, "public"."STOCK_MOVEMENT"."quantity", "public"."STOCK_MOVEMENT"."movement_date", "public"."STOCK_MOVEMENT"."notes", "public"."STOCK_MOVEMENT"."product_id" FROM "public"."STOCK_MOVEMENT" WHERE ("public"."STOCK_MOVEMENT"."movement_id" = $1 AND 1=1) LIMIT $2 OFFSET $3
[DELETE /api/stock-movements/9999] Error: Movement not found
    at deleteMovement (lib/inventoryService.ts:457:24)
    at async DELETE (app/api/stock-movements/[movementId]/route.ts:7:5)
  455 | export async function deleteMovement(movementId: number) {
  456 |   const movement = await prisma.stockMovement.findUnique({ where: { movement_id: movement...
> 457 |   if (!movement) throw new Error("Movement not found");
      |                        ^
  458 |
  459 |   const stock = await prisma.stock.findUnique({ where: { stock_id: movement.stock_id } });
  460 |   if (!stock) throw new Error("Stock not found");
 DELETE /api/stock-movements/9999 400 in 638ms (next.js: 148ms, application-code: 491ms)
prisma:query SELECT "public"."INVENTORY_LOCATION"."location_id", "public"."INVENTORY_LOCATION"."code", "public"."INVENTORY_LOCATION"."name" FROM "public"."INVENTORY_LOCATION" WHERE 1=1 ORDER BY "public"."INVENTORY_LOCATION"."location_id" ASC OFFSET $1
 GET /api/locations 200 in 212ms (next.js: 7ms, application-code: 206ms)
prisma:query SELECT COUNT(*) AS "_count$_all" FROM (SELECT "public"."STOCK"."stock_id" FROM "public"."STOCK" WHERE 1=1 OFFSET $1) AS "sub"
prisma:query SELECT "public"."STOCK"."stock_id", "public"."STOCK"."product_id", "public"."STOCK"."location_id", "public"."STOCK"."quantity_on_hand" FROM "public"."STOCK" LEFT JOIN "public"."INVENTORY_LOCATION" AS "orderby_1" ON ("orderby_1"."location_id") = ("public"."STOCK"."location_id") LEFT JOIN "public"."PRODUCT" AS "orderby_2" ON ("orderby_2"."product_id") = ("public"."STOCK"."product_id") WHERE 1=1 ORDER BY "orderby_1"."location_id" ASC, "orderby_2"."product_name" ASC LIMIT $1 OFFSET $2
prisma:query SELECT "public"."PRODUCT"."product_id", "public"."PRODUCT"."category_id", "public"."PRODUCT"."product_code", "public"."PRODUCT"."product_name", "public"."PRODUCT"."pack_size", "public"."PRODUCT"."selling_price" FROM "public"."PRODUCT" WHERE "public"."PRODUCT"."product_id" IN ($1,$2,$3,$4,$5,$6,$7,$8,$9,$10,$11,$12,$13,$14,$15,$16,$17) OFFSET $18
prisma:query SELECT "public"."INVENTORY_LOCATION"."location_id", "public"."INVENTORY_LOCATION"."code", "public"."INVENTORY_LOCATION"."name" FROM "public"."INVENTORY_LOCATION" WHERE "public"."INVENTORY_LOCATION"."location_id" IN ($1,$2,$3,$4,$5,$6,$7,$8,$9,$10,$11,$12,$13,$14,$15,$16,$17) OFFSET $18
prisma:query SELECT "public"."CATEGORY"."category_id", "public"."CATEGORY"."name", "public"."CATEGORY"."tag" FROM "public"."CATEGORY" WHERE "public"."CATEGORY"."category_id" IN ($1,$2,$3,$4,$5,$6,$7,$8,$9,$10,$11,$12,$13) OFFSET $14
prisma:query COMMIT
prisma:query 
      SELECT
        l.location_id,
        l.code,
        l.name,
        COUNT(s.stock_id)                                                     AS total_products,
        COALESCE(SUM(s.quantity_on_hand), 0)                                  AS total_units,
        COUNT(CASE WHEN s.quantity_on_hand > 0
                    AND s.quantity_on_hand < $1 THEN 1 END)     AS low_count,
        COUNT(CASE WHEN s.quantity_on_hand <= 0              THEN 1 END)      AS out_count
      FROM "INVENTORY_LOCATION" l
      LEFT JOIN "STOCK" s ON s.location_id = l.location_id
      GROUP BY l.location_id, l.code, l.name
      ORDER BY l.location_id
    
prisma:query SELECT COUNT(*) AS "_count$_all" FROM (SELECT "public"."STOCK_MOVEMENT"."movement_id" FROM "public"."STOCK_MOVEMENT" WHERE 1=1 OFFSET $1) AS "sub"
prisma:query SELECT "public"."STOCK_MOVEMENT"."movement_id", "public"."STOCK_MOVEMENT"."stock_id", "public"."STOCK_MOVEMENT"."created_by", "public"."STOCK_MOVEMENT"."movement_type"::text, "public"."STOCK_MOVEMENT"."quantity", "public"."STOCK_MOVEMENT"."movement_date", "public"."STOCK_MOVEMENT"."notes", "public"."STOCK_MOVEMENT"."product_id" FROM "public"."STOCK_MOVEMENT" WHERE 1=1 ORDER BY "public"."STOCK_MOVEMENT"."movement_date" DESC LIMIT $1 OFFSET $2
prisma:query SELECT "public"."STOCK"."stock_id", "public"."STOCK"."product_id", "public"."STOCK"."location_id", "public"."STOCK"."quantity_on_hand" FROM "public"."STOCK" WHERE "public"."STOCK"."stock_id" IN ($1,$2,$3,$4,$5,$6,$7,$8,$9,$10,$11,$12,$13,$14,$15,$16,$17,$18,$19,$20) OFFSET $21
prisma:query SELECT "public"."PRODUCT"."product_id", "public"."PRODUCT"."category_id", "public"."PRODUCT"."product_code", "public"."PRODUCT"."product_name", "public"."PRODUCT"."pack_size", "public"."PRODUCT"."selling_price" FROM "public"."PRODUCT" WHERE "public"."PRODUCT"."product_id" IN ($1,$2,$3,$4,$5,$6,$7,$8,$9,$10,$11,$12,$13,$14,$15,$16,$17,$18,$19,$20) OFFSET $21
prisma:query SELECT "public"."USER"."user_id", "public"."USER"."role_id", "public"."USER"."full_name", "public"."USER"."username", "public"."USER"."password_hash" FROM "public"."USER" WHERE "public"."USER"."user_id" IN ($1,$2,$3,$4,$5,$6,$7,$8,$9,$10,$11,$12,$13,$14,$15,$16,$17,$18,$19,$20) OFFSET $21
prisma:query SELECT "public"."INVENTORY_LOCATION"."location_id", "public"."INVENTORY_LOCATION"."code", "public"."INVENTORY_LOCATION"."name" FROM "public"."INVENTORY_LOCATION" WHERE "public"."INVENTORY_LOCATION"."location_id" IN ($1,$2) OFFSET $3
prisma:query COMMIT
 GET /inventory 200 in 3.1s (next.js: 4ms, application-code: 3.1s)
prisma:query SELECT "public"."INVENTORY_LOCATION"."location_id", "public"."INVENTORY_LOCATION"."code", "public"."INVENTORY_LOCATION"."name" FROM "public"."INVENTORY_LOCATION" WHERE 1=1 ORDER BY "public"."INVENTORY_LOCATION"."location_id" ASC OFFSET $1
 GET /api/locations 200 in 211ms (next.js: 8ms, application-code: 203ms)
prisma:query SELECT COUNT(*) AS "_count$_all" FROM (SELECT "public"."STOCK"."stock_id" FROM "public"."STOCK" WHERE 1=1 OFFSET $1) AS "sub"
prisma:query SELECT "public"."STOCK"."stock_id", "public"."STOCK"."product_id", "public"."STOCK"."location_id", "public"."STOCK"."quantity_on_hand" FROM "public"."STOCK" LEFT JOIN "public"."INVENTORY_LOCATION" AS "orderby_1" ON ("orderby_1"."location_id") = ("public"."STOCK"."location_id") LEFT JOIN "public"."PRODUCT" AS "orderby_2" ON ("orderby_2"."product_id") = ("public"."STOCK"."product_id") WHERE 1=1 ORDER BY "orderby_1"."location_id" ASC, "orderby_2"."product_name" ASC LIMIT $1 OFFSET $2
prisma:query SELECT "public"."PRODUCT"."product_id", "public"."PRODUCT"."category_id", "public"."PRODUCT"."product_code", "public"."PRODUCT"."product_name", "public"."PRODUCT"."pack_size", "public"."PRODUCT"."selling_price" FROM "public"."PRODUCT" WHERE "public"."PRODUCT"."product_id" IN ($1,$2,$3,$4,$5,$6,$7,$8,$9,$10,$11,$12,$13,$14,$15,$16,$17) OFFSET $18
prisma:query SELECT "public"."INVENTORY_LOCATION"."location_id", "public"."INVENTORY_LOCATION"."code", "public"."INVENTORY_LOCATION"."name" FROM "public"."INVENTORY_LOCATION" WHERE "public"."INVENTORY_LOCATION"."location_id" IN ($1,$2,$3,$4,$5,$6,$7,$8,$9,$10,$11,$12,$13,$14,$15,$16,$17) OFFSET $18
prisma:query SELECT "public"."CATEGORY"."category_id", "public"."CATEGORY"."name", "public"."CATEGORY"."tag" FROM "public"."CATEGORY" WHERE "public"."CATEGORY"."category_id" IN ($1,$2,$3,$4,$5,$6,$7,$8,$9,$10,$11,$12,$13) OFFSET $14
prisma:query COMMIT
prisma:query SELECT COUNT(*) AS "_count$_all" FROM (SELECT "public"."STOCK_MOVEMENT"."movement_id" FROM "public"."STOCK_MOVEMENT" WHERE 1=1 OFFSET $1) AS "sub"
prisma:query SELECT "public"."STOCK_MOVEMENT"."movement_id", "public"."STOCK_MOVEMENT"."stock_id", "public"."STOCK_MOVEMENT"."created_by", "public"."STOCK_MOVEMENT"."movement_type"::text, "public"."STOCK_MOVEMENT"."quantity", "public"."STOCK_MOVEMENT"."movement_date", "public"."STOCK_MOVEMENT"."notes", "public"."STOCK_MOVEMENT"."product_id" FROM "public"."STOCK_MOVEMENT" WHERE 1=1 ORDER BY "public"."STOCK_MOVEMENT"."movement_date" DESC LIMIT $1 OFFSET $2
prisma:query SELECT "public"."STOCK"."stock_id", "public"."STOCK"."product_id", "public"."STOCK"."location_id", "public"."STOCK"."quantity_on_hand" FROM "public"."STOCK" WHERE "public"."STOCK"."stock_id" IN ($1,$2,$3,$4,$5,$6,$7,$8,$9,$10,$11,$12,$13,$14,$15,$16,$17,$18,$19,$20) OFFSET $21
prisma:query SELECT "public"."PRODUCT"."product_id", "public"."PRODUCT"."category_id", "public"."PRODUCT"."product_code", "public"."PRODUCT"."product_name", "public"."PRODUCT"."pack_size", "public"."PRODUCT"."selling_price" FROM "public"."PRODUCT" WHERE "public"."PRODUCT"."product_id" IN ($1,$2,$3,$4,$5,$6,$7,$8,$9,$10,$11,$12,$13,$14,$15,$16,$17,$18,$19,$20) OFFSET $21
prisma:query SELECT "public"."USER"."user_id", "public"."USER"."role_id", "public"."USER"."full_name", "public"."USER"."username", "public"."USER"."password_hash" FROM "public"."USER" WHERE "public"."USER"."user_id" IN ($1,$2,$3,$4,$5,$6,$7,$8,$9,$10,$11,$12,$13,$14,$15,$16,$17,$18,$19,$20) OFFSET $21
prisma:query SELECT "public"."INVENTORY_LOCATION"."location_id", "public"."INVENTORY_LOCATION"."code", "public"."INVENTORY_LOCATION"."name" FROM "public"."INVENTORY_LOCATION" WHERE "public"."INVENTORY_LOCATION"."location_id" IN ($1,$2) OFFSET $3
prisma:query COMMIT
 GET /inventory 200 in 3.1s (next.js: 4ms, application-code: 3.1s)
prisma:query SELECT "public"."INVENTORY_LOCATION"."location_id", "public"."INVENTORY_LOCATION"."code", "public"."INVENTORY_LOCATION"."name" FROM "public"."INVENTORY_LOCATION" WHERE 1=1 ORDER BY "public"."INVENTORY_LOCATION"."location_id" ASC OFFSET $1
 GET /api/locations 200 in 204ms (next.js: 3ms, application-code: 200ms)
prisma:query SELECT COUNT(*) AS "_count$_all" FROM (SELECT "public"."STOCK"."stock_id" FROM "public"."STOCK" WHERE 1=1 OFFSET $1) AS "sub"
prisma:query SELECT "public"."STOCK"."stock_id", "public"."STOCK"."product_id", "public"."STOCK"."location_id", "public"."STOCK"."quantity_on_hand" FROM "public"."STOCK" LEFT JOIN "public"."INVENTORY_LOCATION" AS "orderby_1" ON ("orderby_1"."location_id") = ("public"."STOCK"."location_id") LEFT JOIN "public"."PRODUCT" AS "orderby_2" ON ("orderby_2"."product_id") = ("public"."STOCK"."product_id") WHERE 1=1 ORDER BY "orderby_1"."location_id" ASC, "orderby_2"."product_name" ASC LIMIT $1 OFFSET $2
prisma:query SELECT "public"."PRODUCT"."product_id", "public"."PRODUCT"."category_id", "public"."PRODUCT"."product_code", "public"."PRODUCT"."product_name", "public"."PRODUCT"."pack_size", "public"."PRODUCT"."selling_price" FROM "public"."PRODUCT" WHERE "public"."PRODUCT"."product_id" IN ($1,$2,$3,$4,$5,$6,$7,$8,$9,$10,$11,$12,$13,$14,$15,$16,$17) OFFSET $18
prisma:query SELECT "public"."INVENTORY_LOCATION"."location_id", "public"."INVENTORY_LOCATION"."code", "public"."INVENTORY_LOCATION"."name" FROM "public"."INVENTORY_LOCATION" WHERE "public"."INVENTORY_LOCATION"."location_id" IN ($1,$2,$3,$4,$5,$6,$7,$8,$9,$10,$11,$12,$13,$14,$15,$16,$17) OFFSET $18
prisma:query SELECT "public"."CATEGORY"."category_id", "public"."CATEGORY"."name", "public"."CATEGORY"."tag" FROM "public"."CATEGORY" WHERE "public"."CATEGORY"."category_id" IN ($1,$2,$3,$4,$5,$6,$7,$8,$9,$10,$11,$12,$13) OFFSET $14
prisma:query COMMIT
prisma:query SELECT COUNT(*) AS "_count$_all" FROM (SELECT "public"."STOCK_MOVEMENT"."movement_id" FROM "public"."STOCK_MOVEMENT" WHERE 1=1 OFFSET $1) AS "sub"
prisma:query SELECT "public"."STOCK_MOVEMENT"."movement_id", "public"."STOCK_MOVEMENT"."stock_id", "public"."STOCK_MOVEMENT"."created_by", "public"."STOCK_MOVEMENT"."movement_type"::text, "public"."STOCK_MOVEMENT"."quantity", "public"."STOCK_MOVEMENT"."movement_date", "public"."STOCK_MOVEMENT"."notes", "public"."STOCK_MOVEMENT"."product_id" FROM "public"."STOCK_MOVEMENT" WHERE 1=1 ORDER BY "public"."STOCK_MOVEMENT"."movement_date" DESC LIMIT $1 OFFSET $2
prisma:query SELECT "public"."STOCK"."stock_id", "public"."STOCK"."product_id", "public"."STOCK"."location_id", "public"."STOCK"."quantity_on_hand" FROM "public"."STOCK" WHERE "public"."STOCK"."stock_id" IN ($1,$2,$3,$4,$5,$6,$7,$8,$9,$10,$11,$12,$13,$14,$15,$16,$17,$18,$19,$20) OFFSET $21
prisma:query SELECT "public"."PRODUCT"."product_id", "public"."PRODUCT"."category_id", "public"."PRODUCT"."product_code", "public"."PRODUCT"."product_name", "public"."PRODUCT"."pack_size", "public"."PRODUCT"."selling_price" FROM "public"."PRODUCT" WHERE "public"."PRODUCT"."product_id" IN ($1,$2,$3,$4,$5,$6,$7,$8,$9,$10,$11,$12,$13,$14,$15,$16,$17,$18,$19,$20) OFFSET $21
prisma:query SELECT "public"."USER"."user_id", "public"."USER"."role_id", "public"."USER"."full_name", "public"."USER"."username", "public"."USER"."password_hash" FROM "public"."USER" WHERE "public"."USER"."user_id" IN ($1,$2,$3,$4,$5,$6,$7,$8,$9,$10,$11,$12,$13,$14,$15,$16,$17,$18,$19,$20) OFFSET $21
prisma:query SELECT "public"."INVENTORY_LOCATION"."location_id", "public"."INVENTORY_LOCATION"."code", "public"."INVENTORY_LOCATION"."name" FROM "public"."INVENTORY_LOCATION" WHERE "public"."INVENTORY_LOCATION"."location_id" IN ($1,$2) OFFSET $3
prisma:query COMMIT
 GET /inventory 200 in 3.1s (next.js: 3ms, application-code: 3.0s)
 GET /api/locations 200 in 204ms (next.js: 4ms, application-code: 200ms)
prisma:query SELECT "public"."INVENTORY_LOCATION"."location_id", "public"."INVENTORY_LOCATION"."code", "public"."INVENTORY_LOCATION"."name" FROM "public"."INVENTORY_LOCATION" WHERE 1=1 ORDER BY "public"."INVENTORY_LOCATION"."location_id" ASC OFFSET $1
prisma:query SELECT COUNT(*) AS "_count$_all" FROM (SELECT "public"."STOCK"."stock_id" FROM "public"."STOCK" WHERE 1=1 OFFSET $1) AS "sub"
prisma:query SELECT "public"."STOCK"."stock_id", "public"."STOCK"."product_id", "public"."STOCK"."location_id", "public"."STOCK"."quantity_on_hand" FROM "public"."STOCK" LEFT JOIN "public"."INVENTORY_LOCATION" AS "orderby_1" ON ("orderby_1"."location_id") = ("public"."STOCK"."location_id") LEFT JOIN "public"."PRODUCT" AS "orderby_2" ON ("orderby_2"."product_id") = ("public"."STOCK"."product_id") WHERE 1=1 ORDER BY "orderby_1"."location_id" ASC, "orderby_2"."product_name" ASC LIMIT $1 OFFSET $2
prisma:query SELECT "public"."PRODUCT"."product_id", "public"."PRODUCT"."category_id", "public"."PRODUCT"."product_code", "public"."PRODUCT"."product_name", "public"."PRODUCT"."pack_size", "public"."PRODUCT"."selling_price" FROM "public"."PRODUCT" WHERE "public"."PRODUCT"."product_id" IN ($1,$2,$3,$4,$5,$6,$7,$8,$9,$10,$11,$12,$13,$14,$15,$16,$17) OFFSET $18
prisma:query SELECT "public"."INVENTORY_LOCATION"."location_id", "public"."INVENTORY_LOCATION"."code", "public"."INVENTORY_LOCATION"."name" FROM "public"."INVENTORY_LOCATION" WHERE "public"."INVENTORY_LOCATION"."location_id" IN ($1,$2,$3,$4,$5,$6,$7,$8,$9,$10,$11,$12,$13,$14,$15,$16,$17) OFFSET $18
prisma:query SELECT "public"."CATEGORY"."category_id", "public"."CATEGORY"."name", "public"."CATEGORY"."tag" FROM "public"."CATEGORY" WHERE "public"."CATEGORY"."category_id" IN ($1,$2,$3,$4,$5,$6,$7,$8,$9,$10,$11,$12,$13) OFFSET $14
prisma:query COMMIT
prisma:query SELECT COUNT(*) AS "_count$_all" FROM (SELECT "public"."STOCK_MOVEMENT"."movement_id" FROM "public"."STOCK_MOVEMENT" WHERE 1=1 OFFSET $1) AS "sub"
prisma:query SELECT "public"."STOCK_MOVEMENT"."movement_id", "public"."STOCK_MOVEMENT"."stock_id", "public"."STOCK_MOVEMENT"."created_by", "public"."STOCK_MOVEMENT"."movement_type"::text, "public"."STOCK_MOVEMENT"."quantity", "public"."STOCK_MOVEMENT"."movement_date", "public"."STOCK_MOVEMENT"."notes", "public"."STOCK_MOVEMENT"."product_id" FROM "public"."STOCK_MOVEMENT" WHERE 1=1 ORDER BY "public"."STOCK_MOVEMENT"."movement_date" DESC LIMIT $1 OFFSET $2
prisma:query SELECT "public"."STOCK"."stock_id", "public"."STOCK"."product_id", "public"."STOCK"."location_id", "public"."STOCK"."quantity_on_hand" FROM "public"."STOCK" WHERE "public"."STOCK"."stock_id" IN ($1,$2,$3,$4,$5,$6,$7,$8,$9,$10,$11,$12,$13,$14,$15,$16,$17,$18,$19,$20) OFFSET $21
prisma:query SELECT "public"."PRODUCT"."product_id", "public"."PRODUCT"."category_id", "public"."PRODUCT"."product_code", "public"."PRODUCT"."product_name", "public"."PRODUCT"."pack_size", "public"."PRODUCT"."selling_price" FROM "public"."PRODUCT" WHERE "public"."PRODUCT"."product_id" IN ($1,$2,$3,$4,$5,$6,$7,$8,$9,$10,$11,$12,$13,$14,$15,$16,$17,$18,$19,$20) OFFSET $21
prisma:query SELECT "public"."USER"."user_id", "public"."USER"."role_id", "public"."USER"."full_name", "public"."USER"."username", "public"."USER"."password_hash" FROM "public"."USER" WHERE "public"."USER"."user_id" IN ($1,$2,$3,$4,$5,$6,$7,$8,$9,$10,$11,$12,$13,$14,$15,$16,$17,$18,$19,$20) OFFSET $21
prisma:query SELECT "public"."INVENTORY_LOCATION"."location_id", "public"."INVENTORY_LOCATION"."code", "public"."INVENTORY_LOCATION"."name" FROM "public"."INVENTORY_LOCATION" WHERE "public"."INVENTORY_LOCATION"."location_id" IN ($1,$2) OFFSET $3
prisma:query COMMIT
 GET /inventory 200 in 3.1s (next.js: 3ms, application-code: 3.1s)
prisma:query SELECT "public"."INVENTORY_LOCATION"."location_id", "public"."INVENTORY_LOCATION"."code", "public"."INVENTORY_LOCATION"."name" FROM "public"."INVENTORY_LOCATION" WHERE 1=1 ORDER BY "public"."INVENTORY_LOCATION"."location_id" ASC OFFSET $1
 GET /api/locations 200 in 207ms (next.js: 6ms, application-code: 200ms)
prisma:query SELECT COUNT(*) AS "_count$_all" FROM (SELECT "public"."STOCK"."stock_id" FROM "public"."STOCK" WHERE 1=1 OFFSET $1) AS "sub"
prisma:query SELECT "public"."STOCK"."stock_id", "public"."STOCK"."product_id", "public"."STOCK"."location_id", "public"."STOCK"."quantity_on_hand" FROM "public"."STOCK" LEFT JOIN "public"."INVENTORY_LOCATION" AS "orderby_1" ON ("orderby_1"."location_id") = ("public"."STOCK"."location_id") LEFT JOIN "public"."PRODUCT" AS "orderby_2" ON ("orderby_2"."product_id") = ("public"."STOCK"."product_id") WHERE 1=1 ORDER BY "orderby_1"."location_id" ASC, "orderby_2"."product_name" ASC LIMIT $1 OFFSET $2
prisma:query SELECT "public"."PRODUCT"."product_id", "public"."PRODUCT"."category_id", "public"."PRODUCT"."product_code", "public"."PRODUCT"."product_name", "public"."PRODUCT"."pack_size", "public"."PRODUCT"."selling_price" FROM "public"."PRODUCT" WHERE "public"."PRODUCT"."product_id" IN ($1,$2,$3,$4,$5,$6,$7,$8,$9,$10,$11,$12,$13,$14,$15,$16,$17) OFFSET $18
prisma:query SELECT "public"."INVENTORY_LOCATION"."location_id", "public"."INVENTORY_LOCATION"."code", "public"."INVENTORY_LOCATION"."name" FROM "public"."INVENTORY_LOCATION" WHERE "public"."INVENTORY_LOCATION"."location_id" IN ($1,$2,$3,$4,$5,$6,$7,$8,$9,$10,$11,$12,$13,$14,$15,$16,$17) OFFSET $18
prisma:query SELECT "public"."CATEGORY"."category_id", "public"."CATEGORY"."name", "public"."CATEGORY"."tag" FROM "public"."CATEGORY" WHERE "public"."CATEGORY"."category_id" IN ($1,$2,$3,$4,$5,$6,$7,$8,$9,$10,$11,$12,$13) OFFSET $14
prisma:query COMMIT
prisma:query SELECT COUNT(*) AS "_count$_all" FROM (SELECT "public"."STOCK_MOVEMENT"."movement_id" FROM "public"."STOCK_MOVEMENT" WHERE 1=1 OFFSET $1) AS "sub"
prisma:query SELECT "public"."STOCK_MOVEMENT"."movement_id", "public"."STOCK_MOVEMENT"."stock_id", "public"."STOCK_MOVEMENT"."created_by", "public"."STOCK_MOVEMENT"."movement_type"::text, "public"."STOCK_MOVEMENT"."quantity", "public"."STOCK_MOVEMENT"."movement_date", "public"."STOCK_MOVEMENT"."notes", "public"."STOCK_MOVEMENT"."product_id" FROM "public"."STOCK_MOVEMENT" WHERE 1=1 ORDER BY "public"."STOCK_MOVEMENT"."movement_date" DESC LIMIT $1 OFFSET $2
prisma:query SELECT "public"."STOCK"."stock_id", "public"."STOCK"."product_id", "public"."STOCK"."location_id", "public"."STOCK"."quantity_on_hand" FROM "public"."STOCK" WHERE "public"."STOCK"."stock_id" IN ($1,$2,$3,$4,$5,$6,$7,$8,$9,$10,$11,$12,$13,$14,$15,$16,$17,$18,$19,$20) OFFSET $21
prisma:query SELECT "public"."PRODUCT"."product_id", "public"."PRODUCT"."category_id", "public"."PRODUCT"."product_code", "public"."PRODUCT"."product_name", "public"."PRODUCT"."pack_size", "public"."PRODUCT"."selling_price" FROM "public"."PRODUCT" WHERE "public"."PRODUCT"."product_id" IN ($1,$2,$3,$4,$5,$6,$7,$8,$9,$10,$11,$12,$13,$14,$15,$16,$17,$18,$19,$20) OFFSET $21
prisma:query SELECT "public"."USER"."user_id", "public"."USER"."role_id", "public"."USER"."full_name", "public"."USER"."username", "public"."USER"."password_hash" FROM "public"."USER" WHERE "public"."USER"."user_id" IN ($1,$2,$3,$4,$5,$6,$7,$8,$9,$10,$11,$12,$13,$14,$15,$16,$17,$18,$19,$20) OFFSET $21
prisma:query SELECT "public"."INVENTORY_LOCATION"."location_id", "public"."INVENTORY_LOCATION"."code", "public"."INVENTORY_LOCATION"."name" FROM "public"."INVENTORY_LOCATION" WHERE "public"."INVENTORY_LOCATION"."location_id" IN ($1,$2) OFFSET $3
prisma:query COMMIT
 GET /inventory 200 in 3.0s (next.js: 3ms, application-code: 3.0s)
prisma:query SELECT "public"."INVENTORY_LOCATION"."location_id", "public"."INVENTORY_LOCATION"."code", "public"."INVENTORY_LOCATION"."name" FROM "public"."INVENTORY_LOCATION" WHERE 1=1 ORDER BY "public"."INVENTORY_LOCATION"."location_id" ASC OFFSET $1
 GET /api/locations 200 in 207ms (next.js: 5ms, application-code: 202ms)
prisma:query SELECT "public"."INVENTORY_LOCATION"."location_id", "public"."INVENTORY_LOCATION"."code", "public"."INVENTORY_LOCATION"."name" FROM "public"."INVENTORY_LOCATION" WHERE "public"."INVENTORY_LOCATION"."location_id" IN ($1,$2) OFFSET $3
prisma:query SELECT COUNT(*) AS "_count$_all" FROM (SELECT "public"."STOCK"."stock_id" FROM "public"."STOCK" WHERE "public"."STOCK"."location_id" = $1 OFFSET $2) AS "sub"
prisma:query SELECT "public"."STOCK"."stock_id", "public"."STOCK"."product_id", "public"."STOCK"."location_id", "public"."STOCK"."quantity_on_hand" FROM "public"."STOCK" LEFT JOIN "public"."INVENTORY_LOCATION" AS "orderby_1" ON ("orderby_1"."location_id") = ("public"."STOCK"."location_id") LEFT JOIN "public"."PRODUCT" AS "orderby_2" ON ("orderby_2"."product_id") = ("public"."STOCK"."product_id") WHERE "public"."STOCK"."location_id" = $1 ORDER BY "orderby_1"."location_id" ASC, "orderby_2"."product_name" ASC LIMIT $2 OFFSET $3
prisma:query SELECT "public"."PRODUCT"."product_id", "public"."PRODUCT"."category_id", "public"."PRODUCT"."product_code", "public"."PRODUCT"."product_name", "public"."PRODUCT"."pack_size", "public"."PRODUCT"."selling_price" FROM "public"."PRODUCT" WHERE "public"."PRODUCT"."product_id" IN ($1,$2,$3,$4) OFFSET $5
prisma:query SELECT "public"."INVENTORY_LOCATION"."location_id", "public"."INVENTORY_LOCATION"."code", "public"."INVENTORY_LOCATION"."name" FROM "public"."INVENTORY_LOCATION" WHERE "public"."INVENTORY_LOCATION"."location_id" IN ($1,$2,$3,$4) OFFSET $5
prisma:query SELECT "public"."CATEGORY"."category_id", "public"."CATEGORY"."name", "public"."CATEGORY"."tag" FROM "public"."CATEGORY" WHERE "public"."CATEGORY"."category_id" IN ($1,$2,$3,$4) OFFSET $5
prisma:query SELECT COUNT(*) AS "_count$_all" FROM (SELECT "public"."STOCK_MOVEMENT"."movement_id" FROM "public"."STOCK_MOVEMENT" LEFT JOIN "public"."STOCK" AS "j0" ON ("j0"."stock_id") = ("public"."STOCK_MOVEMENT"."stock_id") WHERE ("j0"."location_id" = $1 AND ("j0"."stock_id" IS NOT NULL)) OFFSET $2) AS "sub"
prisma:query COMMIT
prisma:query SELECT "public"."STOCK_MOVEMENT"."movement_id", "public"."STOCK_MOVEMENT"."stock_id", "public"."STOCK_MOVEMENT"."created_by", "public"."STOCK_MOVEMENT"."movement_type"::text, "public"."STOCK_MOVEMENT"."quantity", "public"."STOCK_MOVEMENT"."movement_date", "public"."STOCK_MOVEMENT"."notes", "public"."STOCK_MOVEMENT"."product_id" FROM "public"."STOCK_MOVEMENT" LEFT JOIN "public"."STOCK" AS "j0" ON ("j0"."stock_id") = ("public"."STOCK_MOVEMENT"."stock_id") WHERE ("j0"."location_id" = $1 AND ("j0"."stock_id" IS NOT NULL)) ORDER BY "public"."STOCK_MOVEMENT"."movement_date" DESC LIMIT $2 OFFSET $3
prisma:query SELECT "public"."STOCK"."stock_id", "public"."STOCK"."product_id", "public"."STOCK"."location_id", "public"."STOCK"."quantity_on_hand" FROM "public"."STOCK" WHERE "public"."STOCK"."stock_id" IN ($1,$2,$3,$4,$5,$6,$7,$8,$9,$10,$11,$12,$13,$14,$15,$16,$17,$18,$19,$20) OFFSET $21
prisma:query SELECT "public"."PRODUCT"."product_id", "public"."PRODUCT"."category_id", "public"."PRODUCT"."product_code", "public"."PRODUCT"."product_name", "public"."PRODUCT"."pack_size", "public"."PRODUCT"."selling_price" FROM "public"."PRODUCT" WHERE "public"."PRODUCT"."product_id" IN ($1,$2,$3,$4,$5,$6,$7,$8,$9,$10,$11,$12,$13,$14,$15,$16,$17,$18,$19,$20) OFFSET $21
prisma:query SELECT "public"."USER"."user_id", "public"."USER"."role_id", "public"."USER"."full_name", "public"."USER"."username", "public"."USER"."password_hash" FROM "public"."USER" WHERE "public"."USER"."user_id" IN ($1,$2,$3,$4,$5,$6,$7,$8,$9,$10,$11,$12,$13,$14,$15,$16,$17,$18,$19,$20) OFFSET $21
prisma:query SELECT "public"."INVENTORY_LOCATION"."location_id", "public"."INVENTORY_LOCATION"."code", "public"."INVENTORY_LOCATION"."name" FROM "public"."INVENTORY_LOCATION" WHERE "public"."INVENTORY_LOCATION"."location_id" IN ($1,$2) OFFSET $3
prisma:query COMMIT
⨯ TypeError: Cannot read properties of undefined (reading 'reduce')
    at <unknown> (components/LocationStockPage.tsx:450:25)
    at LocationStockPage (components/LocationStockPage.tsx:447:24)
  448 |     () => ({
  449 |       totalProducts: stockTotal,
> 450 |       totalUnits: stock.reduce((a, b) => a + b.quantity_on_hand, 0), // Approximation for...
      |                         ^
  451 |       low: stock.filter((r) => r.status === "low").length,
  452 |       out: stock.filter((r) => r.status === "out").length,
  453 |     }), {
  digest: '3061854141'
}
 GET /inventory/1 200 in 3.5s (next.js: 117ms, application-code: 3.3s)
[browser] Uncaught TypeError: Cannot read properties of undefined (reading 'reduce')
    at LocationStockPage.useMemo[stats] (components/LocationStockPage.tsx:450:25)
    at LocationStockPage (components/LocationStockPage.tsx:447:24)
    at LocationStockRoute (app/(dashboard)/inventory/[locationId]/page.tsx:37:5)
  448 |     () => ({
  449 |       totalProducts: stockTotal,
> 450 |       totalUnits: stock.reduce((a, b) => a + b.quantity_on_hand, 0), // Approximation for...
      |                         ^
  451 |       low: stock.filter((r) => r.status === "low").length,
  452 |       out: stock.filter((r) => r.status === "out").length,
  453 |     }),
prisma:query SELECT "public"."INVENTORY_LOCATION"."location_id", "public"."INVENTORY_LOCATION"."code", "public"."INVENTORY_LOCATION"."name" FROM "public"."INVENTORY_LOCATION" WHERE "public"."INVENTORY_LOCATION"."location_id" IN ($1,$2) OFFSET $3
prisma:query SELECT COUNT(*) AS "_count$_all" FROM (SELECT "public"."STOCK"."stock_id" FROM "public"."STOCK" WHERE "public"."STOCK"."location_id" = $1 OFFSET $2) AS "sub"
prisma:query SELECT COUNT(*) AS "_count$_all" FROM (SELECT "public"."STOCK_MOVEMENT"."movement_id" FROM "public"."STOCK_MOVEMENT" LEFT JOIN "public"."STOCK" AS "j0" ON ("j0"."stock_id") = ("public"."STOCK_MOVEMENT"."stock_id") WHERE ("j0"."location_id" = $1 AND ("j0"."stock_id" IS NOT NULL)) OFFSET $2) AS "sub"
prisma:query SELECT "public"."STOCK"."stock_id", "public"."STOCK"."product_id", "public"."STOCK"."location_id", "public"."STOCK"."quantity_on_hand" FROM "public"."STOCK" LEFT JOIN "public"."INVENTORY_LOCATION" AS "orderby_1" ON ("orderby_1"."location_id") = ("public"."STOCK"."location_id") LEFT JOIN "public"."PRODUCT" AS "orderby_2" ON ("orderby_2"."product_id") = ("public"."STOCK"."product_id") WHERE "public"."STOCK"."location_id" = $1 ORDER BY "orderby_1"."location_id" ASC, "orderby_2"."product_name" ASC LIMIT $2 OFFSET $3
prisma:query SELECT "public"."STOCK_MOVEMENT"."movement_id", "public"."STOCK_MOVEMENT"."stock_id", "public"."STOCK_MOVEMENT"."created_by", "public"."STOCK_MOVEMENT"."movement_type"::text, "public"."STOCK_MOVEMENT"."quantity", "public"."STOCK_MOVEMENT"."movement_date", "public"."STOCK_MOVEMENT"."notes", "public"."STOCK_MOVEMENT"."product_id" FROM "public"."STOCK_MOVEMENT" LEFT JOIN "public"."STOCK" AS "j0" ON ("j0"."stock_id") = ("public"."STOCK_MOVEMENT"."stock_id") WHERE ("j0"."location_id" = $1 AND ("j0"."stock_id" IS NOT NULL)) ORDER BY "public"."STOCK_MOVEMENT"."movement_date" DESC LIMIT $2 OFFSET $3
prisma:query SELECT "public"."PRODUCT"."product_id", "public"."PRODUCT"."category_id", "public"."PRODUCT"."product_code", "public"."PRODUCT"."product_name", "public"."PRODUCT"."pack_size", "public"."PRODUCT"."selling_price" FROM "public"."PRODUCT" WHERE "public"."PRODUCT"."product_id" IN ($1,$2,$3,$4) OFFSET $5
prisma:query SELECT "public"."STOCK"."stock_id", "public"."STOCK"."product_id", "public"."STOCK"."location_id", "public"."STOCK"."quantity_on_hand" FROM "public"."STOCK" WHERE "public"."STOCK"."stock_id" IN ($1,$2,$3,$4,$5,$6,$7,$8,$9,$10,$11,$12,$13,$14,$15,$16,$17,$18,$19,$20) OFFSET $21
prisma:query SELECT "public"."INVENTORY_LOCATION"."location_id", "public"."INVENTORY_LOCATION"."code", "public"."INVENTORY_LOCATION"."name" FROM "public"."INVENTORY_LOCATION" WHERE "public"."INVENTORY_LOCATION"."location_id" IN ($1,$2,$3,$4) OFFSET $5
prisma:query SELECT "public"."PRODUCT"."product_id", "public"."PRODUCT"."category_id", "public"."PRODUCT"."product_code", "public"."PRODUCT"."product_name", "public"."PRODUCT"."pack_size", "public"."PRODUCT"."selling_price" FROM "public"."PRODUCT" WHERE "public"."PRODUCT"."product_id" IN ($1,$2,$3,$4,$5,$6,$7,$8,$9,$10,$11,$12,$13,$14,$15,$16,$17,$18,$19,$20) OFFSET $21
prisma:query SELECT "public"."CATEGORY"."category_id", "public"."CATEGORY"."name", "public"."CATEGORY"."tag" FROM "public"."CATEGORY" WHERE "public"."CATEGORY"."category_id" IN ($1,$2,$3,$4) OFFSET $5
prisma:query SELECT "public"."USER"."user_id", "public"."USER"."role_id", "public"."USER"."full_name", "public"."USER"."username", "public"."USER"."password_hash" FROM "public"."USER" WHERE "public"."USER"."user_id" IN ($1,$2,$3,$4,$5,$6,$7,$8,$9,$10,$11,$12,$13,$14,$15,$16,$17,$18,$19,$20) OFFSET $21
prisma:query COMMIT
prisma:query SELECT "public"."INVENTORY_LOCATION"."location_id", "public"."INVENTORY_LOCATION"."code", "public"."INVENTORY_LOCATION"."name" FROM "public"."INVENTORY_LOCATION" WHERE "public"."INVENTORY_LOCATION"."location_id" IN ($1,$2) OFFSET $3
prisma:query COMMIT
⨯ TypeError: Cannot read properties of undefined (reading 'reduce')
    at <unknown> (components/LocationStockPage.tsx:450:25)
    at LocationStockPage (components/LocationStockPage.tsx:447:24)
  448 |     () => ({
  449 |       totalProducts: stockTotal,
> 450 |       totalUnits: stock.reduce((a, b) => a + b.quantity_on_hand, 0), // Approximation for...
      |                         ^
  451 |       low: stock.filter((r) => r.status === "low").length,
  452 |       out: stock.filter((r) => r.status === "out").length,
  453 |     }), {
  digest: '3061854141'
}
 GET /inventory/1 200 in 2.4s (next.js: 40ms, application-code: 2.4s)
[browser] Uncaught TypeError: Cannot read properties of undefined (reading 'reduce')
    at LocationStockPage.useMemo[stats] (components/LocationStockPage.tsx:450:25)
    at LocationStockPage (components/LocationStockPage.tsx:447:24)
    at LocationStockRoute (app/(dashboard)/inventory/[locationId]/page.tsx:37:5)
  448 |     () => ({
  449 |       totalProducts: stockTotal,
> 450 |       totalUnits: stock.reduce((a, b) => a + b.quantity_on_hand, 0), // Approximation for...
      |                         ^
  451 |       low: stock.filter((r) => r.status === "low").length,
  452 |       out: stock.filter((r) => r.status === "out").length,
  453 |     }),
prisma:query SELECT "public"."INVENTORY_LOCATION"."location_id", "public"."INVENTORY_LOCATION"."code", "public"."INVENTORY_LOCATION"."name" FROM "public"."INVENTORY_LOCATION" WHERE "public"."INVENTORY_LOCATION"."location_id" IN ($1,$2) OFFSET $3
prisma:query SELECT COUNT(*) AS "_count$_all" FROM (SELECT "public"."STOCK"."stock_id" FROM "public"."STOCK" WHERE "public"."STOCK"."location_id" = $1 OFFSET $2) AS "sub"
prisma:query SELECT "public"."STOCK"."stock_id", "public"."STOCK"."product_id", "public"."STOCK"."location_id", "public"."STOCK"."quantity_on_hand" FROM "public"."STOCK" LEFT JOIN "public"."INVENTORY_LOCATION" AS "orderby_1" ON ("orderby_1"."location_id") = ("public"."STOCK"."location_id") LEFT JOIN "public"."PRODUCT" AS "orderby_2" ON ("orderby_2"."product_id") = ("public"."STOCK"."product_id") WHERE "public"."STOCK"."location_id" = $1 ORDER BY "orderby_1"."location_id" ASC, "orderby_2"."product_name" ASC LIMIT $2 OFFSET $3
prisma:query SELECT "public"."PRODUCT"."product_id", "public"."PRODUCT"."category_id", "public"."PRODUCT"."product_code", "public"."PRODUCT"."product_name", "public"."PRODUCT"."pack_size", "public"."PRODUCT"."selling_price" FROM "public"."PRODUCT" WHERE "public"."PRODUCT"."product_id" IN ($1,$2,$3,$4) OFFSET $5
prisma:query SELECT "public"."INVENTORY_LOCATION"."location_id", "public"."INVENTORY_LOCATION"."code", "public"."INVENTORY_LOCATION"."name" FROM "public"."INVENTORY_LOCATION" WHERE "public"."INVENTORY_LOCATION"."location_id" IN ($1,$2,$3,$4) OFFSET $5
prisma:query SELECT "public"."CATEGORY"."category_id", "public"."CATEGORY"."name", "public"."CATEGORY"."tag" FROM "public"."CATEGORY" WHERE "public"."CATEGORY"."category_id" IN ($1,$2,$3,$4) OFFSET $5
prisma:query SELECT COUNT(*) AS "_count$_all" FROM (SELECT "public"."STOCK_MOVEMENT"."movement_id" FROM "public"."STOCK_MOVEMENT" LEFT JOIN "public"."STOCK" AS "j0" ON ("j0"."stock_id") = ("public"."STOCK_MOVEMENT"."stock_id") WHERE ("j0"."location_id" = $1 AND ("j0"."stock_id" IS NOT NULL)) OFFSET $2) AS "sub"
prisma:query COMMIT
prisma:query SELECT "public"."STOCK_MOVEMENT"."movement_id", "public"."STOCK_MOVEMENT"."stock_id", "public"."STOCK_MOVEMENT"."created_by", "public"."STOCK_MOVEMENT"."movement_type"::text, "public"."STOCK_MOVEMENT"."quantity", "public"."STOCK_MOVEMENT"."movement_date", "public"."STOCK_MOVEMENT"."notes", "public"."STOCK_MOVEMENT"."product_id" FROM "public"."STOCK_MOVEMENT" LEFT JOIN "public"."STOCK" AS "j0" ON ("j0"."stock_id") = ("public"."STOCK_MOVEMENT"."stock_id") WHERE ("j0"."location_id" = $1 AND ("j0"."stock_id" IS NOT NULL)) ORDER BY "public"."STOCK_MOVEMENT"."movement_date" DESC LIMIT $2 OFFSET $3
prisma:query SELECT "public"."STOCK"."stock_id", "public"."STOCK"."product_id", "public"."STOCK"."location_id", "public"."STOCK"."quantity_on_hand" FROM "public"."STOCK" WHERE "public"."STOCK"."stock_id" IN ($1,$2,$3,$4,$5,$6,$7,$8,$9,$10,$11,$12,$13,$14,$15,$16,$17,$18,$19,$20) OFFSET $21
prisma:query SELECT "public"."PRODUCT"."product_id", "public"."PRODUCT"."category_id", "public"."PRODUCT"."product_code", "public"."PRODUCT"."product_name", "public"."PRODUCT"."pack_size", "public"."PRODUCT"."selling_price" FROM "public"."PRODUCT" WHERE "public"."PRODUCT"."product_id" IN ($1,$2,$3,$4,$5,$6,$7,$8,$9,$10,$11,$12,$13,$14,$15,$16,$17,$18,$19,$20) OFFSET $21
prisma:query SELECT "public"."USER"."user_id", "public"."USER"."role_id", "public"."USER"."full_name", "public"."USER"."username", "public"."USER"."password_hash" FROM "public"."USER" WHERE "public"."USER"."user_id" IN ($1,$2,$3,$4,$5,$6,$7,$8,$9,$10,$11,$12,$13,$14,$15,$16,$17,$18,$19,$20) OFFSET $21
prisma:query SELECT "public"."INVENTORY_LOCATION"."location_id", "public"."INVENTORY_LOCATION"."code", "public"."INVENTORY_LOCATION"."name" FROM "public"."INVENTORY_LOCATION" WHERE "public"."INVENTORY_LOCATION"."location_id" IN ($1,$2) OFFSET $3
prisma:query COMMIT
⨯ TypeError: Cannot read properties of undefined (reading 'reduce')
    at <unknown> (components/LocationStockPage.tsx:450:25)
    at LocationStockPage (components/LocationStockPage.tsx:447:24)
  448 |     () => ({
  449 |       totalProducts: stockTotal,
> 450 |       totalUnits: stock.reduce((a, b) => a + b.quantity_on_hand, 0), // Approximation for...
      |                         ^
  451 |       low: stock.filter((r) => r.status === "low").length,
  452 |       out: stock.filter((r) => r.status === "out").length,
  453 |     }), {
  digest: '3061854141'
}
 GET /inventory/1 200 in 4.0s (next.js: 39ms, application-code: 4.0s)
[browser] Uncaught TypeError: Cannot read properties of undefined (reading 'reduce')
    at LocationStockPage.useMemo[stats] (components/LocationStockPage.tsx:450:25)
    at LocationStockPage (components/LocationStockPage.tsx:447:24)
    at LocationStockRoute (app/(dashboard)/inventory/[locationId]/page.tsx:37:5)
  448 |     () => ({
  449 |       totalProducts: stockTotal,
> 450 |       totalUnits: stock.reduce((a, b) => a + b.quantity_on_hand, 0), // Approximation for...
      |                         ^
  451 |       low: stock.filter((r) => r.status === "low").length,
  452 |       out: stock.filter((r) => r.status === "out").length,
  453 |     }),
prisma:query SELECT COUNT(*) AS "_count$_all" FROM (SELECT "public"."PRODUCT"."product_id" FROM "public"."PRODUCT" WHERE 1=1 OFFSET $1) AS "sub"
prisma:query SELECT "public"."PRODUCT"."product_id", "public"."PRODUCT"."category_id", "public"."PRODUCT"."product_code", "public"."PRODUCT"."product_name", "public"."PRODUCT"."pack_size", "public"."PRODUCT"."selling_price" FROM "public"."PRODUCT" WHERE 1=1 ORDER BY "public"."PRODUCT"."product_name" ASC LIMIT $1 OFFSET $2
prisma:query SELECT "public"."CATEGORY"."category_id", "public"."CATEGORY"."name", "public"."CATEGORY"."tag" FROM "public"."CATEGORY" WHERE "public"."CATEGORY"."category_id" IN ($1,$2,$3,$4,$5,$6,$7,$8,$9,$10,$11,$12,$13,$14,$15,$16,$17,$18,$19,$20) OFFSET $21
prisma:query COMMIT
 GET /inventory/products 200 in 2.3s (next.js: 77ms, application-code: 2.2s)
prisma:query SELECT "public"."CATEGORY"."category_id", "public"."CATEGORY"."name", "public"."CATEGORY"."tag" FROM "public"."CATEGORY" WHERE 1=1 ORDER BY "public"."CATEGORY"."name" ASC OFFSET $1
 GET /api/categories 200 in 207ms (next.js: 5ms, application-code: 202ms)
 GET /api/products?page=1&pageSize=20 200 in 278ms (next.js: 108ms, application-code: 169ms)
prisma:query SELECT COUNT(*) AS "_count$_all" FROM (SELECT "public"."PRODUCT"."product_id" FROM "public"."PRODUCT" WHERE 1=1 OFFSET $1) AS "sub"
prisma:query SELECT "public"."PRODUCT"."product_id", "public"."PRODUCT"."category_id", "public"."PRODUCT"."product_code", "public"."PRODUCT"."product_name", "public"."PRODUCT"."pack_size", "public"."PRODUCT"."selling_price" FROM "public"."PRODUCT" WHERE 1=1 ORDER BY "public"."PRODUCT"."product_name" ASC LIMIT $1 OFFSET $2
prisma:query SELECT AVG("selling_price") AS "_avg$selling_price", MAX("selling_price") AS "_max$selling_price" FROM (SELECT "public"."PRODUCT"."selling_price" FROM "public"."PRODUCT" WHERE 1=1 OFFSET $1) AS "sub"
prisma:query SELECT "public"."CATEGORY"."category_id", "public"."CATEGORY"."name", "public"."CATEGORY"."tag" FROM "public"."CATEGORY" WHERE "public"."CATEGORY"."category_id" IN ($1,$2,$3,$4,$5,$6,$7,$8,$9,$10,$11,$12,$13,$14,$15,$16,$17,$18,$19,$20) OFFSET $21
prisma:query SELECT COUNT(*) AS "_count$_all" FROM (SELECT "public"."PRODUCT"."product_id" FROM "public"."PRODUCT" WHERE 1=1 OFFSET $1) AS "sub"
prisma:query COMMIT
prisma:query SELECT "public"."PRODUCT"."product_id", "public"."PRODUCT"."category_id", "public"."PRODUCT"."product_code", "public"."PRODUCT"."product_name", "public"."PRODUCT"."pack_size", "public"."PRODUCT"."selling_price" FROM "public"."PRODUCT" WHERE 1=1 ORDER BY "public"."PRODUCT"."product_name" ASC LIMIT $1 OFFSET $2
 GET /inventory/products 200 in 1319ms (next.js: 3ms, application-code: 1316ms)
prisma:query SELECT "public"."CATEGORY"."category_id", "public"."CATEGORY"."name", "public"."CATEGORY"."tag" FROM "public"."CATEGORY" WHERE "public"."CATEGORY"."category_id" IN ($1,$2,$3,$4,$5,$6,$7,$8,$9,$10,$11,$12,$13,$14,$15,$16,$17,$18,$19,$20) OFFSET $21
prisma:query COMMIT
 GET /api/categories 200 in 167ms (next.js: 23ms, application-code: 144ms)
 GET /api/products?page=1&pageSize=20 200 in 159ms (next.js: 30ms, application-code: 129ms)
prisma:query SELECT "public"."CATEGORY"."category_id", "public"."CATEGORY"."name", "public"."CATEGORY"."tag" FROM "public"."CATEGORY" WHERE 1=1 ORDER BY "public"."CATEGORY"."name" ASC OFFSET $1
prisma:query SELECT AVG("selling_price") AS "_avg$selling_price", MAX("selling_price") AS "_max$selling_price" FROM (SELECT "public"."PRODUCT"."selling_price" FROM "public"."PRODUCT" WHERE 1=1 OFFSET $1) AS "sub"
prisma:query SELECT COUNT(*) AS "_count$_all" FROM (SELECT "public"."PRODUCT"."product_id" FROM "public"."PRODUCT" WHERE 1=1 OFFSET $1) AS "sub"
prisma:query SELECT "public"."PRODUCT"."product_id", "public"."PRODUCT"."category_id", "public"."PRODUCT"."product_code", "public"."PRODUCT"."product_name", "public"."PRODUCT"."pack_size", "public"."PRODUCT"."selling_price" FROM "public"."PRODUCT" WHERE 1=1 ORDER BY "public"."PRODUCT"."product_name" ASC LIMIT $1 OFFSET $2
prisma:query SELECT COUNT(*) AS "_count$_all" FROM (SELECT "public"."PRODUCT"."product_id" FROM "public"."PRODUCT" WHERE 1=1 OFFSET $1) AS "sub"
prisma:query SELECT "public"."CATEGORY"."category_id", "public"."CATEGORY"."name", "public"."CATEGORY"."tag" FROM "public"."CATEGORY" WHERE "public"."CATEGORY"."category_id" IN ($1,$2,$3,$4,$5,$6,$7,$8,$9,$10,$11,$12,$13,$14,$15,$16,$17,$18,$19,$20) OFFSET $21
prisma:query SELECT "public"."PRODUCT"."product_id", "public"."PRODUCT"."category_id", "public"."PRODUCT"."product_code", "public"."PRODUCT"."product_name", "public"."PRODUCT"."pack_size", "public"."PRODUCT"."selling_price" FROM "public"."PRODUCT" WHERE 1=1 ORDER BY "public"."PRODUCT"."product_name" ASC LIMIT $1 OFFSET $2
prisma:query COMMIT
prisma:query SELECT "public"."CATEGORY"."category_id", "public"."CATEGORY"."name", "public"."CATEGORY"."tag" FROM "public"."CATEGORY" WHERE "public"."CATEGORY"."category_id" IN ($1,$2,$3,$4,$5,$6,$7,$8,$9,$10,$11,$12,$13,$14,$15,$16,$17,$18,$19,$20) OFFSET $21
prisma:query COMMIT
 GET /inventory/products 200 in 1397ms (next.js: 6ms, application-code: 1391ms)
prisma:query SELECT "public"."CATEGORY"."category_id", "public"."CATEGORY"."name", "public"."CATEGORY"."tag" FROM "public"."CATEGORY" WHERE 1=1 ORDER BY "public"."CATEGORY"."name" ASC OFFSET $1
 GET /api/categories 200 in 204ms (next.js: 4ms, application-code: 200ms)
prisma:query SELECT AVG("selling_price") AS "_avg$selling_price", MAX("selling_price") AS "_max$selling_price" FROM (SELECT "public"."PRODUCT"."selling_price" FROM "public"."PRODUCT" WHERE 1=1 OFFSET $1) AS "sub"
prisma:query SELECT "public"."CATEGORY"."category_id", "public"."CATEGORY"."name", "public"."CATEGORY"."tag" FROM "public"."CATEGORY" WHERE 1=1 ORDER BY "public"."CATEGORY"."name" ASC OFFSET $1
 GET /api/categories 200 in 204ms (next.js: 2ms, application-code: 201ms)
prisma:query SELECT COUNT(*) AS "_count$_all" FROM (SELECT "public"."PRODUCT"."product_id" FROM "public"."PRODUCT" WHERE 1=1 OFFSET $1) AS "sub"
prisma:query SELECT "public"."PRODUCT"."product_id", "public"."PRODUCT"."category_id", "public"."PRODUCT"."product_code", "public"."PRODUCT"."product_name", "public"."PRODUCT"."pack_size", "public"."PRODUCT"."selling_price" FROM "public"."PRODUCT" WHERE 1=1 ORDER BY "public"."PRODUCT"."product_name" ASC LIMIT $1 OFFSET $2
prisma:query SELECT "public"."CATEGORY"."category_id", "public"."CATEGORY"."name", "public"."CATEGORY"."tag" FROM "public"."CATEGORY" WHERE "public"."CATEGORY"."category_id" IN ($1,$2,$3,$4,$5,$6,$7,$8,$9,$10,$11,$12,$13,$14,$15,$16,$17,$18,$19,$20) OFFSET $21
prisma:query COMMIT
 GET /api/products?page=1&pageSize=20 200 in 988ms (next.js: 2ms, application-code: 985ms)
prisma:query SELECT "public"."INVENTORY_LOCATION"."location_id", "public"."INVENTORY_LOCATION"."code", "public"."INVENTORY_LOCATION"."name" FROM "public"."INVENTORY_LOCATION" WHERE 1=1 ORDER BY "public"."INVENTORY_LOCATION"."location_id" ASC OFFSET $1
 GET /api/locations 200 in 976ms (next.js: 3ms, application-code: 974ms)
prisma:query SELECT COUNT(*) AS "_count$_all" FROM (SELECT "public"."PRODUCT"."product_id" FROM "public"."PRODUCT" WHERE 1=1 OFFSET $1) AS "sub"
prisma:query SELECT "public"."PRODUCT"."product_id", "public"."PRODUCT"."category_id", "public"."PRODUCT"."product_code", "public"."PRODUCT"."product_name", "public"."PRODUCT"."pack_size", "public"."PRODUCT"."selling_price" FROM "public"."PRODUCT" WHERE 1=1 ORDER BY "public"."PRODUCT"."product_name" ASC LIMIT $1 OFFSET $2
prisma:query SELECT "public"."CATEGORY"."category_id", "public"."CATEGORY"."name", "public"."CATEGORY"."tag" FROM "public"."CATEGORY" WHERE "public"."CATEGORY"."category_id" IN ($1,$2,$3,$4,$5,$6,$7,$8,$9,$10,$11,$12,$13,$14,$15,$16,$17,$18,$19,$20) OFFSET $21
prisma:query COMMIT
 GET /inventory/products 200 in 1160ms (next.js: 3ms, application-code: 1157ms)
prisma:query SELECT "public"."CATEGORY"."category_id", "public"."CATEGORY"."name", "public"."CATEGORY"."tag" FROM "public"."CATEGORY" WHERE 1=1 ORDER BY "public"."CATEGORY"."name" ASC OFFSET $1
 GET /api/categories 200 in 210ms (next.js: 4ms, application-code: 207ms)
prisma:query SELECT AVG("selling_price") AS "_avg$selling_price", MAX("selling_price") AS "_max$selling_price" FROM (SELECT "public"."PRODUCT"."selling_price" FROM "public"."PRODUCT" WHERE 1=1 OFFSET $1) AS "sub"
prisma:query SELECT "public"."INVENTORY_LOCATION"."location_id", "public"."INVENTORY_LOCATION"."code", "public"."INVENTORY_LOCATION"."name" FROM "public"."INVENTORY_LOCATION" WHERE 1=1 ORDER BY "public"."INVENTORY_LOCATION"."location_id" ASC OFFSET $1
 GET /api/locations 200 in 203ms (next.js: 3ms, application-code: 200ms)
prisma:query SELECT "public"."CATEGORY"."category_id", "public"."CATEGORY"."name", "public"."CATEGORY"."tag" FROM "public"."CATEGORY" WHERE 1=1 ORDER BY "public"."CATEGORY"."name" ASC OFFSET $1
 GET /api/categories 200 in 200ms (next.js: 3ms, application-code: 197ms)
prisma:query SELECT COUNT(*) AS "_count$_all" FROM (SELECT "public"."PRODUCT"."product_id" FROM "public"."PRODUCT" WHERE 1=1 OFFSET $1) AS "sub"
prisma:query SELECT "public"."PRODUCT"."product_id", "public"."PRODUCT"."category_id", "public"."PRODUCT"."product_code", "public"."PRODUCT"."product_name", "public"."PRODUCT"."pack_size", "public"."PRODUCT"."selling_price" FROM "public"."PRODUCT" WHERE 1=1 ORDER BY "public"."PRODUCT"."product_name" ASC LIMIT $1 OFFSET $2
prisma:query SELECT "public"."CATEGORY"."category_id", "public"."CATEGORY"."name", "public"."CATEGORY"."tag" FROM "public"."CATEGORY" WHERE "public"."CATEGORY"."category_id" IN ($1,$2,$3,$4,$5,$6,$7,$8,$9,$10,$11,$12,$13,$14,$15,$16,$17,$18,$19,$20) OFFSET $21
prisma:query COMMIT
 GET /api/products?page=1&pageSize=20 200 in 987ms (next.js: 7ms, application-code: 980ms)
 GET /inventory/movements 200 in 404ms (next.js: 46ms, application-code: 357ms)
 GET /inventory/movements 200 in 423ms (next.js: 6ms, application-code: 417ms)
prisma:query SELECT COUNT(*) AS "_count$_all" FROM (SELECT "public"."STOCK_MOVEMENT"."movement_id" FROM "public"."STOCK_MOVEMENT" WHERE 1=1 OFFSET $1) AS "sub"
prisma:query SELECT COUNT(*) AS "_count$_all" FROM (SELECT "public"."STOCK_MOVEMENT"."movement_id" FROM "public"."STOCK_MOVEMENT" WHERE "public"."STOCK_MOVEMENT"."movement_type" = CAST($1::text AS "public"."MovementType") OFFSET $2) AS "sub"
prisma:query SELECT "public"."STOCK_MOVEMENT"."movement_id", "public"."STOCK_MOVEMENT"."stock_id", "public"."STOCK_MOVEMENT"."created_by", "public"."STOCK_MOVEMENT"."movement_type"::text, "public"."STOCK_MOVEMENT"."quantity", "public"."STOCK_MOVEMENT"."movement_date", "public"."STOCK_MOVEMENT"."notes", "public"."STOCK_MOVEMENT"."product_id" FROM "public"."STOCK_MOVEMENT" WHERE 1=1 ORDER BY "public"."STOCK_MOVEMENT"."movement_date" DESC LIMIT $1 OFFSET $2
prisma:query SELECT "public"."STOCK_MOVEMENT"."movement_id", "public"."STOCK_MOVEMENT"."stock_id", "public"."STOCK_MOVEMENT"."created_by", "public"."STOCK_MOVEMENT"."movement_type"::text, "public"."STOCK_MOVEMENT"."quantity", "public"."STOCK_MOVEMENT"."movement_date", "public"."STOCK_MOVEMENT"."notes", "public"."STOCK_MOVEMENT"."product_id" FROM "public"."STOCK_MOVEMENT" WHERE "public"."STOCK_MOVEMENT"."movement_type" = CAST($1::text AS "public"."MovementType") ORDER BY "public"."STOCK_MOVEMENT"."movement_date" DESC LIMIT $2 OFFSET $3
prisma:query SELECT "public"."STOCK"."stock_id", "public"."STOCK"."product_id", "public"."STOCK"."location_id", "public"."STOCK"."quantity_on_hand" FROM "public"."STOCK" WHERE "public"."STOCK"."stock_id" IN ($1,$2,$3,$4,$5,$6,$7,$8,$9,$10,$11,$12,$13,$14,$15,$16,$17,$18,$19,$20) OFFSET $21
prisma:query SELECT "public"."STOCK"."stock_id", "public"."STOCK"."product_id", "public"."STOCK"."location_id", "public"."STOCK"."quantity_on_hand" FROM "public"."STOCK" WHERE "public"."STOCK"."stock_id" IN ($1,$2) OFFSET $3
prisma:query SELECT "public"."PRODUCT"."product_id", "public"."PRODUCT"."category_id", "public"."PRODUCT"."product_code", "public"."PRODUCT"."product_name", "public"."PRODUCT"."pack_size", "public"."PRODUCT"."selling_price" FROM "public"."PRODUCT" WHERE "public"."PRODUCT"."product_id" IN ($1,$2,$3,$4,$5,$6,$7,$8,$9,$10,$11,$12,$13,$14,$15,$16,$17,$18,$19,$20) OFFSET $21
prisma:query SELECT "public"."PRODUCT"."product_id", "public"."PRODUCT"."category_id", "public"."PRODUCT"."product_code", "public"."PRODUCT"."product_name", "public"."PRODUCT"."pack_size", "public"."PRODUCT"."selling_price" FROM "public"."PRODUCT" WHERE "public"."PRODUCT"."product_id" IN ($1,$2) OFFSET $3
prisma:query SELECT "public"."USER"."user_id", "public"."USER"."role_id", "public"."USER"."full_name", "public"."USER"."username", "public"."USER"."password_hash" FROM "public"."USER" WHERE "public"."USER"."user_id" IN ($1,$2,$3,$4,$5,$6,$7,$8,$9,$10,$11,$12,$13,$14,$15,$16,$17,$18,$19,$20) OFFSET $21
prisma:query SELECT "public"."USER"."user_id", "public"."USER"."role_id", "public"."USER"."full_name", "public"."USER"."username", "public"."USER"."password_hash" FROM "public"."USER" WHERE "public"."USER"."user_id" IN ($1,$2) OFFSET $3
prisma:query SELECT "public"."INVENTORY_LOCATION"."location_id", "public"."INVENTORY_LOCATION"."code", "public"."INVENTORY_LOCATION"."name" FROM "public"."INVENTORY_LOCATION" WHERE "public"."INVENTORY_LOCATION"."location_id" IN ($1,$2) OFFSET $3
prisma:query SELECT "public"."INVENTORY_LOCATION"."location_id", "public"."INVENTORY_LOCATION"."code", "public"."INVENTORY_LOCATION"."name" FROM "public"."INVENTORY_LOCATION" WHERE "public"."INVENTORY_LOCATION"."location_id" IN ($1,$2) OFFSET $3
prisma:query COMMIT
 GET /api/stock-movements?page=1&pageSize=20 200 in 1745ms (next.js: 182ms, application-code: 1563ms)
prisma:query COMMIT
 GET /api/stock-movements?page=1&pageSize=20&movement_type=ISSUE 200 in 1553ms (next.js: 4ms, application-code: 1549ms)
 GET / 200 in 233ms (next.js: 67ms, application-code: 166ms)
 GET / 200 in 119ms (next.js: 3ms, application-code: 115ms)
prisma:query SELECT "public"."CATEGORY"."category_id", "public"."CATEGORY"."name", "public"."CATEGORY"."tag" FROM "public"."CATEGORY" WHERE 1=1 ORDER BY "public"."CATEGORY"."name" ASC OFFSET $1
 GET /api/categories 200 in 1294ms (next.js: 3ms, application-code: 1291ms)
prisma:query SELECT COUNT(*) AS "_count$_all" FROM (SELECT "public"."STOCK"."stock_id" FROM "public"."STOCK" WHERE 1=1 OFFSET $1) AS "sub"
prisma:query SELECT "public"."INVENTORY_LOCATION"."location_id", "public"."INVENTORY_LOCATION"."code", "public"."INVENTORY_LOCATION"."name" FROM "public"."INVENTORY_LOCATION" WHERE 1=1 ORDER BY "public"."INVENTORY_LOCATION"."location_id" ASC OFFSET $1
 GET /api/locations 200 in 200ms (next.js: 3ms, application-code: 198ms)
prisma:query SELECT "public"."STOCK"."stock_id", "public"."STOCK"."product_id", "public"."STOCK"."location_id", "public"."STOCK"."quantity_on_hand" FROM "public"."STOCK" LEFT JOIN "public"."INVENTORY_LOCATION" AS "orderby_1" ON ("orderby_1"."location_id") = ("public"."STOCK"."location_id") LEFT JOIN "public"."PRODUCT" AS "orderby_2" ON ("orderby_2"."product_id") = ("public"."STOCK"."product_id") WHERE 1=1 ORDER BY "orderby_1"."location_id" ASC, "orderby_2"."product_name" ASC LIMIT $1 OFFSET $2
prisma:query SELECT "public"."STOCK"."stock_id", "public"."STOCK"."product_id", "public"."STOCK"."location_id", "public"."STOCK"."quantity_on_hand" FROM "public"."STOCK" WHERE ("public"."STOCK"."product_id" = $1 AND "public"."STOCK"."location_id" = $2) LIMIT $3 OFFSET $4
prisma:query SELECT "public"."PRODUCT"."product_id", "public"."PRODUCT"."category_id", "public"."PRODUCT"."product_code", "public"."PRODUCT"."product_name", "public"."PRODUCT"."pack_size", "public"."PRODUCT"."selling_price" FROM "public"."PRODUCT" WHERE "public"."PRODUCT"."product_id" IN ($1,$2,$3,$4,$5,$6,$7,$8,$9,$10,$11,$12,$13,$14,$15,$16,$17) OFFSET $18
prisma:query UPDATE "public"."STOCK" SET "quantity_on_hand" = ("public"."STOCK"."quantity_on_hand" + $1) WHERE ("public"."STOCK"."stock_id" = $2 AND 1=1) RETURNING "public"."STOCK"."stock_id", "public"."STOCK"."product_id", "public"."STOCK"."location_id", "public"."STOCK"."quantity_on_hand"
prisma:query SELECT "public"."INVENTORY_LOCATION"."location_id", "public"."INVENTORY_LOCATION"."code", "public"."INVENTORY_LOCATION"."name" FROM "public"."INVENTORY_LOCATION" WHERE "public"."INVENTORY_LOCATION"."location_id" IN ($1,$2,$3,$4,$5,$6,$7,$8,$9,$10,$11,$12,$13,$14,$15,$16,$17) OFFSET $18
prisma:query INSERT INTO "public"."STOCK_MOVEMENT" ("stock_id","created_by","movement_type","quantity","movement_date","notes","product_id") VALUES ($1,$2,CAST($3::text AS "public"."MovementType"),$4,$5,$6,$7) RETURNING "public"."STOCK_MOVEMENT"."movement_id", "public"."STOCK_MOVEMENT"."stock_id", "public"."STOCK_MOVEMENT"."created_by", "public"."STOCK_MOVEMENT"."movement_type"::text, "public"."STOCK_MOVEMENT"."quantity", "public"."STOCK_MOVEMENT"."movement_date", "public"."STOCK_MOVEMENT"."notes", "public"."STOCK_MOVEMENT"."product_id"
"revalidateTag" without the second argument is now deprecated, add second argument of "max" or use "updateTag". See more info here: https://nextjs.org/docs/messages/revalidate-tag-single-arg
 POST /api/inventory/stock 201 in 599ms (next.js: 3ms, application-code: 597ms)
prisma:query SELECT "public"."CATEGORY"."category_id", "public"."CATEGORY"."name", "public"."CATEGORY"."tag" FROM "public"."CATEGORY" WHERE "public"."CATEGORY"."category_id" IN ($1,$2,$3,$4,$5,$6,$7,$8,$9,$10,$11,$12,$13) OFFSET $14
prisma:query COMMIT
prisma:query SELECT "public"."PRODUCT"."product_id", "public"."PRODUCT"."category_id", "public"."PRODUCT"."product_code", "public"."PRODUCT"."product_name", "public"."PRODUCT"."pack_size", "public"."PRODUCT"."selling_price" FROM "public"."PRODUCT" WHERE "public"."PRODUCT"."product_code" = $1 LIMIT $2 OFFSET $3
prisma:query 
      SELECT
        l.location_id,
        l.code,
        l.name,
        COUNT(s.stock_id)                                                     AS total_products,
        COALESCE(SUM(s.quantity_on_hand), 0)                                  AS total_units,
        COUNT(CASE WHEN s.quantity_on_hand > 0
                    AND s.quantity_on_hand < $1 THEN 1 END)     AS low_count,
        COUNT(CASE WHEN s.quantity_on_hand <= 0              THEN 1 END)      AS out_count
      FROM "INVENTORY_LOCATION" l
      LEFT JOIN "STOCK" s ON s.location_id = l.location_id
      GROUP BY l.location_id, l.code, l.name
      ORDER BY l.location_id
    
prisma:query SELECT "public"."INVENTORY_LOCATION"."location_id", "public"."INVENTORY_LOCATION"."code", "public"."INVENTORY_LOCATION"."name" FROM "public"."INVENTORY_LOCATION" WHERE "public"."INVENTORY_LOCATION"."code" = $1 LIMIT $2 OFFSET $3
 POST /api/inventory/import 400 in 395ms (next.js: 3ms, application-code: 392ms)
prisma:query UPDATE "public"."PRODUCT" SET "product_name" = $1, "selling_price" = $2 WHERE ("public"."PRODUCT"."product_id" = $3 AND 1=1) RETURNING "public"."PRODUCT"."product_id", "public"."PRODUCT"."category_id", "public"."PRODUCT"."product_code", "public"."PRODUCT"."product_name", "public"."PRODUCT"."pack_size", "public"."PRODUCT"."selling_price"
prisma:query SELECT "public"."PRODUCT"."product_id", "public"."PRODUCT"."category_id", "public"."PRODUCT"."product_code", "public"."PRODUCT"."product_name", "public"."PRODUCT"."pack_size", "public"."PRODUCT"."selling_price" FROM "public"."PRODUCT" WHERE "public"."PRODUCT"."product_id" = $1 LIMIT $2 OFFSET $3
prisma:query SELECT "public"."CATEGORY"."category_id", "public"."CATEGORY"."name", "public"."CATEGORY"."tag" FROM "public"."CATEGORY" WHERE "public"."CATEGORY"."category_id" = $1 OFFSET $2
prisma:query SELECT COUNT(*) AS "_count$_all" FROM (SELECT "public"."STOCK_MOVEMENT"."movement_id" FROM "public"."STOCK_MOVEMENT" WHERE 1=1 OFFSET $1) AS "sub"
prisma:query COMMIT
"revalidateTag" without the second argument is now deprecated, add second argument of "max" or use "updateTag". See more info here: https://nextjs.org/docs/messages/revalidate-tag-single-arg
 PATCH /api/products/1 200 in 1014ms (next.js: 39ms, application-code: 975ms)
prisma:query SELECT "public"."STOCK_MOVEMENT"."movement_id", "public"."STOCK_MOVEMENT"."stock_id", "public"."STOCK_MOVEMENT"."created_by", "public"."STOCK_MOVEMENT"."movement_type"::text, "public"."STOCK_MOVEMENT"."quantity", "public"."STOCK_MOVEMENT"."movement_date", "public"."STOCK_MOVEMENT"."notes", "public"."STOCK_MOVEMENT"."product_id" FROM "public"."STOCK_MOVEMENT" WHERE 1=1 ORDER BY "public"."STOCK_MOVEMENT"."movement_date" DESC LIMIT $1 OFFSET $2
prisma:query SELECT "public"."STOCK"."stock_id", "public"."STOCK"."product_id", "public"."STOCK"."location_id", "public"."STOCK"."quantity_on_hand" FROM "public"."STOCK" WHERE "public"."STOCK"."product_id" = $1 LIMIT $2 OFFSET $3
prisma:query SELECT "public"."STOCK"."stock_id", "public"."STOCK"."product_id", "public"."STOCK"."location_id", "public"."STOCK"."quantity_on_hand" FROM "public"."STOCK" WHERE "public"."STOCK"."stock_id" IN ($1,$2,$3,$4,$5,$6,$7,$8,$9,$10,$11,$12,$13,$14,$15,$16,$17,$18,$19,$20) OFFSET $21
prisma:query DELETE FROM "public"."PRODUCT" WHERE ("public"."PRODUCT"."product_id" = $1 AND 1=1) RETURNING "public"."PRODUCT"."product_id", "public"."PRODUCT"."category_id", "public"."PRODUCT"."product_code", "public"."PRODUCT"."product_name", "public"."PRODUCT"."pack_size", "public"."PRODUCT"."selling_price"
prisma:error 
Invalid `__TURBOPACK__imported__module__$5b$project$5d2f$lib$2f$prisma$2e$ts__$5b$app$2d$route$5d$__$28$ecmascript$29$__["prisma"].product.delete()` invocation in
/app/.next/dev/server/chunks/[root-of-the-server]__10d~d~r._.js:495:163

  492     }
  493 });
  494 if (hasStock) throw new Error("Cannot delete product with existing stock entries");
→ 495 const product = await __TURBOPACK__imported__module__$5b$project$5d2f$lib$2f$prisma$2e$ts__$5b$app$2d$route$5d$__$28$ecmascript$29$__["prisma"].product.delete(
An operation failed because it depends on one or more records that were required but not found. No record was found for a delete.
 DELETE /api/products/9999 400 in 432ms (next.js: 36ms, application-code: 395ms)
prisma:query SELECT "public"."PRODUCT"."product_id", "public"."PRODUCT"."category_id", "public"."PRODUCT"."product_code", "public"."PRODUCT"."product_name", "public"."PRODUCT"."pack_size", "public"."PRODUCT"."selling_price" FROM "public"."PRODUCT" WHERE "public"."PRODUCT"."product_id" IN ($1,$2,$3,$4,$5,$6,$7,$8,$9,$10,$11,$12,$13,$14,$15,$16,$17,$18,$19,$20) OFFSET $21
prisma:query SELECT "public"."USER"."user_id", "public"."USER"."role_id", "public"."USER"."full_name", "public"."USER"."username", "public"."USER"."password_hash" FROM "public"."USER" WHERE "public"."USER"."user_id" IN ($1,$2,$3,$4,$5,$6,$7,$8,$9,$10,$11,$12,$13,$14,$15,$16,$17,$18,$19,$20) OFFSET $21
prisma:query SELECT "public"."STOCK_MOVEMENT"."movement_id", "public"."STOCK_MOVEMENT"."stock_id", "public"."STOCK_MOVEMENT"."created_by", "public"."STOCK_MOVEMENT"."movement_type"::text, "public"."STOCK_MOVEMENT"."quantity", "public"."STOCK_MOVEMENT"."movement_date", "public"."STOCK_MOVEMENT"."notes", "public"."STOCK_MOVEMENT"."product_id" FROM "public"."STOCK_MOVEMENT" WHERE ("public"."STOCK_MOVEMENT"."movement_id" = $1 AND 1=1) LIMIT $2 OFFSET $3
[DELETE /api/stock-movements/9999] Error: Movement not found
    at deleteMovement (lib/inventoryService.ts:457:24)
    at async DELETE (app/api/stock-movements/[movementId]/route.ts:7:5)
  455 | export async function deleteMovement(movementId: number) {
  456 |   const movement = await prisma.stockMovement.findUnique({ where: { movement_id: movement...
> 457 |   if (!movement) throw new Error("Movement not found");
      |                        ^
  458 |
  459 |   const stock = await prisma.stock.findUnique({ where: { stock_id: movement.stock_id } });
  460 |   if (!stock) throw new Error("Stock not found");
 DELETE /api/stock-movements/9999 400 in 793ms (next.js: 72ms, application-code: 721ms)
prisma:query SELECT "public"."INVENTORY_LOCATION"."location_id", "public"."INVENTORY_LOCATION"."code", "public"."INVENTORY_LOCATION"."name" FROM "public"."INVENTORY_LOCATION" WHERE "public"."INVENTORY_LOCATION"."location_id" IN ($1,$2) OFFSET $3
prisma:query COMMIT
 GET /inventory 200 in 5.3s (next.js: 5ms, application-code: 5.3s)
prisma:query SELECT "public"."INVENTORY_LOCATION"."location_id", "public"."INVENTORY_LOCATION"."code", "public"."INVENTORY_LOCATION"."name" FROM "public"."INVENTORY_LOCATION" WHERE 1=1 ORDER BY "public"."INVENTORY_LOCATION"."location_id" ASC OFFSET $1
 GET /api/locations 200 in 230ms (next.js: 27ms, application-code: 203ms)
prisma:query SELECT COUNT(*) AS "_count$_all" FROM (SELECT "public"."STOCK"."stock_id" FROM "public"."STOCK" WHERE 1=1 OFFSET $1) AS "sub"
prisma:query SELECT "public"."STOCK"."stock_id", "public"."STOCK"."product_id", "public"."STOCK"."location_id", "public"."STOCK"."quantity_on_hand" FROM "public"."STOCK" LEFT JOIN "public"."INVENTORY_LOCATION" AS "orderby_1" ON ("orderby_1"."location_id") = ("public"."STOCK"."location_id") LEFT JOIN "public"."PRODUCT" AS "orderby_2" ON ("orderby_2"."product_id") = ("public"."STOCK"."product_id") WHERE 1=1 ORDER BY "orderby_1"."location_id" ASC, "orderby_2"."product_name" ASC LIMIT $1 OFFSET $2
prisma:query SELECT "public"."PRODUCT"."product_id", "public"."PRODUCT"."category_id", "public"."PRODUCT"."product_code", "public"."PRODUCT"."product_name", "public"."PRODUCT"."pack_size", "public"."PRODUCT"."selling_price" FROM "public"."PRODUCT" WHERE "public"."PRODUCT"."product_id" IN ($1,$2,$3,$4,$5,$6,$7,$8,$9,$10,$11,$12,$13,$14,$15,$16,$17) OFFSET $18
prisma:query SELECT "public"."INVENTORY_LOCATION"."location_id", "public"."INVENTORY_LOCATION"."code", "public"."INVENTORY_LOCATION"."name" FROM "public"."INVENTORY_LOCATION" WHERE "public"."INVENTORY_LOCATION"."location_id" IN ($1,$2,$3,$4,$5,$6,$7,$8,$9,$10,$11,$12,$13,$14,$15,$16,$17) OFFSET $18
prisma:query SELECT "public"."CATEGORY"."category_id", "public"."CATEGORY"."name", "public"."CATEGORY"."tag" FROM "public"."CATEGORY" WHERE "public"."CATEGORY"."category_id" IN ($1,$2,$3,$4,$5,$6,$7,$8,$9,$10,$11,$12,$13) OFFSET $14
prisma:query COMMIT
prisma:query 
      SELECT
        l.location_id,
        l.code,
        l.name,
        COUNT(s.stock_id)                                                     AS total_products,
        COALESCE(SUM(s.quantity_on_hand), 0)                                  AS total_units,
        COUNT(CASE WHEN s.quantity_on_hand > 0
                    AND s.quantity_on_hand < $1 THEN 1 END)     AS low_count,
        COUNT(CASE WHEN s.quantity_on_hand <= 0              THEN 1 END)      AS out_count
      FROM "INVENTORY_LOCATION" l
      LEFT JOIN "STOCK" s ON s.location_id = l.location_id
      GROUP BY l.location_id, l.code, l.name
      ORDER BY l.location_id
    
prisma:query SELECT COUNT(*) AS "_count$_all" FROM (SELECT "public"."STOCK_MOVEMENT"."movement_id" FROM "public"."STOCK_MOVEMENT" WHERE 1=1 OFFSET $1) AS "sub"
prisma:query SELECT "public"."STOCK_MOVEMENT"."movement_id", "public"."STOCK_MOVEMENT"."stock_id", "public"."STOCK_MOVEMENT"."created_by", "public"."STOCK_MOVEMENT"."movement_type"::text, "public"."STOCK_MOVEMENT"."quantity", "public"."STOCK_MOVEMENT"."movement_date", "public"."STOCK_MOVEMENT"."notes", "public"."STOCK_MOVEMENT"."product_id" FROM "public"."STOCK_MOVEMENT" WHERE 1=1 ORDER BY "public"."STOCK_MOVEMENT"."movement_date" DESC LIMIT $1 OFFSET $2
prisma:query SELECT "public"."STOCK"."stock_id", "public"."STOCK"."product_id", "public"."STOCK"."location_id", "public"."STOCK"."quantity_on_hand" FROM "public"."STOCK" WHERE "public"."STOCK"."stock_id" IN ($1,$2,$3,$4,$5,$6,$7,$8,$9,$10,$11,$12,$13,$14,$15,$16,$17,$18,$19,$20) OFFSET $21
prisma:query SELECT "public"."PRODUCT"."product_id", "public"."PRODUCT"."category_id", "public"."PRODUCT"."product_code", "public"."PRODUCT"."product_name", "public"."PRODUCT"."pack_size", "public"."PRODUCT"."selling_price" FROM "public"."PRODUCT" WHERE "public"."PRODUCT"."product_id" IN ($1,$2,$3,$4,$5,$6,$7,$8,$9,$10,$11,$12,$13,$14,$15,$16,$17,$18,$19,$20) OFFSET $21
prisma:query SELECT "public"."USER"."user_id", "public"."USER"."role_id", "public"."USER"."full_name", "public"."USER"."username", "public"."USER"."password_hash" FROM "public"."USER" WHERE "public"."USER"."user_id" IN ($1,$2,$3,$4,$5,$6,$7,$8,$9,$10,$11,$12,$13,$14,$15,$16,$17,$18,$19,$20) OFFSET $21
prisma:query SELECT "public"."INVENTORY_LOCATION"."location_id", "public"."INVENTORY_LOCATION"."code", "public"."INVENTORY_LOCATION"."name" FROM "public"."INVENTORY_LOCATION" WHERE "public"."INVENTORY_LOCATION"."location_id" IN ($1,$2) OFFSET $3
prisma:query COMMIT
 GET /inventory 200 in 3.1s (next.js: 5ms, application-code: 3.1s)
prisma:query SELECT "public"."INVENTORY_LOCATION"."location_id", "public"."INVENTORY_LOCATION"."code", "public"."INVENTORY_LOCATION"."name" FROM "public"."INVENTORY_LOCATION" WHERE 1=1 ORDER BY "public"."INVENTORY_LOCATION"."location_id" ASC OFFSET $1
 GET /api/locations 200 in 205ms (next.js: 5ms, application-code: 200ms)
prisma:query SELECT COUNT(*) AS "_count$_all" FROM (SELECT "public"."STOCK"."stock_id" FROM "public"."STOCK" WHERE 1=1 OFFSET $1) AS "sub"
prisma:query SELECT "public"."STOCK"."stock_id", "public"."STOCK"."product_id", "public"."STOCK"."location_id", "public"."STOCK"."quantity_on_hand" FROM "public"."STOCK" LEFT JOIN "public"."INVENTORY_LOCATION" AS "orderby_1" ON ("orderby_1"."location_id") = ("public"."STOCK"."location_id") LEFT JOIN "public"."PRODUCT" AS "orderby_2" ON ("orderby_2"."product_id") = ("public"."STOCK"."product_id") WHERE 1=1 ORDER BY "orderby_1"."location_id" ASC, "orderby_2"."product_name" ASC LIMIT $1 OFFSET $2
prisma:query SELECT "public"."PRODUCT"."product_id", "public"."PRODUCT"."category_id", "public"."PRODUCT"."product_code", "public"."PRODUCT"."product_name", "public"."PRODUCT"."pack_size", "public"."PRODUCT"."selling_price" FROM "public"."PRODUCT" WHERE "public"."PRODUCT"."product_id" IN ($1,$2,$3,$4,$5,$6,$7,$8,$9,$10,$11,$12,$13,$14,$15,$16,$17) OFFSET $18
prisma:query SELECT "public"."INVENTORY_LOCATION"."location_id", "public"."INVENTORY_LOCATION"."code", "public"."INVENTORY_LOCATION"."name" FROM "public"."INVENTORY_LOCATION" WHERE "public"."INVENTORY_LOCATION"."location_id" IN ($1,$2,$3,$4,$5,$6,$7,$8,$9,$10,$11,$12,$13,$14,$15,$16,$17) OFFSET $18
prisma:query SELECT "public"."CATEGORY"."category_id", "public"."CATEGORY"."name", "public"."CATEGORY"."tag" FROM "public"."CATEGORY" WHERE "public"."CATEGORY"."category_id" IN ($1,$2,$3,$4,$5,$6,$7,$8,$9,$10,$11,$12,$13) OFFSET $14
prisma:query COMMIT
prisma:query SELECT COUNT(*) AS "_count$_all" FROM (SELECT "public"."STOCK_MOVEMENT"."movement_id" FROM "public"."STOCK_MOVEMENT" WHERE 1=1 OFFSET $1) AS "sub"
prisma:query SELECT "public"."STOCK_MOVEMENT"."movement_id", "public"."STOCK_MOVEMENT"."stock_id", "public"."STOCK_MOVEMENT"."created_by", "public"."STOCK_MOVEMENT"."movement_type"::text, "public"."STOCK_MOVEMENT"."quantity", "public"."STOCK_MOVEMENT"."movement_date", "public"."STOCK_MOVEMENT"."notes", "public"."STOCK_MOVEMENT"."product_id" FROM "public"."STOCK_MOVEMENT" WHERE 1=1 ORDER BY "public"."STOCK_MOVEMENT"."movement_date" DESC LIMIT $1 OFFSET $2
prisma:query SELECT "public"."STOCK"."stock_id", "public"."STOCK"."product_id", "public"."STOCK"."location_id", "public"."STOCK"."quantity_on_hand" FROM "public"."STOCK" WHERE "public"."STOCK"."stock_id" IN ($1,$2,$3,$4,$5,$6,$7,$8,$9,$10,$11,$12,$13,$14,$15,$16,$17,$18,$19,$20) OFFSET $21
prisma:query SELECT "public"."PRODUCT"."product_id", "public"."PRODUCT"."category_id", "public"."PRODUCT"."product_code", "public"."PRODUCT"."product_name", "public"."PRODUCT"."pack_size", "public"."PRODUCT"."selling_price" FROM "public"."PRODUCT" WHERE "public"."PRODUCT"."product_id" IN ($1,$2,$3,$4,$5,$6,$7,$8,$9,$10,$11,$12,$13,$14,$15,$16,$17,$18,$19,$20) OFFSET $21
prisma:query SELECT "public"."USER"."user_id", "public"."USER"."role_id", "public"."USER"."full_name", "public"."USER"."username", "public"."USER"."password_hash" FROM "public"."USER" WHERE "public"."USER"."user_id" IN ($1,$2,$3,$4,$5,$6,$7,$8,$9,$10,$11,$12,$13,$14,$15,$16,$17,$18,$19,$20) OFFSET $21
prisma:query SELECT "public"."INVENTORY_LOCATION"."location_id", "public"."INVENTORY_LOCATION"."code", "public"."INVENTORY_LOCATION"."name" FROM "public"."INVENTORY_LOCATION" WHERE "public"."INVENTORY_LOCATION"."location_id" IN ($1,$2) OFFSET $3
prisma:query COMMIT
 GET /inventory 200 in 3.2s (next.js: 6ms, application-code: 3.2s)
prisma:query SELECT "public"."INVENTORY_LOCATION"."location_id", "public"."INVENTORY_LOCATION"."code", "public"."INVENTORY_LOCATION"."name" FROM "public"."INVENTORY_LOCATION" WHERE 1=1 ORDER BY "public"."INVENTORY_LOCATION"."location_id" ASC OFFSET $1
 GET /api/locations 200 in 233ms (next.js: 24ms, application-code: 209ms)
prisma:query SELECT COUNT(*) AS "_count$_all" FROM (SELECT "public"."STOCK"."stock_id" FROM "public"."STOCK" WHERE 1=1 OFFSET $1) AS "sub"
prisma:query SELECT "public"."STOCK"."stock_id", "public"."STOCK"."product_id", "public"."STOCK"."location_id", "public"."STOCK"."quantity_on_hand" FROM "public"."STOCK" LEFT JOIN "public"."INVENTORY_LOCATION" AS "orderby_1" ON ("orderby_1"."location_id") = ("public"."STOCK"."location_id") LEFT JOIN "public"."PRODUCT" AS "orderby_2" ON ("orderby_2"."product_id") = ("public"."STOCK"."product_id") WHERE 1=1 ORDER BY "orderby_1"."location_id" ASC, "orderby_2"."product_name" ASC LIMIT $1 OFFSET $2
prisma:query SELECT "public"."PRODUCT"."product_id", "public"."PRODUCT"."category_id", "public"."PRODUCT"."product_code", "public"."PRODUCT"."product_name", "public"."PRODUCT"."pack_size", "public"."PRODUCT"."selling_price" FROM "public"."PRODUCT" WHERE "public"."PRODUCT"."product_id" IN ($1,$2,$3,$4,$5,$6,$7,$8,$9,$10,$11,$12,$13,$14,$15,$16,$17) OFFSET $18
prisma:query SELECT "public"."INVENTORY_LOCATION"."location_id", "public"."INVENTORY_LOCATION"."code", "public"."INVENTORY_LOCATION"."name" FROM "public"."INVENTORY_LOCATION" WHERE "public"."INVENTORY_LOCATION"."location_id" IN ($1,$2,$3,$4,$5,$6,$7,$8,$9,$10,$11,$12,$13,$14,$15,$16,$17) OFFSET $18
prisma:query SELECT "public"."CATEGORY"."category_id", "public"."CATEGORY"."name", "public"."CATEGORY"."tag" FROM "public"."CATEGORY" WHERE "public"."CATEGORY"."category_id" IN ($1,$2,$3,$4,$5,$6,$7,$8,$9,$10,$11,$12,$13) OFFSET $14
prisma:query COMMIT
prisma:query SELECT COUNT(*) AS "_count$_all" FROM (SELECT "public"."STOCK_MOVEMENT"."movement_id" FROM "public"."STOCK_MOVEMENT" WHERE 1=1 OFFSET $1) AS "sub"
prisma:query SELECT "public"."STOCK_MOVEMENT"."movement_id", "public"."STOCK_MOVEMENT"."stock_id", "public"."STOCK_MOVEMENT"."created_by", "public"."STOCK_MOVEMENT"."movement_type"::text, "public"."STOCK_MOVEMENT"."quantity", "public"."STOCK_MOVEMENT"."movement_date", "public"."STOCK_MOVEMENT"."notes", "public"."STOCK_MOVEMENT"."product_id" FROM "public"."STOCK_MOVEMENT" WHERE 1=1 ORDER BY "public"."STOCK_MOVEMENT"."movement_date" DESC LIMIT $1 OFFSET $2
prisma:query SELECT "public"."STOCK"."stock_id", "public"."STOCK"."product_id", "public"."STOCK"."location_id", "public"."STOCK"."quantity_on_hand" FROM "public"."STOCK" WHERE "public"."STOCK"."stock_id" IN ($1,$2,$3,$4,$5,$6,$7,$8,$9,$10,$11,$12,$13,$14,$15,$16,$17,$18,$19,$20) OFFSET $21
prisma:query SELECT "public"."PRODUCT"."product_id", "public"."PRODUCT"."category_id", "public"."PRODUCT"."product_code", "public"."PRODUCT"."product_name", "public"."PRODUCT"."pack_size", "public"."PRODUCT"."selling_price" FROM "public"."PRODUCT" WHERE "public"."PRODUCT"."product_id" IN ($1,$2,$3,$4,$5,$6,$7,$8,$9,$10,$11,$12,$13,$14,$15,$16,$17,$18,$19,$20) OFFSET $21
prisma:query SELECT "public"."USER"."user_id", "public"."USER"."role_id", "public"."USER"."full_name", "public"."USER"."username", "public"."USER"."password_hash" FROM "public"."USER" WHERE "public"."USER"."user_id" IN ($1,$2,$3,$4,$5,$6,$7,$8,$9,$10,$11,$12,$13,$14,$15,$16,$17,$18,$19,$20) OFFSET $21
prisma:query SELECT "public"."INVENTORY_LOCATION"."location_id", "public"."INVENTORY_LOCATION"."code", "public"."INVENTORY_LOCATION"."name" FROM "public"."INVENTORY_LOCATION" WHERE "public"."INVENTORY_LOCATION"."location_id" IN ($1,$2) OFFSET $3
prisma:query COMMIT
 GET /inventory 200 in 3.3s (next.js: 5ms, application-code: 3.3s)
prisma:query SELECT "public"."INVENTORY_LOCATION"."location_id", "public"."INVENTORY_LOCATION"."code", "public"."INVENTORY_LOCATION"."name" FROM "public"."INVENTORY_LOCATION" WHERE 1=1 ORDER BY "public"."INVENTORY_LOCATION"."location_id" ASC OFFSET $1
 GET /api/locations 200 in 225ms (next.js: 10ms, application-code: 215ms)
prisma:query SELECT COUNT(*) AS "_count$_all" FROM (SELECT "public"."STOCK"."stock_id" FROM "public"."STOCK" WHERE 1=1 OFFSET $1) AS "sub"
prisma:query SELECT "public"."STOCK"."stock_id", "public"."STOCK"."product_id", "public"."STOCK"."location_id", "public"."STOCK"."quantity_on_hand" FROM "public"."STOCK" LEFT JOIN "public"."INVENTORY_LOCATION" AS "orderby_1" ON ("orderby_1"."location_id") = ("public"."STOCK"."location_id") LEFT JOIN "public"."PRODUCT" AS "orderby_2" ON ("orderby_2"."product_id") = ("public"."STOCK"."product_id") WHERE 1=1 ORDER BY "orderby_1"."location_id" ASC, "orderby_2"."product_name" ASC LIMIT $1 OFFSET $2
prisma:query SELECT "public"."PRODUCT"."product_id", "public"."PRODUCT"."category_id", "public"."PRODUCT"."product_code", "public"."PRODUCT"."product_name", "public"."PRODUCT"."pack_size", "public"."PRODUCT"."selling_price" FROM "public"."PRODUCT" WHERE "public"."PRODUCT"."product_id" IN ($1,$2,$3,$4,$5,$6,$7,$8,$9,$10,$11,$12,$13,$14,$15,$16,$17) OFFSET $18
prisma:query SELECT "public"."INVENTORY_LOCATION"."location_id", "public"."INVENTORY_LOCATION"."code", "public"."INVENTORY_LOCATION"."name" FROM "public"."INVENTORY_LOCATION" WHERE "public"."INVENTORY_LOCATION"."location_id" IN ($1,$2,$3,$4,$5,$6,$7,$8,$9,$10,$11,$12,$13,$14,$15,$16,$17) OFFSET $18
prisma:query SELECT "public"."CATEGORY"."category_id", "public"."CATEGORY"."name", "public"."CATEGORY"."tag" FROM "public"."CATEGORY" WHERE "public"."CATEGORY"."category_id" IN ($1,$2,$3,$4,$5,$6,$7,$8,$9,$10,$11,$12,$13) OFFSET $14
prisma:query COMMIT
prisma:query SELECT COUNT(*) AS "_count$_all" FROM (SELECT "public"."STOCK_MOVEMENT"."movement_id" FROM "public"."STOCK_MOVEMENT" WHERE 1=1 OFFSET $1) AS "sub"
prisma:query SELECT "public"."STOCK_MOVEMENT"."movement_id", "public"."STOCK_MOVEMENT"."stock_id", "public"."STOCK_MOVEMENT"."created_by", "public"."STOCK_MOVEMENT"."movement_type"::text, "public"."STOCK_MOVEMENT"."quantity", "public"."STOCK_MOVEMENT"."movement_date", "public"."STOCK_MOVEMENT"."notes", "public"."STOCK_MOVEMENT"."product_id" FROM "public"."STOCK_MOVEMENT" WHERE 1=1 ORDER BY "public"."STOCK_MOVEMENT"."movement_date" DESC LIMIT $1 OFFSET $2
prisma:query SELECT "public"."STOCK"."stock_id", "public"."STOCK"."product_id", "public"."STOCK"."location_id", "public"."STOCK"."quantity_on_hand" FROM "public"."STOCK" WHERE "public"."STOCK"."stock_id" IN ($1,$2,$3,$4,$5,$6,$7,$8,$9,$10,$11,$12,$13,$14,$15,$16,$17,$18,$19,$20) OFFSET $21
prisma:query SELECT "public"."PRODUCT"."product_id", "public"."PRODUCT"."category_id", "public"."PRODUCT"."product_code", "public"."PRODUCT"."product_name", "public"."PRODUCT"."pack_size", "public"."PRODUCT"."selling_price" FROM "public"."PRODUCT" WHERE "public"."PRODUCT"."product_id" IN ($1,$2,$3,$4,$5,$6,$7,$8,$9,$10,$11,$12,$13,$14,$15,$16,$17,$18,$19,$20) OFFSET $21
prisma:query SELECT "public"."USER"."user_id", "public"."USER"."role_id", "public"."USER"."full_name", "public"."USER"."username", "public"."USER"."password_hash" FROM "public"."USER" WHERE "public"."USER"."user_id" IN ($1,$2,$3,$4,$5,$6,$7,$8,$9,$10,$11,$12,$13,$14,$15,$16,$17,$18,$19,$20) OFFSET $21
prisma:query SELECT "public"."INVENTORY_LOCATION"."location_id", "public"."INVENTORY_LOCATION"."code", "public"."INVENTORY_LOCATION"."name" FROM "public"."INVENTORY_LOCATION" WHERE "public"."INVENTORY_LOCATION"."location_id" IN ($1,$2) OFFSET $3
prisma:query COMMIT
 GET /inventory 200 in 3.2s (next.js: 6ms, application-code: 3.2s)
prisma:query SELECT "public"."INVENTORY_LOCATION"."location_id", "public"."INVENTORY_LOCATION"."code", "public"."INVENTORY_LOCATION"."name" FROM "public"."INVENTORY_LOCATION" WHERE 1=1 ORDER BY "public"."INVENTORY_LOCATION"."location_id" ASC OFFSET $1
 GET /api/locations 200 in 208ms (next.js: 9ms, application-code: 199ms)
prisma:query SELECT COUNT(*) AS "_count$_all" FROM (SELECT "public"."STOCK"."stock_id" FROM "public"."STOCK" WHERE 1=1 OFFSET $1) AS "sub"
prisma:query SELECT "public"."STOCK"."stock_id", "public"."STOCK"."product_id", "public"."STOCK"."location_id", "public"."STOCK"."quantity_on_hand" FROM "public"."STOCK" LEFT JOIN "public"."INVENTORY_LOCATION" AS "orderby_1" ON ("orderby_1"."location_id") = ("public"."STOCK"."location_id") LEFT JOIN "public"."PRODUCT" AS "orderby_2" ON ("orderby_2"."product_id") = ("public"."STOCK"."product_id") WHERE 1=1 ORDER BY "orderby_1"."location_id" ASC, "orderby_2"."product_name" ASC LIMIT $1 OFFSET $2
prisma:query SELECT "public"."PRODUCT"."product_id", "public"."PRODUCT"."category_id", "public"."PRODUCT"."product_code", "public"."PRODUCT"."product_name", "public"."PRODUCT"."pack_size", "public"."PRODUCT"."selling_price" FROM "public"."PRODUCT" WHERE "public"."PRODUCT"."product_id" IN ($1,$2,$3,$4,$5,$6,$7,$8,$9,$10,$11,$12,$13,$14,$15,$16,$17) OFFSET $18
prisma:query SELECT "public"."INVENTORY_LOCATION"."location_id", "public"."INVENTORY_LOCATION"."code", "public"."INVENTORY_LOCATION"."name" FROM "public"."INVENTORY_LOCATION" WHERE "public"."INVENTORY_LOCATION"."location_id" IN ($1,$2,$3,$4,$5,$6,$7,$8,$9,$10,$11,$12,$13,$14,$15,$16,$17) OFFSET $18
prisma:query SELECT "public"."CATEGORY"."category_id", "public"."CATEGORY"."name", "public"."CATEGORY"."tag" FROM "public"."CATEGORY" WHERE "public"."CATEGORY"."category_id" IN ($1,$2,$3,$4,$5,$6,$7,$8,$9,$10,$11,$12,$13) OFFSET $14
prisma:query COMMIT
prisma:query SELECT COUNT(*) AS "_count$_all" FROM (SELECT "public"."STOCK_MOVEMENT"."movement_id" FROM "public"."STOCK_MOVEMENT" WHERE 1=1 OFFSET $1) AS "sub"
prisma:query SELECT "public"."STOCK_MOVEMENT"."movement_id", "public"."STOCK_MOVEMENT"."stock_id", "public"."STOCK_MOVEMENT"."created_by", "public"."STOCK_MOVEMENT"."movement_type"::text, "public"."STOCK_MOVEMENT"."quantity", "public"."STOCK_MOVEMENT"."movement_date", "public"."STOCK_MOVEMENT"."notes", "public"."STOCK_MOVEMENT"."product_id" FROM "public"."STOCK_MOVEMENT" WHERE 1=1 ORDER BY "public"."STOCK_MOVEMENT"."movement_date" DESC LIMIT $1 OFFSET $2
prisma:query SELECT "public"."STOCK"."stock_id", "public"."STOCK"."product_id", "public"."STOCK"."location_id", "public"."STOCK"."quantity_on_hand" FROM "public"."STOCK" WHERE "public"."STOCK"."stock_id" IN ($1,$2,$3,$4,$5,$6,$7,$8,$9,$10,$11,$12,$13,$14,$15,$16,$17,$18,$19,$20) OFFSET $21
prisma:query SELECT "public"."PRODUCT"."product_id", "public"."PRODUCT"."category_id", "public"."PRODUCT"."product_code", "public"."PRODUCT"."product_name", "public"."PRODUCT"."pack_size", "public"."PRODUCT"."selling_price" FROM "public"."PRODUCT" WHERE "public"."PRODUCT"."product_id" IN ($1,$2,$3,$4,$5,$6,$7,$8,$9,$10,$11,$12,$13,$14,$15,$16,$17,$18,$19,$20) OFFSET $21
prisma:query SELECT "public"."USER"."user_id", "public"."USER"."role_id", "public"."USER"."full_name", "public"."USER"."username", "public"."USER"."password_hash" FROM "public"."USER" WHERE "public"."USER"."user_id" IN ($1,$2,$3,$4,$5,$6,$7,$8,$9,$10,$11,$12,$13,$14,$15,$16,$17,$18,$19,$20) OFFSET $21
prisma:query SELECT "public"."INVENTORY_LOCATION"."location_id", "public"."INVENTORY_LOCATION"."code", "public"."INVENTORY_LOCATION"."name" FROM "public"."INVENTORY_LOCATION" WHERE "public"."INVENTORY_LOCATION"."location_id" IN ($1,$2) OFFSET $3
prisma:query COMMIT
 GET /inventory 200 in 3.1s (next.js: 4ms, application-code: 3.1s)
prisma:query SELECT "public"."INVENTORY_LOCATION"."location_id", "public"."INVENTORY_LOCATION"."code", "public"."INVENTORY_LOCATION"."name" FROM "public"."INVENTORY_LOCATION" WHERE 1=1 ORDER BY "public"."INVENTORY_LOCATION"."location_id" ASC OFFSET $1
 GET /api/locations 200 in 203ms (next.js: 3ms, application-code: 200ms)
prisma:query SELECT "public"."INVENTORY_LOCATION"."location_id", "public"."INVENTORY_LOCATION"."code", "public"."INVENTORY_LOCATION"."name" FROM "public"."INVENTORY_LOCATION" WHERE "public"."INVENTORY_LOCATION"."location_id" IN ($1,$2) OFFSET $3
prisma:query SELECT COUNT(*) AS "_count$_all" FROM (SELECT "public"."STOCK"."stock_id" FROM "public"."STOCK" WHERE "public"."STOCK"."location_id" = $1 OFFSET $2) AS "sub"
prisma:query SELECT "public"."STOCK"."stock_id", "public"."STOCK"."product_id", "public"."STOCK"."location_id", "public"."STOCK"."quantity_on_hand" FROM "public"."STOCK" LEFT JOIN "public"."INVENTORY_LOCATION" AS "orderby_1" ON ("orderby_1"."location_id") = ("public"."STOCK"."location_id") LEFT JOIN "public"."PRODUCT" AS "orderby_2" ON ("orderby_2"."product_id") = ("public"."STOCK"."product_id") WHERE "public"."STOCK"."location_id" = $1 ORDER BY "orderby_1"."location_id" ASC, "orderby_2"."product_name" ASC LIMIT $2 OFFSET $3
prisma:query SELECT "public"."PRODUCT"."product_id", "public"."PRODUCT"."category_id", "public"."PRODUCT"."product_code", "public"."PRODUCT"."product_name", "public"."PRODUCT"."pack_size", "public"."PRODUCT"."selling_price" FROM "public"."PRODUCT" WHERE "public"."PRODUCT"."product_id" IN ($1,$2,$3,$4) OFFSET $5
prisma:query SELECT "public"."INVENTORY_LOCATION"."location_id", "public"."INVENTORY_LOCATION"."code", "public"."INVENTORY_LOCATION"."name" FROM "public"."INVENTORY_LOCATION" WHERE "public"."INVENTORY_LOCATION"."location_id" IN ($1,$2,$3,$4) OFFSET $5
prisma:query SELECT "public"."CATEGORY"."category_id", "public"."CATEGORY"."name", "public"."CATEGORY"."tag" FROM "public"."CATEGORY" WHERE "public"."CATEGORY"."category_id" IN ($1,$2,$3,$4) OFFSET $5
prisma:query SELECT COUNT(*) AS "_count$_all" FROM (SELECT "public"."STOCK_MOVEMENT"."movement_id" FROM "public"."STOCK_MOVEMENT" LEFT JOIN "public"."STOCK" AS "j0" ON ("j0"."stock_id") = ("public"."STOCK_MOVEMENT"."stock_id") WHERE ("j0"."location_id" = $1 AND ("j0"."stock_id" IS NOT NULL)) OFFSET $2) AS "sub"
prisma:query COMMIT
prisma:query SELECT "public"."STOCK_MOVEMENT"."movement_id", "public"."STOCK_MOVEMENT"."stock_id", "public"."STOCK_MOVEMENT"."created_by", "public"."STOCK_MOVEMENT"."movement_type"::text, "public"."STOCK_MOVEMENT"."quantity", "public"."STOCK_MOVEMENT"."movement_date", "public"."STOCK_MOVEMENT"."notes", "public"."STOCK_MOVEMENT"."product_id" FROM "public"."STOCK_MOVEMENT" LEFT JOIN "public"."STOCK" AS "j0" ON ("j0"."stock_id") = ("public"."STOCK_MOVEMENT"."stock_id") WHERE ("j0"."location_id" = $1 AND ("j0"."stock_id" IS NOT NULL)) ORDER BY "public"."STOCK_MOVEMENT"."movement_date" DESC LIMIT $2 OFFSET $3
prisma:query SELECT "public"."STOCK"."stock_id", "public"."STOCK"."product_id", "public"."STOCK"."location_id", "public"."STOCK"."quantity_on_hand" FROM "public"."STOCK" WHERE "public"."STOCK"."stock_id" IN ($1,$2,$3,$4,$5,$6,$7,$8,$9,$10,$11,$12,$13,$14,$15,$16,$17,$18,$19,$20) OFFSET $21
prisma:query SELECT "public"."PRODUCT"."product_id", "public"."PRODUCT"."category_id", "public"."PRODUCT"."product_code", "public"."PRODUCT"."product_name", "public"."PRODUCT"."pack_size", "public"."PRODUCT"."selling_price" FROM "public"."PRODUCT" WHERE "public"."PRODUCT"."product_id" IN ($1,$2,$3,$4,$5,$6,$7,$8,$9,$10,$11,$12,$13,$14,$15,$16,$17,$18,$19,$20) OFFSET $21
prisma:query SELECT "public"."USER"."user_id", "public"."USER"."role_id", "public"."USER"."full_name", "public"."USER"."username", "public"."USER"."password_hash" FROM "public"."USER" WHERE "public"."USER"."user_id" IN ($1,$2,$3,$4,$5,$6,$7,$8,$9,$10,$11,$12,$13,$14,$15,$16,$17,$18,$19,$20) OFFSET $21
prisma:query SELECT "public"."INVENTORY_LOCATION"."location_id", "public"."INVENTORY_LOCATION"."code", "public"."INVENTORY_LOCATION"."name" FROM "public"."INVENTORY_LOCATION" WHERE "public"."INVENTORY_LOCATION"."location_id" IN ($1,$2) OFFSET $3
prisma:query COMMIT
 GET /inventory/1 200 in 2.8s (next.js: 42ms, application-code: 2.7s)
prisma:query SELECT "public"."INVENTORY_LOCATION"."location_id", "public"."INVENTORY_LOCATION"."code", "public"."INVENTORY_LOCATION"."name" FROM "public"."INVENTORY_LOCATION" WHERE "public"."INVENTORY_LOCATION"."location_id" IN ($1,$2) OFFSET $3
prisma:query SELECT COUNT(*) AS "_count$_all" FROM (SELECT "public"."STOCK_MOVEMENT"."movement_id" FROM "public"."STOCK_MOVEMENT" LEFT JOIN "public"."STOCK" AS "j0" ON ("j0"."stock_id") = ("public"."STOCK_MOVEMENT"."stock_id") WHERE ("j0"."location_id" = $1 AND ("j0"."stock_id" IS NOT NULL)) OFFSET $2) AS "sub"
prisma:query SELECT COUNT(*) AS "_count$_all" FROM (SELECT "public"."STOCK"."stock_id" FROM "public"."STOCK" WHERE "public"."STOCK"."location_id" = $1 OFFSET $2) AS "sub"
prisma:query SELECT "public"."STOCK_MOVEMENT"."movement_id", "public"."STOCK_MOVEMENT"."stock_id", "public"."STOCK_MOVEMENT"."created_by", "public"."STOCK_MOVEMENT"."movement_type"::text, "public"."STOCK_MOVEMENT"."quantity", "public"."STOCK_MOVEMENT"."movement_date", "public"."STOCK_MOVEMENT"."notes", "public"."STOCK_MOVEMENT"."product_id" FROM "public"."STOCK_MOVEMENT" LEFT JOIN "public"."STOCK" AS "j0" ON ("j0"."stock_id") = ("public"."STOCK_MOVEMENT"."stock_id") WHERE ("j0"."location_id" = $1 AND ("j0"."stock_id" IS NOT NULL)) ORDER BY "public"."STOCK_MOVEMENT"."movement_date" DESC LIMIT $2 OFFSET $3
prisma:query SELECT "public"."STOCK"."stock_id", "public"."STOCK"."product_id", "public"."STOCK"."location_id", "public"."STOCK"."quantity_on_hand" FROM "public"."STOCK" LEFT JOIN "public"."INVENTORY_LOCATION" AS "orderby_1" ON ("orderby_1"."location_id") = ("public"."STOCK"."location_id") LEFT JOIN "public"."PRODUCT" AS "orderby_2" ON ("orderby_2"."product_id") = ("public"."STOCK"."product_id") WHERE "public"."STOCK"."location_id" = $1 ORDER BY "orderby_1"."location_id" ASC, "orderby_2"."product_name" ASC LIMIT $2 OFFSET $3
prisma:query SELECT "public"."STOCK"."stock_id", "public"."STOCK"."product_id", "public"."STOCK"."location_id", "public"."STOCK"."quantity_on_hand" FROM "public"."STOCK" WHERE "public"."STOCK"."stock_id" IN ($1,$2,$3,$4,$5,$6,$7,$8,$9,$10,$11,$12,$13,$14,$15,$16,$17,$18,$19,$20) OFFSET $21
prisma:query SELECT "public"."PRODUCT"."product_id", "public"."PRODUCT"."category_id", "public"."PRODUCT"."product_code", "public"."PRODUCT"."product_name", "public"."PRODUCT"."pack_size", "public"."PRODUCT"."selling_price" FROM "public"."PRODUCT" WHERE "public"."PRODUCT"."product_id" IN ($1,$2,$3,$4) OFFSET $5
prisma:query SELECT "public"."PRODUCT"."product_id", "public"."PRODUCT"."category_id", "public"."PRODUCT"."product_code", "public"."PRODUCT"."product_name", "public"."PRODUCT"."pack_size", "public"."PRODUCT"."selling_price" FROM "public"."PRODUCT" WHERE "public"."PRODUCT"."product_id" IN ($1,$2,$3,$4,$5,$6,$7,$8,$9,$10,$11,$12,$13,$14,$15,$16,$17,$18,$19,$20) OFFSET $21
prisma:query SELECT "public"."INVENTORY_LOCATION"."location_id", "public"."INVENTORY_LOCATION"."code", "public"."INVENTORY_LOCATION"."name" FROM "public"."INVENTORY_LOCATION" WHERE "public"."INVENTORY_LOCATION"."location_id" IN ($1,$2,$3,$4) OFFSET $5
prisma:query SELECT "public"."USER"."user_id", "public"."USER"."role_id", "public"."USER"."full_name", "public"."USER"."username", "public"."USER"."password_hash" FROM "public"."USER" WHERE "public"."USER"."user_id" IN ($1,$2,$3,$4,$5,$6,$7,$8,$9,$10,$11,$12,$13,$14,$15,$16,$17,$18,$19,$20) OFFSET $21
prisma:query SELECT "public"."CATEGORY"."category_id", "public"."CATEGORY"."name", "public"."CATEGORY"."tag" FROM "public"."CATEGORY" WHERE "public"."CATEGORY"."category_id" IN ($1,$2,$3,$4) OFFSET $5
prisma:query SELECT "public"."INVENTORY_LOCATION"."location_id", "public"."INVENTORY_LOCATION"."code", "public"."INVENTORY_LOCATION"."name" FROM "public"."INVENTORY_LOCATION" WHERE "public"."INVENTORY_LOCATION"."location_id" IN ($1,$2) OFFSET $3
prisma:query COMMIT
prisma:query COMMIT
 GET /inventory/1 200 in 2.1s (next.js: 67ms, application-code: 2.1s)
prisma:query SELECT COUNT(*) AS "_count$_all" FROM (SELECT "public"."STOCK"."stock_id" FROM "public"."STOCK" WHERE "public"."STOCK"."location_id" = $1 OFFSET $2) AS "sub"
prisma:query SELECT "public"."STOCK"."stock_id", "public"."STOCK"."product_id", "public"."STOCK"."location_id", "public"."STOCK"."quantity_on_hand" FROM "public"."STOCK" LEFT JOIN "public"."INVENTORY_LOCATION" AS "orderby_1" ON ("orderby_1"."location_id") = ("public"."STOCK"."location_id") LEFT JOIN "public"."PRODUCT" AS "orderby_2" ON ("orderby_2"."product_id") = ("public"."STOCK"."product_id") WHERE "public"."STOCK"."location_id" = $1 ORDER BY "orderby_1"."location_id" ASC, "orderby_2"."product_name" ASC LIMIT $2 OFFSET $3
prisma:query SELECT COUNT(*) AS "_count$_all" FROM (SELECT "public"."STOCK"."stock_id" FROM "public"."STOCK" WHERE "public"."STOCK"."location_id" = $1 OFFSET $2) AS "sub"
prisma:query SELECT "public"."PRODUCT"."product_id", "public"."PRODUCT"."category_id", "public"."PRODUCT"."product_code", "public"."PRODUCT"."product_name", "public"."PRODUCT"."pack_size", "public"."PRODUCT"."selling_price" FROM "public"."PRODUCT" WHERE "public"."PRODUCT"."product_id" IN ($1,$2,$3,$4) OFFSET $5
prisma:query SELECT "public"."STOCK"."stock_id", "public"."STOCK"."product_id", "public"."STOCK"."location_id", "public"."STOCK"."quantity_on_hand" FROM "public"."STOCK" LEFT JOIN "public"."INVENTORY_LOCATION" AS "orderby_1" ON ("orderby_1"."location_id") = ("public"."STOCK"."location_id") LEFT JOIN "public"."PRODUCT" AS "orderby_2" ON ("orderby_2"."product_id") = ("public"."STOCK"."product_id") WHERE "public"."STOCK"."location_id" = $1 ORDER BY "orderby_1"."location_id" ASC, "orderby_2"."product_name" ASC LIMIT $2 OFFSET $3
 GET /api/inventory/1?page=1&pageSize=20 200 in 676ms (next.js: 40ms, application-code: 636ms)
prisma:query SELECT "public"."INVENTORY_LOCATION"."location_id", "public"."INVENTORY_LOCATION"."code", "public"."INVENTORY_LOCATION"."name" FROM "public"."INVENTORY_LOCATION" WHERE "public"."INVENTORY_LOCATION"."location_id" IN ($1,$2,$3,$4) OFFSET $5
prisma:query SELECT "public"."PRODUCT"."product_id", "public"."PRODUCT"."category_id", "public"."PRODUCT"."product_code", "public"."PRODUCT"."product_name", "public"."PRODUCT"."pack_size", "public"."PRODUCT"."selling_price" FROM "public"."PRODUCT" WHERE "public"."PRODUCT"."product_id" IN ($1,$2,$3,$4) OFFSET $5
prisma:query SELECT "public"."CATEGORY"."category_id", "public"."CATEGORY"."name", "public"."CATEGORY"."tag" FROM "public"."CATEGORY" WHERE "public"."CATEGORY"."category_id" IN ($1,$2,$3,$4) OFFSET $5
prisma:query SELECT "public"."INVENTORY_LOCATION"."location_id", "public"."INVENTORY_LOCATION"."code", "public"."INVENTORY_LOCATION"."name" FROM "public"."INVENTORY_LOCATION" WHERE "public"."INVENTORY_LOCATION"."location_id" IN ($1,$2,$3,$4) OFFSET $5
prisma:query COMMIT
prisma:query SELECT "public"."CATEGORY"."category_id", "public"."CATEGORY"."name", "public"."CATEGORY"."tag" FROM "public"."CATEGORY" WHERE "public"."CATEGORY"."category_id" IN ($1,$2,$3,$4) OFFSET $5
prisma:query COMMIT
prisma:query SELECT "public"."INVENTORY_LOCATION"."location_id", "public"."INVENTORY_LOCATION"."code", "public"."INVENTORY_LOCATION"."name" FROM "public"."INVENTORY_LOCATION" WHERE "public"."INVENTORY_LOCATION"."location_id" IN ($1,$2) OFFSET $3
prisma:query SELECT COUNT(*) AS "_count$_all" FROM (SELECT "public"."STOCK_MOVEMENT"."movement_id" FROM "public"."STOCK_MOVEMENT" LEFT JOIN "public"."STOCK" AS "j0" ON ("j0"."stock_id") = ("public"."STOCK_MOVEMENT"."stock_id") WHERE ("j0"."location_id" = $1 AND ("j0"."stock_id" IS NOT NULL)) OFFSET $2) AS "sub"
prisma:query SELECT COUNT(*) AS "_count$_all" FROM (SELECT "public"."STOCK"."stock_id" FROM "public"."STOCK" WHERE "public"."STOCK"."location_id" = $1 OFFSET $2) AS "sub"
prisma:query SELECT "public"."STOCK_MOVEMENT"."movement_id", "public"."STOCK_MOVEMENT"."stock_id", "public"."STOCK_MOVEMENT"."created_by", "public"."STOCK_MOVEMENT"."movement_type"::text, "public"."STOCK_MOVEMENT"."quantity", "public"."STOCK_MOVEMENT"."movement_date", "public"."STOCK_MOVEMENT"."notes", "public"."STOCK_MOVEMENT"."product_id" FROM "public"."STOCK_MOVEMENT" LEFT JOIN "public"."STOCK" AS "j0" ON ("j0"."stock_id") = ("public"."STOCK_MOVEMENT"."stock_id") WHERE ("j0"."location_id" = $1 AND ("j0"."stock_id" IS NOT NULL)) ORDER BY "public"."STOCK_MOVEMENT"."movement_date" DESC LIMIT $2 OFFSET $3
prisma:query SELECT "public"."STOCK"."stock_id", "public"."STOCK"."product_id", "public"."STOCK"."location_id", "public"."STOCK"."quantity_on_hand" FROM "public"."STOCK" LEFT JOIN "public"."INVENTORY_LOCATION" AS "orderby_1" ON ("orderby_1"."location_id") = ("public"."STOCK"."location_id") LEFT JOIN "public"."PRODUCT" AS "orderby_2" ON ("orderby_2"."product_id") = ("public"."STOCK"."product_id") WHERE "public"."STOCK"."location_id" = $1 ORDER BY "orderby_1"."location_id" ASC, "orderby_2"."product_name" ASC LIMIT $2 OFFSET $3
prisma:query SELECT "public"."STOCK"."stock_id", "public"."STOCK"."product_id", "public"."STOCK"."location_id", "public"."STOCK"."quantity_on_hand" FROM "public"."STOCK" WHERE "public"."STOCK"."stock_id" IN ($1,$2,$3,$4,$5,$6,$7,$8,$9,$10,$11,$12,$13,$14,$15,$16,$17,$18,$19,$20) OFFSET $21
prisma:query SELECT "public"."PRODUCT"."product_id", "public"."PRODUCT"."category_id", "public"."PRODUCT"."product_code", "public"."PRODUCT"."product_name", "public"."PRODUCT"."pack_size", "public"."PRODUCT"."selling_price" FROM "public"."PRODUCT" WHERE "public"."PRODUCT"."product_id" IN ($1,$2,$3,$4) OFFSET $5
prisma:query SELECT "public"."PRODUCT"."product_id", "public"."PRODUCT"."category_id", "public"."PRODUCT"."product_code", "public"."PRODUCT"."product_name", "public"."PRODUCT"."pack_size", "public"."PRODUCT"."selling_price" FROM "public"."PRODUCT" WHERE "public"."PRODUCT"."product_id" IN ($1,$2,$3,$4,$5,$6,$7,$8,$9,$10,$11,$12,$13,$14,$15,$16,$17,$18,$19,$20) OFFSET $21
prisma:query SELECT "public"."INVENTORY_LOCATION"."location_id", "public"."INVENTORY_LOCATION"."code", "public"."INVENTORY_LOCATION"."name" FROM "public"."INVENTORY_LOCATION" WHERE "public"."INVENTORY_LOCATION"."location_id" IN ($1,$2,$3,$4) OFFSET $5
prisma:query SELECT "public"."USER"."user_id", "public"."USER"."role_id", "public"."USER"."full_name", "public"."USER"."username", "public"."USER"."password_hash" FROM "public"."USER" WHERE "public"."USER"."user_id" IN ($1,$2,$3,$4,$5,$6,$7,$8,$9,$10,$11,$12,$13,$14,$15,$16,$17,$18,$19,$20) OFFSET $21
prisma:query SELECT "public"."CATEGORY"."category_id", "public"."CATEGORY"."name", "public"."CATEGORY"."tag" FROM "public"."CATEGORY" WHERE "public"."CATEGORY"."category_id" IN ($1,$2,$3,$4) OFFSET $5
prisma:query SELECT "public"."INVENTORY_LOCATION"."location_id", "public"."INVENTORY_LOCATION"."code", "public"."INVENTORY_LOCATION"."name" FROM "public"."INVENTORY_LOCATION" WHERE "public"."INVENTORY_LOCATION"."location_id" IN ($1,$2) OFFSET $3
prisma:query COMMIT
prisma:query COMMIT
 GET /inventory/1 200 in 2.8s (next.js: 39ms, application-code: 2.8s)
prisma:query SELECT COUNT(*) AS "_count$_all" FROM (SELECT "public"."STOCK"."stock_id" FROM "public"."STOCK" WHERE "public"."STOCK"."location_id" = $1 OFFSET $2) AS "sub"
 GET /api/inventory/1?page=1&pageSize=20 200 in 599ms (next.js: 59ms, application-code: 540ms)
 GET /api/inventory/1/movements?page=1&pageSize=20 200 in 415ms (next.js: 189ms, application-code: 227ms)
prisma:query SELECT COUNT(*) AS "_count$_all" FROM (SELECT "public"."STOCK_MOVEMENT"."movement_id" FROM "public"."STOCK_MOVEMENT" LEFT JOIN "public"."STOCK" AS "j0" ON ("j0"."stock_id") = ("public"."STOCK_MOVEMENT"."stock_id") WHERE ("j0"."location_id" = $1 AND ("j0"."stock_id" IS NOT NULL)) OFFSET $2) AS "sub"
prisma:query SELECT "public"."STOCK"."stock_id", "public"."STOCK"."product_id", "public"."STOCK"."location_id", "public"."STOCK"."quantity_on_hand" FROM "public"."STOCK" LEFT JOIN "public"."INVENTORY_LOCATION" AS "orderby_1" ON ("orderby_1"."location_id") = ("public"."STOCK"."location_id") LEFT JOIN "public"."PRODUCT" AS "orderby_2" ON ("orderby_2"."product_id") = ("public"."STOCK"."product_id") WHERE "public"."STOCK"."location_id" = $1 ORDER BY "orderby_1"."location_id" ASC, "orderby_2"."product_name" ASC LIMIT $2 OFFSET $3
prisma:query SELECT "public"."PRODUCT"."product_id", "public"."PRODUCT"."category_id", "public"."PRODUCT"."product_code", "public"."PRODUCT"."product_name", "public"."PRODUCT"."pack_size", "public"."PRODUCT"."selling_price" FROM "public"."PRODUCT" WHERE "public"."PRODUCT"."product_id" IN ($1,$2,$3,$4) OFFSET $5
prisma:query SELECT "public"."STOCK_MOVEMENT"."movement_id", "public"."STOCK_MOVEMENT"."stock_id", "public"."STOCK_MOVEMENT"."created_by", "public"."STOCK_MOVEMENT"."movement_type"::text, "public"."STOCK_MOVEMENT"."quantity", "public"."STOCK_MOVEMENT"."movement_date", "public"."STOCK_MOVEMENT"."notes", "public"."STOCK_MOVEMENT"."product_id" FROM "public"."STOCK_MOVEMENT" LEFT JOIN "public"."STOCK" AS "j0" ON ("j0"."stock_id") = ("public"."STOCK_MOVEMENT"."stock_id") WHERE ("j0"."location_id" = $1 AND ("j0"."stock_id" IS NOT NULL)) ORDER BY "public"."STOCK_MOVEMENT"."movement_date" DESC LIMIT $2 OFFSET $3
prisma:query SELECT COUNT(*) AS "_count$_all" FROM (SELECT "public"."PRODUCT"."product_id" FROM "public"."PRODUCT" WHERE 1=1 OFFSET $1) AS "sub"
prisma:query SELECT "public"."INVENTORY_LOCATION"."location_id", "public"."INVENTORY_LOCATION"."code", "public"."INVENTORY_LOCATION"."name" FROM "public"."INVENTORY_LOCATION" WHERE "public"."INVENTORY_LOCATION"."location_id" IN ($1,$2,$3,$4) OFFSET $5
prisma:query SELECT "public"."STOCK"."stock_id", "public"."STOCK"."product_id", "public"."STOCK"."location_id", "public"."STOCK"."quantity_on_hand" FROM "public"."STOCK" WHERE "public"."STOCK"."stock_id" IN ($1,$2,$3,$4,$5,$6,$7,$8,$9,$10,$11,$12,$13,$14,$15,$16,$17,$18,$19,$20) OFFSET $21
prisma:query SELECT "public"."PRODUCT"."product_id", "public"."PRODUCT"."category_id", "public"."PRODUCT"."product_code", "public"."PRODUCT"."product_name", "public"."PRODUCT"."pack_size", "public"."PRODUCT"."selling_price" FROM "public"."PRODUCT" WHERE 1=1 ORDER BY "public"."PRODUCT"."product_name" ASC LIMIT $1 OFFSET $2
prisma:query SELECT "public"."CATEGORY"."category_id", "public"."CATEGORY"."name", "public"."CATEGORY"."tag" FROM "public"."CATEGORY" WHERE "public"."CATEGORY"."category_id" IN ($1,$2,$3,$4) OFFSET $5
prisma:query SELECT "public"."PRODUCT"."product_id", "public"."PRODUCT"."category_id", "public"."PRODUCT"."product_code", "public"."PRODUCT"."product_name", "public"."PRODUCT"."pack_size", "public"."PRODUCT"."selling_price" FROM "public"."PRODUCT" WHERE "public"."PRODUCT"."product_id" IN ($1,$2,$3,$4,$5,$6,$7,$8,$9,$10,$11,$12,$13,$14,$15,$16,$17,$18,$19,$20) OFFSET $21
prisma:query SELECT "public"."CATEGORY"."category_id", "public"."CATEGORY"."name", "public"."CATEGORY"."tag" FROM "public"."CATEGORY" WHERE "public"."CATEGORY"."category_id" IN ($1,$2,$3,$4,$5,$6,$7,$8,$9,$10,$11,$12,$13,$14,$15,$16,$17,$18,$19,$20) OFFSET $21
prisma:query COMMIT
prisma:query SELECT "public"."USER"."user_id", "public"."USER"."role_id", "public"."USER"."full_name", "public"."USER"."username", "public"."USER"."password_hash" FROM "public"."USER" WHERE "public"."USER"."user_id" IN ($1,$2,$3,$4,$5,$6,$7,$8,$9,$10,$11,$12,$13,$14,$15,$16,$17,$18,$19,$20) OFFSET $21
prisma:query COMMIT
 GET /inventory/products 200 in 1180ms (next.js: 4ms, application-code: 1176ms)
prisma:query SELECT "public"."INVENTORY_LOCATION"."location_id", "public"."INVENTORY_LOCATION"."code", "public"."INVENTORY_LOCATION"."name" FROM "public"."INVENTORY_LOCATION" WHERE "public"."INVENTORY_LOCATION"."location_id" IN ($1,$2) OFFSET $3
prisma:query COMMIT
prisma:query SELECT "public"."CATEGORY"."category_id", "public"."CATEGORY"."name", "public"."CATEGORY"."tag" FROM "public"."CATEGORY" WHERE 1=1 ORDER BY "public"."CATEGORY"."name" ASC OFFSET $1
 GET /api/categories 200 in 206ms (next.js: 5ms, application-code: 201ms)
prisma:query SELECT AVG("selling_price") AS "_avg$selling_price", MAX("selling_price") AS "_max$selling_price" FROM (SELECT "public"."PRODUCT"."selling_price" FROM "public"."PRODUCT" WHERE 1=1 OFFSET $1) AS "sub"
 GET /api/products?page=1&pageSize=20 200 in 223ms (next.js: 12ms, application-code: 211ms)
prisma:query SELECT COUNT(*) AS "_count$_all" FROM (SELECT "public"."PRODUCT"."product_id" FROM "public"."PRODUCT" WHERE 1=1 OFFSET $1) AS "sub"
prisma:query SELECT "public"."PRODUCT"."product_id", "public"."PRODUCT"."category_id", "public"."PRODUCT"."product_code", "public"."PRODUCT"."product_name", "public"."PRODUCT"."pack_size", "public"."PRODUCT"."selling_price" FROM "public"."PRODUCT" WHERE 1=1 ORDER BY "public"."PRODUCT"."product_name" ASC LIMIT $1 OFFSET $2
prisma:query SELECT COUNT(*) AS "_count$_all" FROM (SELECT "public"."PRODUCT"."product_id" FROM "public"."PRODUCT" WHERE 1=1 OFFSET $1) AS "sub"
prisma:query SELECT "public"."CATEGORY"."category_id", "public"."CATEGORY"."name", "public"."CATEGORY"."tag" FROM "public"."CATEGORY" WHERE "public"."CATEGORY"."category_id" IN ($1,$2,$3,$4,$5,$6,$7,$8,$9,$10,$11,$12,$13,$14,$15,$16,$17,$18,$19,$20) OFFSET $21
prisma:query SELECT "public"."PRODUCT"."product_id", "public"."PRODUCT"."category_id", "public"."PRODUCT"."product_code", "public"."PRODUCT"."product_name", "public"."PRODUCT"."pack_size", "public"."PRODUCT"."selling_price" FROM "public"."PRODUCT" WHERE 1=1 ORDER BY "public"."PRODUCT"."product_name" ASC LIMIT $1 OFFSET $2
prisma:query COMMIT
prisma:query SELECT "public"."CATEGORY"."category_id", "public"."CATEGORY"."name", "public"."CATEGORY"."tag" FROM "public"."CATEGORY" WHERE "public"."CATEGORY"."category_id" IN ($1,$2,$3,$4,$5,$6,$7,$8,$9,$10,$11,$12,$13,$14,$15,$16,$17,$18,$19,$20) OFFSET $21
prisma:query COMMIT
 GET /inventory/products 200 in 1187ms (next.js: 3ms, application-code: 1184ms)
 GET /api/products?page=1&pageSize=20 200 in 165ms (next.js: 2ms, application-code: 162ms)
 GET /api/categories 200 in 175ms (next.js: 4ms, application-code: 171ms)
prisma:query SELECT "public"."CATEGORY"."category_id", "public"."CATEGORY"."name", "public"."CATEGORY"."tag" FROM "public"."CATEGORY" WHERE 1=1 ORDER BY "public"."CATEGORY"."name" ASC OFFSET $1
prisma:query SELECT AVG("selling_price") AS "_avg$selling_price", MAX("selling_price") AS "_max$selling_price" FROM (SELECT "public"."PRODUCT"."selling_price" FROM "public"."PRODUCT" WHERE 1=1 OFFSET $1) AS "sub"
prisma:query SELECT COUNT(*) AS "_count$_all" FROM (SELECT "public"."PRODUCT"."product_id" FROM "public"."PRODUCT" WHERE 1=1 OFFSET $1) AS "sub"
prisma:query SELECT "public"."PRODUCT"."product_id", "public"."PRODUCT"."category_id", "public"."PRODUCT"."product_code", "public"."PRODUCT"."product_name", "public"."PRODUCT"."pack_size", "public"."PRODUCT"."selling_price" FROM "public"."PRODUCT" WHERE 1=1 ORDER BY "public"."PRODUCT"."product_name" ASC LIMIT $1 OFFSET $2
prisma:query SELECT COUNT(*) AS "_count$_all" FROM (SELECT "public"."PRODUCT"."product_id" FROM "public"."PRODUCT" WHERE 1=1 OFFSET $1) AS "sub"
prisma:query SELECT "public"."CATEGORY"."category_id", "public"."CATEGORY"."name", "public"."CATEGORY"."tag" FROM "public"."CATEGORY" WHERE "public"."CATEGORY"."category_id" IN ($1,$2,$3,$4,$5,$6,$7,$8,$9,$10,$11,$12,$13,$14,$15,$16,$17,$18,$19,$20) OFFSET $21
prisma:query SELECT "public"."PRODUCT"."product_id", "public"."PRODUCT"."category_id", "public"."PRODUCT"."product_code", "public"."PRODUCT"."product_name", "public"."PRODUCT"."pack_size", "public"."PRODUCT"."selling_price" FROM "public"."PRODUCT" WHERE 1=1 ORDER BY "public"."PRODUCT"."product_name" ASC LIMIT $1 OFFSET $2
prisma:query COMMIT
prisma:query SELECT "public"."CATEGORY"."category_id", "public"."CATEGORY"."name", "public"."CATEGORY"."tag" FROM "public"."CATEGORY" WHERE "public"."CATEGORY"."category_id" IN ($1,$2,$3,$4,$5,$6,$7,$8,$9,$10,$11,$12,$13,$14,$15,$16,$17,$18,$19,$20) OFFSET $21
prisma:query COMMIT
 GET /inventory/products 200 in 1175ms (next.js: 3ms, application-code: 1171ms)
prisma:query SELECT "public"."CATEGORY"."category_id", "public"."CATEGORY"."name", "public"."CATEGORY"."tag" FROM "public"."CATEGORY" WHERE 1=1 ORDER BY "public"."CATEGORY"."name" ASC OFFSET $1
 GET /api/categories 200 in 201ms (next.js: 3ms, application-code: 199ms)
prisma:query SELECT AVG("selling_price") AS "_avg$selling_price", MAX("selling_price") AS "_max$selling_price" FROM (SELECT "public"."PRODUCT"."selling_price" FROM "public"."PRODUCT" WHERE 1=1 OFFSET $1) AS "sub"
prisma:query SELECT "public"."CATEGORY"."category_id", "public"."CATEGORY"."name", "public"."CATEGORY"."tag" FROM "public"."CATEGORY" WHERE 1=1 ORDER BY "public"."CATEGORY"."name" ASC OFFSET $1
 GET /api/categories 200 in 200ms (next.js: 3ms, application-code: 197ms)
prisma:query SELECT COUNT(*) AS "_count$_all" FROM (SELECT "public"."PRODUCT"."product_id" FROM "public"."PRODUCT" WHERE 1=1 OFFSET $1) AS "sub"
prisma:query SELECT "public"."PRODUCT"."product_id", "public"."PRODUCT"."category_id", "public"."PRODUCT"."product_code", "public"."PRODUCT"."product_name", "public"."PRODUCT"."pack_size", "public"."PRODUCT"."selling_price" FROM "public"."PRODUCT" WHERE 1=1 ORDER BY "public"."PRODUCT"."product_name" ASC LIMIT $1 OFFSET $2
 GET /api/products?page=1&pageSize=20 200 in 699ms (next.js: 3ms, application-code: 696ms)
 GET /api/locations 200 in 551ms (next.js: 3ms, application-code: 548ms)
prisma:query SELECT "public"."CATEGORY"."category_id", "public"."CATEGORY"."name", "public"."CATEGORY"."tag" FROM "public"."CATEGORY" WHERE "public"."CATEGORY"."category_id" IN ($1,$2,$3,$4,$5,$6,$7,$8,$9,$10,$11,$12,$13,$14,$15,$16,$17,$18,$19,$20) OFFSET $21
prisma:query SELECT "public"."INVENTORY_LOCATION"."location_id", "public"."INVENTORY_LOCATION"."code", "public"."INVENTORY_LOCATION"."name" FROM "public"."INVENTORY_LOCATION" WHERE 1=1 ORDER BY "public"."INVENTORY_LOCATION"."location_id" ASC OFFSET $1
prisma:query COMMIT
prisma:query SELECT COUNT(*) AS "_count$_all" FROM (SELECT "public"."PRODUCT"."product_id" FROM "public"."PRODUCT" WHERE 1=1 OFFSET $1) AS "sub"
prisma:query SELECT "public"."PRODUCT"."product_id", "public"."PRODUCT"."category_id", "public"."PRODUCT"."product_code", "public"."PRODUCT"."product_name", "public"."PRODUCT"."pack_size", "public"."PRODUCT"."selling_price" FROM "public"."PRODUCT" WHERE 1=1 ORDER BY "public"."PRODUCT"."product_name" ASC LIMIT $1 OFFSET $2
prisma:query SELECT "public"."CATEGORY"."category_id", "public"."CATEGORY"."name", "public"."CATEGORY"."tag" FROM "public"."CATEGORY" WHERE "public"."CATEGORY"."category_id" IN ($1,$2,$3,$4,$5,$6,$7,$8,$9,$10,$11,$12,$13,$14,$15,$16,$17,$18,$19,$20) OFFSET $21
prisma:query COMMIT
 GET /inventory/products 200 in 1458ms (next.js: 4ms, application-code: 1454ms)
prisma:query SELECT "public"."CATEGORY"."category_id", "public"."CATEGORY"."name", "public"."CATEGORY"."tag" FROM "public"."CATEGORY" WHERE 1=1 ORDER BY "public"."CATEGORY"."name" ASC OFFSET $1
 GET /api/categories 200 in 205ms (next.js: 7ms, application-code: 198ms)
prisma:query SELECT AVG("selling_price") AS "_avg$selling_price", MAX("selling_price") AS "_max$selling_price" FROM (SELECT "public"."PRODUCT"."selling_price" FROM "public"."PRODUCT" WHERE 1=1 OFFSET $1) AS "sub"
prisma:query SELECT "public"."INVENTORY_LOCATION"."location_id", "public"."INVENTORY_LOCATION"."code", "public"."INVENTORY_LOCATION"."name" FROM "public"."INVENTORY_LOCATION" WHERE 1=1 ORDER BY "public"."INVENTORY_LOCATION"."location_id" ASC OFFSET $1
 GET /api/locations 200 in 203ms (next.js: 4ms, application-code: 199ms)
prisma:query SELECT "public"."CATEGORY"."category_id", "public"."CATEGORY"."name", "public"."CATEGORY"."tag" FROM "public"."CATEGORY" WHERE 1=1 ORDER BY "public"."CATEGORY"."name" ASC OFFSET $1
 GET /api/categories 200 in 200ms (next.js: 3ms, application-code: 197ms)
prisma:query SELECT COUNT(*) AS "_count$_all" FROM (SELECT "public"."PRODUCT"."product_id" FROM "public"."PRODUCT" WHERE 1=1 OFFSET $1) AS "sub"
prisma:query SELECT "public"."PRODUCT"."product_id", "public"."PRODUCT"."category_id", "public"."PRODUCT"."product_code", "public"."PRODUCT"."product_name", "public"."PRODUCT"."pack_size", "public"."PRODUCT"."selling_price" FROM "public"."PRODUCT" WHERE 1=1 ORDER BY "public"."PRODUCT"."product_name" ASC LIMIT $1 OFFSET $2
prisma:query SELECT "public"."CATEGORY"."category_id", "public"."CATEGORY"."name", "public"."CATEGORY"."tag" FROM "public"."CATEGORY" WHERE "public"."CATEGORY"."category_id" IN ($1,$2,$3,$4,$5,$6,$7,$8,$9,$10,$11,$12,$13,$14,$15,$16,$17,$18,$19,$20) OFFSET $21
prisma:query COMMIT
 GET /api/products?page=1&pageSize=20 200 in 981ms (next.js: 5ms, application-code: 976ms)
 GET /inventory/movements 200 in 434ms (next.js: 4ms, application-code: 430ms)
 GET /inventory/movements 200 in 398ms (next.js: 3ms, application-code: 395ms)
prisma:query SELECT COUNT(*) AS "_count$_all" FROM (SELECT "public"."STOCK_MOVEMENT"."movement_id" FROM "public"."STOCK_MOVEMENT" WHERE 1=1 OFFSET $1) AS "sub"
prisma:query SELECT COUNT(*) AS "_count$_all" FROM (SELECT "public"."STOCK_MOVEMENT"."movement_id" FROM "public"."STOCK_MOVEMENT" WHERE "public"."STOCK_MOVEMENT"."movement_type" = CAST($1::text AS "public"."MovementType") OFFSET $2) AS "sub"
prisma:query SELECT "public"."STOCK_MOVEMENT"."movement_id", "public"."STOCK_MOVEMENT"."stock_id", "public"."STOCK_MOVEMENT"."created_by", "public"."STOCK_MOVEMENT"."movement_type"::text, "public"."STOCK_MOVEMENT"."quantity", "public"."STOCK_MOVEMENT"."movement_date", "public"."STOCK_MOVEMENT"."notes", "public"."STOCK_MOVEMENT"."product_id" FROM "public"."STOCK_MOVEMENT" WHERE 1=1 ORDER BY "public"."STOCK_MOVEMENT"."movement_date" DESC LIMIT $1 OFFSET $2
prisma:query SELECT "public"."STOCK_MOVEMENT"."movement_id", "public"."STOCK_MOVEMENT"."stock_id", "public"."STOCK_MOVEMENT"."created_by", "public"."STOCK_MOVEMENT"."movement_type"::text, "public"."STOCK_MOVEMENT"."quantity", "public"."STOCK_MOVEMENT"."movement_date", "public"."STOCK_MOVEMENT"."notes", "public"."STOCK_MOVEMENT"."product_id" FROM "public"."STOCK_MOVEMENT" WHERE "public"."STOCK_MOVEMENT"."movement_type" = CAST($1::text AS "public"."MovementType") ORDER BY "public"."STOCK_MOVEMENT"."movement_date" DESC LIMIT $2 OFFSET $3
prisma:query SELECT "public"."STOCK"."stock_id", "public"."STOCK"."product_id", "public"."STOCK"."location_id", "public"."STOCK"."quantity_on_hand" FROM "public"."STOCK" WHERE "public"."STOCK"."stock_id" IN ($1,$2,$3,$4,$5,$6,$7,$8,$9,$10,$11,$12,$13,$14,$15,$16,$17,$18,$19,$20) OFFSET $21
prisma:query SELECT "public"."STOCK"."stock_id", "public"."STOCK"."product_id", "public"."STOCK"."location_id", "public"."STOCK"."quantity_on_hand" FROM "public"."STOCK" WHERE "public"."STOCK"."stock_id" IN ($1,$2) OFFSET $3
prisma:query SELECT "public"."PRODUCT"."product_id", "public"."PRODUCT"."category_id", "public"."PRODUCT"."product_code", "public"."PRODUCT"."product_name", "public"."PRODUCT"."pack_size", "public"."PRODUCT"."selling_price" FROM "public"."PRODUCT" WHERE "public"."PRODUCT"."product_id" IN ($1,$2,$3,$4,$5,$6,$7,$8,$9,$10,$11,$12,$13,$14,$15,$16,$17,$18,$19,$20) OFFSET $21
prisma:query SELECT "public"."PRODUCT"."product_id", "public"."PRODUCT"."category_id", "public"."PRODUCT"."product_code", "public"."PRODUCT"."product_name", "public"."PRODUCT"."pack_size", "public"."PRODUCT"."selling_price" FROM "public"."PRODUCT" WHERE "public"."PRODUCT"."product_id" IN ($1,$2) OFFSET $3
prisma:query SELECT "public"."USER"."user_id", "public"."USER"."role_id", "public"."USER"."full_name", "public"."USER"."username", "public"."USER"."password_hash" FROM "public"."USER" WHERE "public"."USER"."user_id" IN ($1,$2,$3,$4,$5,$6,$7,$8,$9,$10,$11,$12,$13,$14,$15,$16,$17,$18,$19,$20) OFFSET $21
prisma:query SELECT "public"."USER"."user_id", "public"."USER"."role_id", "public"."USER"."full_name", "public"."USER"."username", "public"."USER"."password_hash" FROM "public"."USER" WHERE "public"."USER"."user_id" IN ($1,$2) OFFSET $3
prisma:query SELECT "public"."INVENTORY_LOCATION"."location_id", "public"."INVENTORY_LOCATION"."code", "public"."INVENTORY_LOCATION"."name" FROM "public"."INVENTORY_LOCATION" WHERE "public"."INVENTORY_LOCATION"."location_id" IN ($1,$2) OFFSET $3
prisma:query SELECT "public"."INVENTORY_LOCATION"."location_id", "public"."INVENTORY_LOCATION"."code", "public"."INVENTORY_LOCATION"."name" FROM "public"."INVENTORY_LOCATION" WHERE "public"."INVENTORY_LOCATION"."location_id" IN ($1,$2) OFFSET $3
prisma:query COMMIT
 GET /api/stock-movements?page=1&pageSize=20 200 in 1549ms (next.js: 6ms, application-code: 1544ms)
prisma:query COMMIT
 GET /api/stock-movements?page=1&pageSize=20&movement_type=ISSUE 200 in 1543ms (next.js: 4ms, application-code: 1539ms)
prisma:query SELECT "public"."INVENTORY_LOCATION"."location_id", "public"."INVENTORY_LOCATION"."code", "public"."INVENTORY_LOCATION"."name" FROM "public"."INVENTORY_LOCATION" WHERE "public"."INVENTORY_LOCATION"."location_id" IN ($1,$2) OFFSET $3
prisma:query SELECT COUNT(*) AS "_count$_all" FROM (SELECT "public"."STOCK"."stock_id" FROM "public"."STOCK" WHERE "public"."STOCK"."location_id" = $1 OFFSET $2) AS "sub"
prisma:query SELECT "public"."STOCK"."stock_id", "public"."STOCK"."product_id", "public"."STOCK"."location_id", "public"."STOCK"."quantity_on_hand" FROM "public"."STOCK" LEFT JOIN "public"."INVENTORY_LOCATION" AS "orderby_1" ON ("orderby_1"."location_id") = ("public"."STOCK"."location_id") LEFT JOIN "public"."PRODUCT" AS "orderby_2" ON ("orderby_2"."product_id") = ("public"."STOCK"."product_id") WHERE "public"."STOCK"."location_id" = $1 ORDER BY "orderby_1"."location_id" ASC, "orderby_2"."product_name" ASC LIMIT $2 OFFSET $3
prisma:query SELECT "public"."PRODUCT"."product_id", "public"."PRODUCT"."category_id", "public"."PRODUCT"."product_code", "public"."PRODUCT"."product_name", "public"."PRODUCT"."pack_size", "public"."PRODUCT"."selling_price" FROM "public"."PRODUCT" WHERE "public"."PRODUCT"."product_id" IN ($1,$2,$3,$4) OFFSET $5
prisma:query SELECT "public"."INVENTORY_LOCATION"."location_id", "public"."INVENTORY_LOCATION"."code", "public"."INVENTORY_LOCATION"."name" FROM "public"."INVENTORY_LOCATION" WHERE "public"."INVENTORY_LOCATION"."location_id" IN ($1,$2,$3,$4) OFFSET $5
prisma:query SELECT "public"."CATEGORY"."category_id", "public"."CATEGORY"."name", "public"."CATEGORY"."tag" FROM "public"."CATEGORY" WHERE "public"."CATEGORY"."category_id" IN ($1,$2,$3,$4) OFFSET $5
prisma:query SELECT COUNT(*) AS "_count$_all" FROM (SELECT "public"."STOCK_MOVEMENT"."movement_id" FROM "public"."STOCK_MOVEMENT" LEFT JOIN "public"."STOCK" AS "j0" ON ("j0"."stock_id") = ("public"."STOCK_MOVEMENT"."stock_id") WHERE ("j0"."location_id" = $1 AND ("j0"."stock_id" IS NOT NULL)) OFFSET $2) AS "sub"
prisma:query COMMIT
prisma:query SELECT "public"."STOCK_MOVEMENT"."movement_id", "public"."STOCK_MOVEMENT"."stock_id", "public"."STOCK_MOVEMENT"."created_by", "public"."STOCK_MOVEMENT"."movement_type"::text, "public"."STOCK_MOVEMENT"."quantity", "public"."STOCK_MOVEMENT"."movement_date", "public"."STOCK_MOVEMENT"."notes", "public"."STOCK_MOVEMENT"."product_id" FROM "public"."STOCK_MOVEMENT" LEFT JOIN "public"."STOCK" AS "j0" ON ("j0"."stock_id") = ("public"."STOCK_MOVEMENT"."stock_id") WHERE ("j0"."location_id" = $1 AND ("j0"."stock_id" IS NOT NULL)) ORDER BY "public"."STOCK_MOVEMENT"."movement_date" DESC LIMIT $2 OFFSET $3
prisma:query SELECT "public"."STOCK"."stock_id", "public"."STOCK"."product_id", "public"."STOCK"."location_id", "public"."STOCK"."quantity_on_hand" FROM "public"."STOCK" WHERE "public"."STOCK"."stock_id" IN ($1,$2,$3,$4,$5,$6,$7,$8,$9,$10,$11,$12,$13,$14,$15,$16,$17,$18,$19,$20) OFFSET $21
prisma:query SELECT "public"."PRODUCT"."product_id", "public"."PRODUCT"."category_id", "public"."PRODUCT"."product_code", "public"."PRODUCT"."product_name", "public"."PRODUCT"."pack_size", "public"."PRODUCT"."selling_price" FROM "public"."PRODUCT" WHERE "public"."PRODUCT"."product_id" IN ($1,$2,$3,$4,$5,$6,$7,$8,$9,$10,$11,$12,$13,$14,$15,$16,$17,$18,$19,$20) OFFSET $21
prisma:query SELECT "public"."USER"."user_id", "public"."USER"."role_id", "public"."USER"."full_name", "public"."USER"."username", "public"."USER"."password_hash" FROM "public"."USER" WHERE "public"."USER"."user_id" IN ($1,$2,$3,$4,$5,$6,$7,$8,$9,$10,$11,$12,$13,$14,$15,$16,$17,$18,$19,$20) OFFSET $21
prisma:query SELECT "public"."INVENTORY_LOCATION"."location_id", "public"."INVENTORY_LOCATION"."code", "public"."INVENTORY_LOCATION"."name" FROM "public"."INVENTORY_LOCATION" WHERE "public"."INVENTORY_LOCATION"."location_id" IN ($1,$2) OFFSET $3
prisma:query COMMIT
 GET /inventory/1 200 in 3.7s (next.js: 46ms, application-code: 3.7s)
prisma:query SELECT COUNT(*) AS "_count$_all" FROM (SELECT "public"."STOCK"."stock_id" FROM "public"."STOCK" WHERE "public"."STOCK"."location_id" = $1 OFFSET $2) AS "sub"
prisma:query SELECT "public"."STOCK"."stock_id", "public"."STOCK"."product_id", "public"."STOCK"."location_id", "public"."STOCK"."quantity_on_hand" FROM "public"."STOCK" LEFT JOIN "public"."INVENTORY_LOCATION" AS "orderby_1" ON ("orderby_1"."location_id") = ("public"."STOCK"."location_id") LEFT JOIN "public"."PRODUCT" AS "orderby_2" ON ("orderby_2"."product_id") = ("public"."STOCK"."product_id") WHERE "public"."STOCK"."location_id" = $1 ORDER BY "orderby_1"."location_id" ASC, "orderby_2"."product_name" ASC LIMIT $2 OFFSET $3
prisma:query SELECT "public"."PRODUCT"."product_id", "public"."PRODUCT"."category_id", "public"."PRODUCT"."product_code", "public"."PRODUCT"."product_name", "public"."PRODUCT"."pack_size", "public"."PRODUCT"."selling_price" FROM "public"."PRODUCT" WHERE "public"."PRODUCT"."product_id" IN ($1,$2,$3,$4) OFFSET $5
prisma:query SELECT "public"."INVENTORY_LOCATION"."location_id", "public"."INVENTORY_LOCATION"."code", "public"."INVENTORY_LOCATION"."name" FROM "public"."INVENTORY_LOCATION" WHERE "public"."INVENTORY_LOCATION"."location_id" IN ($1,$2,$3,$4) OFFSET $5
prisma:query SELECT "public"."CATEGORY"."category_id", "public"."CATEGORY"."name", "public"."CATEGORY"."tag" FROM "public"."CATEGORY" WHERE "public"."CATEGORY"."category_id" IN ($1,$2,$3,$4) OFFSET $5
prisma:query COMMIT
 GET /api/inventory/1?page=1&pageSize=20 200 in 1400ms (next.js: 40ms, application-code: 1360ms)
prisma:query SELECT COUNT(*) AS "_count$_all" FROM (SELECT "public"."STOCK_MOVEMENT"."movement_id" FROM "public"."STOCK_MOVEMENT" LEFT JOIN "public"."STOCK" AS "j0" ON ("j0"."stock_id") = ("public"."STOCK_MOVEMENT"."stock_id") WHERE ("j0"."location_id" = $1 AND ("j0"."stock_id" IS NOT NULL)) OFFSET $2) AS "sub"
prisma:query SELECT "public"."STOCK_MOVEMENT"."movement_id", "public"."STOCK_MOVEMENT"."stock_id", "public"."STOCK_MOVEMENT"."created_by", "public"."STOCK_MOVEMENT"."movement_type"::text, "public"."STOCK_MOVEMENT"."quantity", "public"."STOCK_MOVEMENT"."movement_date", "public"."STOCK_MOVEMENT"."notes", "public"."STOCK_MOVEMENT"."product_id" FROM "public"."STOCK_MOVEMENT" LEFT JOIN "public"."STOCK" AS "j0" ON ("j0"."stock_id") = ("public"."STOCK_MOVEMENT"."stock_id") WHERE ("j0"."location_id" = $1 AND ("j0"."stock_id" IS NOT NULL)) ORDER BY "public"."STOCK_MOVEMENT"."movement_date" DESC LIMIT $2 OFFSET $3
prisma:query SELECT "public"."STOCK"."stock_id", "public"."STOCK"."product_id", "public"."STOCK"."location_id", "public"."STOCK"."quantity_on_hand" FROM "public"."STOCK" WHERE "public"."STOCK"."stock_id" IN ($1,$2,$3,$4,$5,$6,$7,$8,$9,$10,$11,$12,$13,$14,$15,$16,$17,$18,$19,$20) OFFSET $21
prisma:query SELECT "public"."PRODUCT"."product_id", "public"."PRODUCT"."category_id", "public"."PRODUCT"."product_code", "public"."PRODUCT"."product_name", "public"."PRODUCT"."pack_size", "public"."PRODUCT"."selling_price" FROM "public"."PRODUCT" WHERE "public"."PRODUCT"."product_id" IN ($1,$2,$3,$4,$5,$6,$7,$8,$9,$10,$11,$12,$13,$14,$15,$16,$17,$18,$19,$20) OFFSET $21
prisma:query SELECT "public"."USER"."user_id", "public"."USER"."role_id", "public"."USER"."full_name", "public"."USER"."username", "public"."USER"."password_hash" FROM "public"."USER" WHERE "public"."USER"."user_id" IN ($1,$2,$3,$4,$5,$6,$7,$8,$9,$10,$11,$12,$13,$14,$15,$16,$17,$18,$19,$20) OFFSET $21
prisma:query SELECT "public"."INVENTORY_LOCATION"."location_id", "public"."INVENTORY_LOCATION"."code", "public"."INVENTORY_LOCATION"."name" FROM "public"."INVENTORY_LOCATION" WHERE "public"."INVENTORY_LOCATION"."location_id" IN ($1,$2) OFFSET $3
prisma:query COMMIT
 GET /api/inventory/1/movements?page=1&pageSize=20 200 in 1599ms (next.js: 47ms, application-code: 1552ms)
✓ Compiled in 618ms
 GET / 200 in 1918ms (next.js: 541ms, application-code: 1378ms)
 GET / 200 in 460ms (next.js: 11ms, application-code: 450ms)
prisma:query SELECT "public"."CATEGORY"."category_id", "public"."CATEGORY"."name", "public"."CATEGORY"."tag" FROM "public"."CATEGORY" WHERE 1=1 ORDER BY "public"."CATEGORY"."name" ASC OFFSET $1
 GET /api/categories 200 in 2.2s (next.js: 16ms, application-code: 2.2s)
prisma:query SELECT "public"."INVENTORY_LOCATION"."location_id", "public"."INVENTORY_LOCATION"."code", "public"."INVENTORY_LOCATION"."name" FROM "public"."INVENTORY_LOCATION" WHERE 1=1 ORDER BY "public"."INVENTORY_LOCATION"."location_id" ASC OFFSET $1
 GET /api/locations 200 in 232ms (next.js: 12ms, application-code: 220ms)
prisma:query SELECT COUNT(*) AS "_count$_all" FROM (SELECT "public"."STOCK"."stock_id" FROM "public"."STOCK" WHERE 1=1 OFFSET $1) AS "sub"
prisma:query SELECT "public"."STOCK"."stock_id", "public"."STOCK"."product_id", "public"."STOCK"."location_id", "public"."STOCK"."quantity_on_hand" FROM "public"."STOCK" WHERE ("public"."STOCK"."product_id" = $1 AND "public"."STOCK"."location_id" = $2) LIMIT $3 OFFSET $4
prisma:query SELECT "public"."STOCK"."stock_id", "public"."STOCK"."product_id", "public"."STOCK"."location_id", "public"."STOCK"."quantity_on_hand" FROM "public"."STOCK" LEFT JOIN "public"."INVENTORY_LOCATION" AS "orderby_1" ON ("orderby_1"."location_id") = ("public"."STOCK"."location_id") LEFT JOIN "public"."PRODUCT" AS "orderby_2" ON ("orderby_2"."product_id") = ("public"."STOCK"."product_id") WHERE 1=1 ORDER BY "orderby_1"."location_id" ASC, "orderby_2"."product_name" ASC LIMIT $1 OFFSET $2
prisma:query UPDATE "public"."STOCK" SET "quantity_on_hand" = ("public"."STOCK"."quantity_on_hand" + $1) WHERE ("public"."STOCK"."stock_id" = $2 AND 1=1) RETURNING "public"."STOCK"."stock_id", "public"."STOCK"."product_id", "public"."STOCK"."location_id", "public"."STOCK"."quantity_on_hand"
prisma:query SELECT "public"."PRODUCT"."product_id", "public"."PRODUCT"."category_id", "public"."PRODUCT"."product_code", "public"."PRODUCT"."product_name", "public"."PRODUCT"."pack_size", "public"."PRODUCT"."selling_price" FROM "public"."PRODUCT" WHERE "public"."PRODUCT"."product_id" IN ($1,$2,$3,$4,$5,$6,$7,$8,$9,$10,$11,$12,$13,$14,$15,$16,$17) OFFSET $18
prisma:query INSERT INTO "public"."STOCK_MOVEMENT" ("stock_id","created_by","movement_type","quantity","movement_date","notes","product_id") VALUES ($1,$2,CAST($3::text AS "public"."MovementType"),$4,$5,$6,$7) RETURNING "public"."STOCK_MOVEMENT"."movement_id", "public"."STOCK_MOVEMENT"."stock_id", "public"."STOCK_MOVEMENT"."created_by", "public"."STOCK_MOVEMENT"."movement_type"::text, "public"."STOCK_MOVEMENT"."quantity", "public"."STOCK_MOVEMENT"."movement_date", "public"."STOCK_MOVEMENT"."notes", "public"."STOCK_MOVEMENT"."product_id"
"revalidateTag" without the second argument is now deprecated, add second argument of "max" or use "updateTag". See more info here: https://nextjs.org/docs/messages/revalidate-tag-single-arg
 POST /api/inventory/stock 201 in 709ms (next.js: 18ms, application-code: 691ms)
prisma:query SELECT "public"."INVENTORY_LOCATION"."location_id", "public"."INVENTORY_LOCATION"."code", "public"."INVENTORY_LOCATION"."name" FROM "public"."INVENTORY_LOCATION" WHERE "public"."INVENTORY_LOCATION"."location_id" IN ($1,$2,$3,$4,$5,$6,$7,$8,$9,$10,$11,$12,$13,$14,$15,$16,$17) OFFSET $18
prisma:query SELECT "public"."CATEGORY"."category_id", "public"."CATEGORY"."name", "public"."CATEGORY"."tag" FROM "public"."CATEGORY" WHERE "public"."CATEGORY"."category_id" IN ($1,$2,$3,$4,$5,$6,$7,$8,$9,$10,$11,$12,$13) OFFSET $14
prisma:query SELECT "public"."PRODUCT"."product_id", "public"."PRODUCT"."category_id", "public"."PRODUCT"."product_code", "public"."PRODUCT"."product_name", "public"."PRODUCT"."pack_size", "public"."PRODUCT"."selling_price" FROM "public"."PRODUCT" WHERE "public"."PRODUCT"."product_code" = $1 LIMIT $2 OFFSET $3
prisma:query COMMIT
prisma:query SELECT "public"."INVENTORY_LOCATION"."location_id", "public"."INVENTORY_LOCATION"."code", "public"."INVENTORY_LOCATION"."name" FROM "public"."INVENTORY_LOCATION" WHERE "public"."INVENTORY_LOCATION"."code" = $1 LIMIT $2 OFFSET $3
 POST /api/inventory/import 400 in 562ms (next.js: 148ms, application-code: 414ms)
prisma:query 
      SELECT
        l.location_id,
        l.code,
        l.name,
        COUNT(s.stock_id)                                                     AS total_products,
        COALESCE(SUM(s.quantity_on_hand), 0)                                  AS total_units,
        COUNT(CASE WHEN s.quantity_on_hand > 0
                    AND s.quantity_on_hand < $1 THEN 1 END)     AS low_count,
        COUNT(CASE WHEN s.quantity_on_hand <= 0              THEN 1 END)      AS out_count
      FROM "INVENTORY_LOCATION" l
      LEFT JOIN "STOCK" s ON s.location_id = l.location_id
      GROUP BY l.location_id, l.code, l.name
      ORDER BY l.location_id
    
prisma:query UPDATE "public"."PRODUCT" SET "product_name" = $1, "selling_price" = $2 WHERE ("public"."PRODUCT"."product_id" = $3 AND 1=1) RETURNING "public"."PRODUCT"."product_id", "public"."PRODUCT"."category_id", "public"."PRODUCT"."product_code", "public"."PRODUCT"."product_name", "public"."PRODUCT"."pack_size", "public"."PRODUCT"."selling_price"
prisma:query SELECT "public"."PRODUCT"."product_id", "public"."PRODUCT"."category_id", "public"."PRODUCT"."product_code", "public"."PRODUCT"."product_name", "public"."PRODUCT"."pack_size", "public"."PRODUCT"."selling_price" FROM "public"."PRODUCT" WHERE "public"."PRODUCT"."product_id" = $1 LIMIT $2 OFFSET $3
prisma:query SELECT "public"."CATEGORY"."category_id", "public"."CATEGORY"."name", "public"."CATEGORY"."tag" FROM "public"."CATEGORY" WHERE "public"."CATEGORY"."category_id" = $1 OFFSET $2
prisma:query SELECT COUNT(*) AS "_count$_all" FROM (SELECT "public"."STOCK_MOVEMENT"."movement_id" FROM "public"."STOCK_MOVEMENT" WHERE 1=1 OFFSET $1) AS "sub"
prisma:query COMMIT
"revalidateTag" without the second argument is now deprecated, add second argument of "max" or use "updateTag". See more info here: https://nextjs.org/docs/messages/revalidate-tag-single-arg
 PATCH /api/products/1 200 in 1415ms (next.js: 412ms, application-code: 1003ms)
prisma:query SELECT "public"."STOCK_MOVEMENT"."movement_id", "public"."STOCK_MOVEMENT"."stock_id", "public"."STOCK_MOVEMENT"."created_by", "public"."STOCK_MOVEMENT"."movement_type"::text, "public"."STOCK_MOVEMENT"."quantity", "public"."STOCK_MOVEMENT"."movement_date", "public"."STOCK_MOVEMENT"."notes", "public"."STOCK_MOVEMENT"."product_id" FROM "public"."STOCK_MOVEMENT" WHERE 1=1 ORDER BY "public"."STOCK_MOVEMENT"."movement_date" DESC LIMIT $1 OFFSET $2
prisma:query SELECT "public"."STOCK"."stock_id", "public"."STOCK"."product_id", "public"."STOCK"."location_id", "public"."STOCK"."quantity_on_hand" FROM "public"."STOCK" WHERE "public"."STOCK"."stock_id" IN ($1,$2,$3,$4,$5,$6,$7,$8,$9,$10,$11,$12,$13,$14,$15,$16,$17,$18,$19,$20) OFFSET $21
prisma:query SELECT "public"."STOCK"."stock_id", "public"."STOCK"."product_id", "public"."STOCK"."location_id", "public"."STOCK"."quantity_on_hand" FROM "public"."STOCK" WHERE "public"."STOCK"."product_id" = $1 LIMIT $2 OFFSET $3
prisma:query SELECT "public"."PRODUCT"."product_id", "public"."PRODUCT"."category_id", "public"."PRODUCT"."product_code", "public"."PRODUCT"."product_name", "public"."PRODUCT"."pack_size", "public"."PRODUCT"."selling_price" FROM "public"."PRODUCT" WHERE "public"."PRODUCT"."product_id" IN ($1,$2,$3,$4,$5,$6,$7,$8,$9,$10,$11,$12,$13,$14,$15,$16,$17,$18,$19,$20) OFFSET $21
prisma:query DELETE FROM "public"."PRODUCT" WHERE ("public"."PRODUCT"."product_id" = $1 AND 1=1) RETURNING "public"."PRODUCT"."product_id", "public"."PRODUCT"."category_id", "public"."PRODUCT"."product_code", "public"."PRODUCT"."product_name", "public"."PRODUCT"."pack_size", "public"."PRODUCT"."selling_price"
prisma:error 
Invalid `__TURBOPACK__imported__module__$5b$project$5d2f$lib$2f$prisma$2e$ts__$5b$app$2d$route$5d$__$28$ecmascript$29$__["prisma"].product.delete()` invocation in
/app/.next/dev/server/chunks/[root-of-the-server]__10d~d~r._.js:495:163

  492     }
  493 });
  494 if (hasStock) throw new Error("Cannot delete product with existing stock entries");
→ 495 const product = await __TURBOPACK__imported__module__$5b$project$5d2f$lib$2f$prisma$2e$ts__$5b$app$2d$route$5d$__$28$ecmascript$29$__["prisma"].product.delete(
An operation failed because it depends on one or more records that were required but not found. No record was found for a delete.
 DELETE /api/products/9999 400 in 420ms (next.js: 8ms, application-code: 412ms)
prisma:query SELECT "public"."USER"."user_id", "public"."USER"."role_id", "public"."USER"."full_name", "public"."USER"."username", "public"."USER"."password_hash" FROM "public"."USER" WHERE "public"."USER"."user_id" IN ($1,$2,$3,$4,$5,$6,$7,$8,$9,$10,$11,$12,$13,$14,$15,$16,$17,$18,$19,$20) OFFSET $21
prisma:query SELECT "public"."STOCK_MOVEMENT"."movement_id", "public"."STOCK_MOVEMENT"."stock_id", "public"."STOCK_MOVEMENT"."created_by", "public"."STOCK_MOVEMENT"."movement_type"::text, "public"."STOCK_MOVEMENT"."quantity", "public"."STOCK_MOVEMENT"."movement_date", "public"."STOCK_MOVEMENT"."notes", "public"."STOCK_MOVEMENT"."product_id" FROM "public"."STOCK_MOVEMENT" WHERE ("public"."STOCK_MOVEMENT"."movement_id" = $1 AND 1=1) LIMIT $2 OFFSET $3
[DELETE /api/stock-movements/9999] Error: Movement not found
    at deleteMovement (lib/inventoryService.ts:457:24)
    at async DELETE (app/api/stock-movements/[movementId]/route.ts:7:5)
  455 | export async function deleteMovement(movementId: number) {
  456 |   const movement = await prisma.stockMovement.findUnique({ where: { movement_id: movement...
> 457 |   if (!movement) throw new Error("Movement not found");
      |                        ^
  458 |
  459 |   const stock = await prisma.stock.findUnique({ where: { stock_id: movement.stock_id } });
  460 |   if (!stock) throw new Error("Stock not found");
 DELETE /api/stock-movements/9999 400 in 877ms (next.js: 82ms, application-code: 794ms)
prisma:query SELECT "public"."INVENTORY_LOCATION"."location_id", "public"."INVENTORY_LOCATION"."code", "public"."INVENTORY_LOCATION"."name" FROM "public"."INVENTORY_LOCATION" WHERE "public"."INVENTORY_LOCATION"."location_id" IN ($1,$2,$3,$4) OFFSET $5
prisma:query COMMIT
 GET /inventory 200 in 8.1s (next.js: 21ms, application-code: 8.1s)
prisma:query SELECT "public"."INVENTORY_LOCATION"."location_id", "public"."INVENTORY_LOCATION"."code", "public"."INVENTORY_LOCATION"."name" FROM "public"."INVENTORY_LOCATION" WHERE 1=1 ORDER BY "public"."INVENTORY_LOCATION"."location_id" ASC OFFSET $1
 GET /api/locations 200 in 408ms (next.js: 39ms, application-code: 369ms)
prisma:query SELECT COUNT(*) AS "_count$_all" FROM (SELECT "public"."STOCK"."stock_id" FROM "public"."STOCK" WHERE 1=1 OFFSET $1) AS "sub"
prisma:query SELECT "public"."STOCK"."stock_id", "public"."STOCK"."product_id", "public"."STOCK"."location_id", "public"."STOCK"."quantity_on_hand" FROM "public"."STOCK" LEFT JOIN "public"."INVENTORY_LOCATION" AS "orderby_1" ON ("orderby_1"."location_id") = ("public"."STOCK"."location_id") LEFT JOIN "public"."PRODUCT" AS "orderby_2" ON ("orderby_2"."product_id") = ("public"."STOCK"."product_id") WHERE 1=1 ORDER BY "orderby_1"."location_id" ASC, "orderby_2"."product_name" ASC LIMIT $1 OFFSET $2
prisma:query SELECT "public"."PRODUCT"."product_id", "public"."PRODUCT"."category_id", "public"."PRODUCT"."product_code", "public"."PRODUCT"."product_name", "public"."PRODUCT"."pack_size", "public"."PRODUCT"."selling_price" FROM "public"."PRODUCT" WHERE "public"."PRODUCT"."product_id" IN ($1,$2,$3,$4,$5,$6,$7,$8,$9,$10,$11,$12,$13,$14,$15,$16,$17) OFFSET $18
prisma:query SELECT "public"."INVENTORY_LOCATION"."location_id", "public"."INVENTORY_LOCATION"."code", "public"."INVENTORY_LOCATION"."name" FROM "public"."INVENTORY_LOCATION" WHERE "public"."INVENTORY_LOCATION"."location_id" IN ($1,$2,$3,$4,$5,$6,$7,$8,$9,$10,$11,$12,$13,$14,$15,$16,$17) OFFSET $18
prisma:query SELECT "public"."CATEGORY"."category_id", "public"."CATEGORY"."name", "public"."CATEGORY"."tag" FROM "public"."CATEGORY" WHERE "public"."CATEGORY"."category_id" IN ($1,$2,$3,$4,$5,$6,$7,$8,$9,$10,$11,$12,$13) OFFSET $14
prisma:query COMMIT
prisma:query 
      SELECT
        l.location_id,
        l.code,
        l.name,
        COUNT(s.stock_id)                                                     AS total_products,
        COALESCE(SUM(s.quantity_on_hand), 0)                                  AS total_units,
        COUNT(CASE WHEN s.quantity_on_hand > 0
                    AND s.quantity_on_hand < $1 THEN 1 END)     AS low_count,
        COUNT(CASE WHEN s.quantity_on_hand <= 0              THEN 1 END)      AS out_count
      FROM "INVENTORY_LOCATION" l
      LEFT JOIN "STOCK" s ON s.location_id = l.location_id
      GROUP BY l.location_id, l.code, l.name
      ORDER BY l.location_id
    
prisma:query SELECT COUNT(*) AS "_count$_all" FROM (SELECT "public"."STOCK_MOVEMENT"."movement_id" FROM "public"."STOCK_MOVEMENT" WHERE 1=1 OFFSET $1) AS "sub"
prisma:query SELECT "public"."STOCK_MOVEMENT"."movement_id", "public"."STOCK_MOVEMENT"."stock_id", "public"."STOCK_MOVEMENT"."created_by", "public"."STOCK_MOVEMENT"."movement_type"::text, "public"."STOCK_MOVEMENT"."quantity", "public"."STOCK_MOVEMENT"."movement_date", "public"."STOCK_MOVEMENT"."notes", "public"."STOCK_MOVEMENT"."product_id" FROM "public"."STOCK_MOVEMENT" WHERE 1=1 ORDER BY "public"."STOCK_MOVEMENT"."movement_date" DESC LIMIT $1 OFFSET $2
prisma:query SELECT "public"."STOCK"."stock_id", "public"."STOCK"."product_id", "public"."STOCK"."location_id", "public"."STOCK"."quantity_on_hand" FROM "public"."STOCK" WHERE "public"."STOCK"."stock_id" IN ($1,$2,$3,$4,$5,$6,$7,$8,$9,$10,$11,$12,$13,$14,$15,$16,$17,$18,$19,$20) OFFSET $21
prisma:query SELECT "public"."PRODUCT"."product_id", "public"."PRODUCT"."category_id", "public"."PRODUCT"."product_code", "public"."PRODUCT"."product_name", "public"."PRODUCT"."pack_size", "public"."PRODUCT"."selling_price" FROM "public"."PRODUCT" WHERE "public"."PRODUCT"."product_id" IN ($1,$2,$3,$4,$5,$6,$7,$8,$9,$10,$11,$12,$13,$14,$15,$16,$17,$18,$19,$20) OFFSET $21
prisma:query SELECT "public"."USER"."user_id", "public"."USER"."role_id", "public"."USER"."full_name", "public"."USER"."username", "public"."USER"."password_hash" FROM "public"."USER" WHERE "public"."USER"."user_id" IN ($1,$2,$3,$4,$5,$6,$7,$8,$9,$10,$11,$12,$13,$14,$15,$16,$17,$18,$19,$20) OFFSET $21
prisma:query SELECT "public"."INVENTORY_LOCATION"."location_id", "public"."INVENTORY_LOCATION"."code", "public"."INVENTORY_LOCATION"."name" FROM "public"."INVENTORY_LOCATION" WHERE "public"."INVENTORY_LOCATION"."location_id" IN ($1,$2,$3,$4) OFFSET $5
prisma:query COMMIT
 GET /inventory 200 in 5.3s (next.js: 66ms, application-code: 5.2s)
prisma:query SELECT "public"."INVENTORY_LOCATION"."location_id", "public"."INVENTORY_LOCATION"."code", "public"."INVENTORY_LOCATION"."name" FROM "public"."INVENTORY_LOCATION" WHERE 1=1 ORDER BY "public"."INVENTORY_LOCATION"."location_id" ASC OFFSET $1
 GET /api/locations 200 in 224ms (next.js: 10ms, application-code: 213ms)
prisma:query SELECT COUNT(*) AS "_count$_all" FROM (SELECT "public"."STOCK"."stock_id" FROM "public"."STOCK" WHERE 1=1 OFFSET $1) AS "sub"
prisma:query SELECT "public"."STOCK"."stock_id", "public"."STOCK"."product_id", "public"."STOCK"."location_id", "public"."STOCK"."quantity_on_hand" FROM "public"."STOCK" LEFT JOIN "public"."INVENTORY_LOCATION" AS "orderby_1" ON ("orderby_1"."location_id") = ("public"."STOCK"."location_id") LEFT JOIN "public"."PRODUCT" AS "orderby_2" ON ("orderby_2"."product_id") = ("public"."STOCK"."product_id") WHERE 1=1 ORDER BY "orderby_1"."location_id" ASC, "orderby_2"."product_name" ASC LIMIT $1 OFFSET $2
prisma:query SELECT "public"."PRODUCT"."product_id", "public"."PRODUCT"."category_id", "public"."PRODUCT"."product_code", "public"."PRODUCT"."product_name", "public"."PRODUCT"."pack_size", "public"."PRODUCT"."selling_price" FROM "public"."PRODUCT" WHERE "public"."PRODUCT"."product_id" IN ($1,$2,$3,$4,$5,$6,$7,$8,$9,$10,$11,$12,$13,$14,$15,$16,$17) OFFSET $18
prisma:query SELECT "public"."INVENTORY_LOCATION"."location_id", "public"."INVENTORY_LOCATION"."code", "public"."INVENTORY_LOCATION"."name" FROM "public"."INVENTORY_LOCATION" WHERE "public"."INVENTORY_LOCATION"."location_id" IN ($1,$2,$3,$4,$5,$6,$7,$8,$9,$10,$11,$12,$13,$14,$15,$16,$17) OFFSET $18
prisma:query SELECT "public"."CATEGORY"."category_id", "public"."CATEGORY"."name", "public"."CATEGORY"."tag" FROM "public"."CATEGORY" WHERE "public"."CATEGORY"."category_id" IN ($1,$2,$3,$4,$5,$6,$7,$8,$9,$10,$11,$12,$13) OFFSET $14
prisma:query COMMIT
prisma:query SELECT COUNT(*) AS "_count$_all" FROM (SELECT "public"."STOCK_MOVEMENT"."movement_id" FROM "public"."STOCK_MOVEMENT" WHERE 1=1 OFFSET $1) AS "sub"
prisma:query SELECT "public"."STOCK_MOVEMENT"."movement_id", "public"."STOCK_MOVEMENT"."stock_id", "public"."STOCK_MOVEMENT"."created_by", "public"."STOCK_MOVEMENT"."movement_type"::text, "public"."STOCK_MOVEMENT"."quantity", "public"."STOCK_MOVEMENT"."movement_date", "public"."STOCK_MOVEMENT"."notes", "public"."STOCK_MOVEMENT"."product_id" FROM "public"."STOCK_MOVEMENT" WHERE 1=1 ORDER BY "public"."STOCK_MOVEMENT"."movement_date" DESC LIMIT $1 OFFSET $2
prisma:query SELECT "public"."STOCK"."stock_id", "public"."STOCK"."product_id", "public"."STOCK"."location_id", "public"."STOCK"."quantity_on_hand" FROM "public"."STOCK" WHERE "public"."STOCK"."stock_id" IN ($1,$2,$3,$4,$5,$6,$7,$8,$9,$10,$11,$12,$13,$14,$15,$16,$17,$18,$19,$20) OFFSET $21
prisma:query SELECT "public"."PRODUCT"."product_id", "public"."PRODUCT"."category_id", "public"."PRODUCT"."product_code", "public"."PRODUCT"."product_name", "public"."PRODUCT"."pack_size", "public"."PRODUCT"."selling_price" FROM "public"."PRODUCT" WHERE "public"."PRODUCT"."product_id" IN ($1,$2,$3,$4,$5,$6,$7,$8,$9,$10,$11,$12,$13,$14,$15,$16,$17,$18,$19,$20) OFFSET $21
prisma:query SELECT "public"."USER"."user_id", "public"."USER"."role_id", "public"."USER"."full_name", "public"."USER"."username", "public"."USER"."password_hash" FROM "public"."USER" WHERE "public"."USER"."user_id" IN ($1,$2,$3,$4,$5,$6,$7,$8,$9,$10,$11,$12,$13,$14,$15,$16,$17,$18,$19,$20) OFFSET $21
prisma:query SELECT "public"."INVENTORY_LOCATION"."location_id", "public"."INVENTORY_LOCATION"."code", "public"."INVENTORY_LOCATION"."name" FROM "public"."INVENTORY_LOCATION" WHERE "public"."INVENTORY_LOCATION"."location_id" IN ($1,$2,$3,$4) OFFSET $5
prisma:query COMMIT
 GET /inventory 200 in 3.1s (next.js: 3ms, application-code: 3.1s)
prisma:query SELECT "public"."INVENTORY_LOCATION"."location_id", "public"."INVENTORY_LOCATION"."code", "public"."INVENTORY_LOCATION"."name" FROM "public"."INVENTORY_LOCATION" WHERE 1=1 ORDER BY "public"."INVENTORY_LOCATION"."location_id" ASC OFFSET $1
 GET /api/locations 200 in 212ms (next.js: 5ms, application-code: 207ms)
prisma:query SELECT COUNT(*) AS "_count$_all" FROM (SELECT "public"."STOCK"."stock_id" FROM "public"."STOCK" WHERE 1=1 OFFSET $1) AS "sub"
prisma:query SELECT "public"."STOCK"."stock_id", "public"."STOCK"."product_id", "public"."STOCK"."location_id", "public"."STOCK"."quantity_on_hand" FROM "public"."STOCK" LEFT JOIN "public"."INVENTORY_LOCATION" AS "orderby_1" ON ("orderby_1"."location_id") = ("public"."STOCK"."location_id") LEFT JOIN "public"."PRODUCT" AS "orderby_2" ON ("orderby_2"."product_id") = ("public"."STOCK"."product_id") WHERE 1=1 ORDER BY "orderby_1"."location_id" ASC, "orderby_2"."product_name" ASC LIMIT $1 OFFSET $2
prisma:query SELECT "public"."PRODUCT"."product_id", "public"."PRODUCT"."category_id", "public"."PRODUCT"."product_code", "public"."PRODUCT"."product_name", "public"."PRODUCT"."pack_size", "public"."PRODUCT"."selling_price" FROM "public"."PRODUCT" WHERE "public"."PRODUCT"."product_id" IN ($1,$2,$3,$4,$5,$6,$7,$8,$9,$10,$11,$12,$13,$14,$15,$16,$17) OFFSET $18
prisma:query SELECT "public"."INVENTORY_LOCATION"."location_id", "public"."INVENTORY_LOCATION"."code", "public"."INVENTORY_LOCATION"."name" FROM "public"."INVENTORY_LOCATION" WHERE "public"."INVENTORY_LOCATION"."location_id" IN ($1,$2,$3,$4,$5,$6,$7,$8,$9,$10,$11,$12,$13,$14,$15,$16,$17) OFFSET $18
prisma:query SELECT "public"."CATEGORY"."category_id", "public"."CATEGORY"."name", "public"."CATEGORY"."tag" FROM "public"."CATEGORY" WHERE "public"."CATEGORY"."category_id" IN ($1,$2,$3,$4,$5,$6,$7,$8,$9,$10,$11,$12,$13) OFFSET $14
prisma:query COMMIT
prisma:query SELECT COUNT(*) AS "_count$_all" FROM (SELECT "public"."STOCK_MOVEMENT"."movement_id" FROM "public"."STOCK_MOVEMENT" WHERE 1=1 OFFSET $1) AS "sub"
prisma:query SELECT "public"."STOCK_MOVEMENT"."movement_id", "public"."STOCK_MOVEMENT"."stock_id", "public"."STOCK_MOVEMENT"."created_by", "public"."STOCK_MOVEMENT"."movement_type"::text, "public"."STOCK_MOVEMENT"."quantity", "public"."STOCK_MOVEMENT"."movement_date", "public"."STOCK_MOVEMENT"."notes", "public"."STOCK_MOVEMENT"."product_id" FROM "public"."STOCK_MOVEMENT" WHERE 1=1 ORDER BY "public"."STOCK_MOVEMENT"."movement_date" DESC LIMIT $1 OFFSET $2
prisma:query SELECT "public"."STOCK"."stock_id", "public"."STOCK"."product_id", "public"."STOCK"."location_id", "public"."STOCK"."quantity_on_hand" FROM "public"."STOCK" WHERE "public"."STOCK"."stock_id" IN ($1,$2,$3,$4,$5,$6,$7,$8,$9,$10,$11,$12,$13,$14,$15,$16,$17,$18,$19,$20) OFFSET $21
prisma:query SELECT "public"."PRODUCT"."product_id", "public"."PRODUCT"."category_id", "public"."PRODUCT"."product_code", "public"."PRODUCT"."product_name", "public"."PRODUCT"."pack_size", "public"."PRODUCT"."selling_price" FROM "public"."PRODUCT" WHERE "public"."PRODUCT"."product_id" IN ($1,$2,$3,$4,$5,$6,$7,$8,$9,$10,$11,$12,$13,$14,$15,$16,$17,$18,$19,$20) OFFSET $21
prisma:query SELECT "public"."USER"."user_id", "public"."USER"."role_id", "public"."USER"."full_name", "public"."USER"."username", "public"."USER"."password_hash" FROM "public"."USER" WHERE "public"."USER"."user_id" IN ($1,$2,$3,$4,$5,$6,$7,$8,$9,$10,$11,$12,$13,$14,$15,$16,$17,$18,$19,$20) OFFSET $21
prisma:query SELECT "public"."INVENTORY_LOCATION"."location_id", "public"."INVENTORY_LOCATION"."code", "public"."INVENTORY_LOCATION"."name" FROM "public"."INVENTORY_LOCATION" WHERE "public"."INVENTORY_LOCATION"."location_id" IN ($1,$2,$3,$4) OFFSET $5
prisma:query COMMIT
 GET /inventory 200 in 3.1s (next.js: 3ms, application-code: 3.1s)
prisma:query SELECT "public"."INVENTORY_LOCATION"."location_id", "public"."INVENTORY_LOCATION"."code", "public"."INVENTORY_LOCATION"."name" FROM "public"."INVENTORY_LOCATION" WHERE 1=1 ORDER BY "public"."INVENTORY_LOCATION"."location_id" ASC OFFSET $1
 GET /api/locations 200 in 207ms (next.js: 7ms, application-code: 199ms)
prisma:query SELECT COUNT(*) AS "_count$_all" FROM (SELECT "public"."STOCK"."stock_id" FROM "public"."STOCK" WHERE 1=1 OFFSET $1) AS "sub"
prisma:query SELECT "public"."STOCK"."stock_id", "public"."STOCK"."product_id", "public"."STOCK"."location_id", "public"."STOCK"."quantity_on_hand" FROM "public"."STOCK" LEFT JOIN "public"."INVENTORY_LOCATION" AS "orderby_1" ON ("orderby_1"."location_id") = ("public"."STOCK"."location_id") LEFT JOIN "public"."PRODUCT" AS "orderby_2" ON ("orderby_2"."product_id") = ("public"."STOCK"."product_id") WHERE 1=1 ORDER BY "orderby_1"."location_id" ASC, "orderby_2"."product_name" ASC LIMIT $1 OFFSET $2
prisma:query SELECT "public"."PRODUCT"."product_id", "public"."PRODUCT"."category_id", "public"."PRODUCT"."product_code", "public"."PRODUCT"."product_name", "public"."PRODUCT"."pack_size", "public"."PRODUCT"."selling_price" FROM "public"."PRODUCT" WHERE "public"."PRODUCT"."product_id" IN ($1,$2,$3,$4,$5,$6,$7,$8,$9,$10,$11,$12,$13,$14,$15,$16,$17) OFFSET $18
prisma:query SELECT "public"."INVENTORY_LOCATION"."location_id", "public"."INVENTORY_LOCATION"."code", "public"."INVENTORY_LOCATION"."name" FROM "public"."INVENTORY_LOCATION" WHERE "public"."INVENTORY_LOCATION"."location_id" IN ($1,$2,$3,$4,$5,$6,$7,$8,$9,$10,$11,$12,$13,$14,$15,$16,$17) OFFSET $18
prisma:query SELECT "public"."CATEGORY"."category_id", "public"."CATEGORY"."name", "public"."CATEGORY"."tag" FROM "public"."CATEGORY" WHERE "public"."CATEGORY"."category_id" IN ($1,$2,$3,$4,$5,$6,$7,$8,$9,$10,$11,$12,$13) OFFSET $14
prisma:query COMMIT
prisma:query SELECT COUNT(*) AS "_count$_all" FROM (SELECT "public"."STOCK_MOVEMENT"."movement_id" FROM "public"."STOCK_MOVEMENT" WHERE 1=1 OFFSET $1) AS "sub"
prisma:query SELECT "public"."STOCK_MOVEMENT"."movement_id", "public"."STOCK_MOVEMENT"."stock_id", "public"."STOCK_MOVEMENT"."created_by", "public"."STOCK_MOVEMENT"."movement_type"::text, "public"."STOCK_MOVEMENT"."quantity", "public"."STOCK_MOVEMENT"."movement_date", "public"."STOCK_MOVEMENT"."notes", "public"."STOCK_MOVEMENT"."product_id" FROM "public"."STOCK_MOVEMENT" WHERE 1=1 ORDER BY "public"."STOCK_MOVEMENT"."movement_date" DESC LIMIT $1 OFFSET $2
prisma:query SELECT "public"."STOCK"."stock_id", "public"."STOCK"."product_id", "public"."STOCK"."location_id", "public"."STOCK"."quantity_on_hand" FROM "public"."STOCK" WHERE "public"."STOCK"."stock_id" IN ($1,$2,$3,$4,$5,$6,$7,$8,$9,$10,$11,$12,$13,$14,$15,$16,$17,$18,$19,$20) OFFSET $21
prisma:query SELECT "public"."PRODUCT"."product_id", "public"."PRODUCT"."category_id", "public"."PRODUCT"."product_code", "public"."PRODUCT"."product_name", "public"."PRODUCT"."pack_size", "public"."PRODUCT"."selling_price" FROM "public"."PRODUCT" WHERE "public"."PRODUCT"."product_id" IN ($1,$2,$3,$4,$5,$6,$7,$8,$9,$10,$11,$12,$13,$14,$15,$16,$17,$18,$19,$20) OFFSET $21
prisma:query SELECT "public"."USER"."user_id", "public"."USER"."role_id", "public"."USER"."full_name", "public"."USER"."username", "public"."USER"."password_hash" FROM "public"."USER" WHERE "public"."USER"."user_id" IN ($1,$2,$3,$4,$5,$6,$7,$8,$9,$10,$11,$12,$13,$14,$15,$16,$17,$18,$19,$20) OFFSET $21
prisma:query SELECT "public"."INVENTORY_LOCATION"."location_id", "public"."INVENTORY_LOCATION"."code", "public"."INVENTORY_LOCATION"."name" FROM "public"."INVENTORY_LOCATION" WHERE "public"."INVENTORY_LOCATION"."location_id" IN ($1,$2,$3,$4) OFFSET $5
prisma:query COMMIT
 GET /inventory 200 in 3.1s (next.js: 3ms, application-code: 3.1s)
prisma:query SELECT "public"."INVENTORY_LOCATION"."location_id", "public"."INVENTORY_LOCATION"."code", "public"."INVENTORY_LOCATION"."name" FROM "public"."INVENTORY_LOCATION" WHERE 1=1 ORDER BY "public"."INVENTORY_LOCATION"."location_id" ASC OFFSET $1
 GET /api/locations 200 in 218ms (next.js: 3ms, application-code: 215ms)
prisma:query SELECT COUNT(*) AS "_count$_all" FROM (SELECT "public"."STOCK"."stock_id" FROM "public"."STOCK" WHERE 1=1 OFFSET $1) AS "sub"
prisma:query SELECT "public"."STOCK"."stock_id", "public"."STOCK"."product_id", "public"."STOCK"."location_id", "public"."STOCK"."quantity_on_hand" FROM "public"."STOCK" LEFT JOIN "public"."INVENTORY_LOCATION" AS "orderby_1" ON ("orderby_1"."location_id") = ("public"."STOCK"."location_id") LEFT JOIN "public"."PRODUCT" AS "orderby_2" ON ("orderby_2"."product_id") = ("public"."STOCK"."product_id") WHERE 1=1 ORDER BY "orderby_1"."location_id" ASC, "orderby_2"."product_name" ASC LIMIT $1 OFFSET $2
prisma:query SELECT "public"."PRODUCT"."product_id", "public"."PRODUCT"."category_id", "public"."PRODUCT"."product_code", "public"."PRODUCT"."product_name", "public"."PRODUCT"."pack_size", "public"."PRODUCT"."selling_price" FROM "public"."PRODUCT" WHERE "public"."PRODUCT"."product_id" IN ($1,$2,$3,$4,$5,$6,$7,$8,$9,$10,$11,$12,$13,$14,$15,$16,$17) OFFSET $18
prisma:query SELECT "public"."INVENTORY_LOCATION"."location_id", "public"."INVENTORY_LOCATION"."code", "public"."INVENTORY_LOCATION"."name" FROM "public"."INVENTORY_LOCATION" WHERE "public"."INVENTORY_LOCATION"."location_id" IN ($1,$2,$3,$4,$5,$6,$7,$8,$9,$10,$11,$12,$13,$14,$15,$16,$17) OFFSET $18
prisma:query SELECT "public"."CATEGORY"."category_id", "public"."CATEGORY"."name", "public"."CATEGORY"."tag" FROM "public"."CATEGORY" WHERE "public"."CATEGORY"."category_id" IN ($1,$2,$3,$4,$5,$6,$7,$8,$9,$10,$11,$12,$13) OFFSET $14
prisma:query COMMIT
prisma:query SELECT COUNT(*) AS "_count$_all" FROM (SELECT "public"."STOCK_MOVEMENT"."movement_id" FROM "public"."STOCK_MOVEMENT" WHERE 1=1 OFFSET $1) AS "sub"
prisma:query SELECT "public"."STOCK_MOVEMENT"."movement_id", "public"."STOCK_MOVEMENT"."stock_id", "public"."STOCK_MOVEMENT"."created_by", "public"."STOCK_MOVEMENT"."movement_type"::text, "public"."STOCK_MOVEMENT"."quantity", "public"."STOCK_MOVEMENT"."movement_date", "public"."STOCK_MOVEMENT"."notes", "public"."STOCK_MOVEMENT"."product_id" FROM "public"."STOCK_MOVEMENT" WHERE 1=1 ORDER BY "public"."STOCK_MOVEMENT"."movement_date" DESC LIMIT $1 OFFSET $2
prisma:query SELECT "public"."STOCK"."stock_id", "public"."STOCK"."product_id", "public"."STOCK"."location_id", "public"."STOCK"."quantity_on_hand" FROM "public"."STOCK" WHERE "public"."STOCK"."stock_id" IN ($1,$2,$3,$4,$5,$6,$7,$8,$9,$10,$11,$12,$13,$14,$15,$16,$17,$18,$19,$20) OFFSET $21
prisma:query SELECT "public"."PRODUCT"."product_id", "public"."PRODUCT"."category_id", "public"."PRODUCT"."product_code", "public"."PRODUCT"."product_name", "public"."PRODUCT"."pack_size", "public"."PRODUCT"."selling_price" FROM "public"."PRODUCT" WHERE "public"."PRODUCT"."product_id" IN ($1,$2,$3,$4,$5,$6,$7,$8,$9,$10,$11,$12,$13,$14,$15,$16,$17,$18,$19,$20) OFFSET $21
prisma:query SELECT "public"."USER"."user_id", "public"."USER"."role_id", "public"."USER"."full_name", "public"."USER"."username", "public"."USER"."password_hash" FROM "public"."USER" WHERE "public"."USER"."user_id" IN ($1,$2,$3,$4,$5,$6,$7,$8,$9,$10,$11,$12,$13,$14,$15,$16,$17,$18,$19,$20) OFFSET $21
prisma:query SELECT "public"."INVENTORY_LOCATION"."location_id", "public"."INVENTORY_LOCATION"."code", "public"."INVENTORY_LOCATION"."name" FROM "public"."INVENTORY_LOCATION" WHERE "public"."INVENTORY_LOCATION"."location_id" IN ($1,$2,$3,$4) OFFSET $5
prisma:query COMMIT
 GET /inventory 200 in 3.0s (next.js: 3ms, application-code: 3.0s)
prisma:query SELECT "public"."INVENTORY_LOCATION"."location_id", "public"."INVENTORY_LOCATION"."code", "public"."INVENTORY_LOCATION"."name" FROM "public"."INVENTORY_LOCATION" WHERE 1=1 ORDER BY "public"."INVENTORY_LOCATION"."location_id" ASC OFFSET $1
 GET /api/locations 200 in 202ms (next.js: 3ms, application-code: 200ms)
prisma:query SELECT "public"."INVENTORY_LOCATION"."location_id", "public"."INVENTORY_LOCATION"."code", "public"."INVENTORY_LOCATION"."name" FROM "public"."INVENTORY_LOCATION" WHERE "public"."INVENTORY_LOCATION"."location_id" IN ($1,$2) OFFSET $3
prisma:query SELECT COUNT(*) AS "_count$_all" FROM (SELECT "public"."STOCK"."stock_id" FROM "public"."STOCK" WHERE "public"."STOCK"."location_id" = $1 OFFSET $2) AS "sub"
prisma:query SELECT "public"."STOCK"."stock_id", "public"."STOCK"."product_id", "public"."STOCK"."location_id", "public"."STOCK"."quantity_on_hand" FROM "public"."STOCK" LEFT JOIN "public"."INVENTORY_LOCATION" AS "orderby_1" ON ("orderby_1"."location_id") = ("public"."STOCK"."location_id") LEFT JOIN "public"."PRODUCT" AS "orderby_2" ON ("orderby_2"."product_id") = ("public"."STOCK"."product_id") WHERE "public"."STOCK"."location_id" = $1 ORDER BY "orderby_1"."location_id" ASC, "orderby_2"."product_name" ASC LIMIT $2 OFFSET $3
prisma:query SELECT "public"."PRODUCT"."product_id", "public"."PRODUCT"."category_id", "public"."PRODUCT"."product_code", "public"."PRODUCT"."product_name", "public"."PRODUCT"."pack_size", "public"."PRODUCT"."selling_price" FROM "public"."PRODUCT" WHERE "public"."PRODUCT"."product_id" IN ($1,$2,$3,$4) OFFSET $5
prisma:query SELECT "public"."INVENTORY_LOCATION"."location_id", "public"."INVENTORY_LOCATION"."code", "public"."INVENTORY_LOCATION"."name" FROM "public"."INVENTORY_LOCATION" WHERE "public"."INVENTORY_LOCATION"."location_id" IN ($1,$2,$3,$4) OFFSET $5
prisma:query SELECT "public"."CATEGORY"."category_id", "public"."CATEGORY"."name", "public"."CATEGORY"."tag" FROM "public"."CATEGORY" WHERE "public"."CATEGORY"."category_id" IN ($1,$2,$3,$4) OFFSET $5
prisma:query SELECT COUNT(*) AS "_count$_all" FROM (SELECT "public"."STOCK_MOVEMENT"."movement_id" FROM "public"."STOCK_MOVEMENT" LEFT JOIN "public"."STOCK" AS "j0" ON ("j0"."stock_id") = ("public"."STOCK_MOVEMENT"."stock_id") WHERE ("j0"."location_id" = $1 AND ("j0"."stock_id" IS NOT NULL)) OFFSET $2) AS "sub"
prisma:query COMMIT
prisma:query SELECT "public"."STOCK_MOVEMENT"."movement_id", "public"."STOCK_MOVEMENT"."stock_id", "public"."STOCK_MOVEMENT"."created_by", "public"."STOCK_MOVEMENT"."movement_type"::text, "public"."STOCK_MOVEMENT"."quantity", "public"."STOCK_MOVEMENT"."movement_date", "public"."STOCK_MOVEMENT"."notes", "public"."STOCK_MOVEMENT"."product_id" FROM "public"."STOCK_MOVEMENT" LEFT JOIN "public"."STOCK" AS "j0" ON ("j0"."stock_id") = ("public"."STOCK_MOVEMENT"."stock_id") WHERE ("j0"."location_id" = $1 AND ("j0"."stock_id" IS NOT NULL)) ORDER BY "public"."STOCK_MOVEMENT"."movement_date" DESC LIMIT $2 OFFSET $3
prisma:query SELECT "public"."STOCK"."stock_id", "public"."STOCK"."product_id", "public"."STOCK"."location_id", "public"."STOCK"."quantity_on_hand" FROM "public"."STOCK" WHERE "public"."STOCK"."stock_id" IN ($1,$2,$3,$4,$5,$6,$7,$8,$9,$10,$11,$12,$13,$14,$15,$16,$17,$18,$19,$20) OFFSET $21
prisma:query SELECT "public"."PRODUCT"."product_id", "public"."PRODUCT"."category_id", "public"."PRODUCT"."product_code", "public"."PRODUCT"."product_name", "public"."PRODUCT"."pack_size", "public"."PRODUCT"."selling_price" FROM "public"."PRODUCT" WHERE "public"."PRODUCT"."product_id" IN ($1,$2,$3,$4,$5,$6,$7,$8,$9,$10,$11,$12,$13,$14,$15,$16,$17,$18,$19,$20) OFFSET $21
prisma:query SELECT "public"."USER"."user_id", "public"."USER"."role_id", "public"."USER"."full_name", "public"."USER"."username", "public"."USER"."password_hash" FROM "public"."USER" WHERE "public"."USER"."user_id" IN ($1,$2,$3,$4,$5,$6,$7,$8,$9,$10,$11,$12,$13,$14,$15,$16,$17,$18,$19,$20) OFFSET $21
prisma:query SELECT "public"."INVENTORY_LOCATION"."location_id", "public"."INVENTORY_LOCATION"."code", "public"."INVENTORY_LOCATION"."name" FROM "public"."INVENTORY_LOCATION" WHERE "public"."INVENTORY_LOCATION"."location_id" IN ($1,$2,$3,$4) OFFSET $5
prisma:query COMMIT
⨯ TypeError: stock.reduce is not a function
    at eval (components/LocationStockPage.tsx:454:25)
    at LocationStockPage (components/LocationStockPage.tsx:451:24)
  452 |     () => ({
  453 |       totalProducts: stockTotal,
> 454 |       totalUnits: stock.reduce((a, b) => a + b.quantity_on_hand, 0), // Approximation for...
      |                         ^
  455 |       low: stock.filter((r) => r.status === "low").length,
  456 |       out: stock.filter((r) => r.status === "out").length,
  457 |     }), {
  digest: '2813230891'
}
 GET /inventory/1 200 in 3.5s (next.js: 46ms, application-code: 3.4s)
[browser] Uncaught TypeError: stock.reduce is not a function
    at LocationStockPage.useMemo[stats] (components/LocationStockPage.tsx:454:25)
    at LocationStockPage (components/LocationStockPage.tsx:451:24)
    at LocationStockRoute (app/(dashboard)/inventory/[locationId]/page.tsx:37:5)
  452 |     () => ({
  453 |       totalProducts: stockTotal,
> 454 |       totalUnits: stock.reduce((a, b) => a + b.quantity_on_hand, 0), // Approximation for...
      |                         ^
  455 |       low: stock.filter((r) => r.status === "low").length,
  456 |       out: stock.filter((r) => r.status === "out").length,
  457 |     }),
prisma:query SELECT "public"."INVENTORY_LOCATION"."location_id", "public"."INVENTORY_LOCATION"."code", "public"."INVENTORY_LOCATION"."name" FROM "public"."INVENTORY_LOCATION" WHERE "public"."INVENTORY_LOCATION"."location_id" IN ($1,$2) OFFSET $3
prisma:query SELECT COUNT(*) AS "_count$_all" FROM (SELECT "public"."STOCK"."stock_id" FROM "public"."STOCK" WHERE "public"."STOCK"."location_id" = $1 OFFSET $2) AS "sub"
prisma:query SELECT COUNT(*) AS "_count$_all" FROM (SELECT "public"."STOCK_MOVEMENT"."movement_id" FROM "public"."STOCK_MOVEMENT" LEFT JOIN "public"."STOCK" AS "j0" ON ("j0"."stock_id") = ("public"."STOCK_MOVEMENT"."stock_id") WHERE ("j0"."location_id" = $1 AND ("j0"."stock_id" IS NOT NULL)) OFFSET $2) AS "sub"
prisma:query SELECT "public"."STOCK"."stock_id", "public"."STOCK"."product_id", "public"."STOCK"."location_id", "public"."STOCK"."quantity_on_hand" FROM "public"."STOCK" LEFT JOIN "public"."INVENTORY_LOCATION" AS "orderby_1" ON ("orderby_1"."location_id") = ("public"."STOCK"."location_id") LEFT JOIN "public"."PRODUCT" AS "orderby_2" ON ("orderby_2"."product_id") = ("public"."STOCK"."product_id") WHERE "public"."STOCK"."location_id" = $1 ORDER BY "orderby_1"."location_id" ASC, "orderby_2"."product_name" ASC LIMIT $2 OFFSET $3
prisma:query SELECT "public"."STOCK_MOVEMENT"."movement_id", "public"."STOCK_MOVEMENT"."stock_id", "public"."STOCK_MOVEMENT"."created_by", "public"."STOCK_MOVEMENT"."movement_type"::text, "public"."STOCK_MOVEMENT"."quantity", "public"."STOCK_MOVEMENT"."movement_date", "public"."STOCK_MOVEMENT"."notes", "public"."STOCK_MOVEMENT"."product_id" FROM "public"."STOCK_MOVEMENT" LEFT JOIN "public"."STOCK" AS "j0" ON ("j0"."stock_id") = ("public"."STOCK_MOVEMENT"."stock_id") WHERE ("j0"."location_id" = $1 AND ("j0"."stock_id" IS NOT NULL)) ORDER BY "public"."STOCK_MOVEMENT"."movement_date" DESC LIMIT $2 OFFSET $3
prisma:query SELECT "public"."PRODUCT"."product_id", "public"."PRODUCT"."category_id", "public"."PRODUCT"."product_code", "public"."PRODUCT"."product_name", "public"."PRODUCT"."pack_size", "public"."PRODUCT"."selling_price" FROM "public"."PRODUCT" WHERE "public"."PRODUCT"."product_id" IN ($1,$2,$3,$4) OFFSET $5
prisma:query SELECT "public"."STOCK"."stock_id", "public"."STOCK"."product_id", "public"."STOCK"."location_id", "public"."STOCK"."quantity_on_hand" FROM "public"."STOCK" WHERE "public"."STOCK"."stock_id" IN ($1,$2,$3,$4,$5,$6,$7,$8,$9,$10,$11,$12,$13,$14,$15,$16,$17,$18,$19,$20) OFFSET $21
prisma:query SELECT "public"."INVENTORY_LOCATION"."location_id", "public"."INVENTORY_LOCATION"."code", "public"."INVENTORY_LOCATION"."name" FROM "public"."INVENTORY_LOCATION" WHERE "public"."INVENTORY_LOCATION"."location_id" IN ($1,$2,$3,$4) OFFSET $5
prisma:query SELECT "public"."PRODUCT"."product_id", "public"."PRODUCT"."category_id", "public"."PRODUCT"."product_code", "public"."PRODUCT"."product_name", "public"."PRODUCT"."pack_size", "public"."PRODUCT"."selling_price" FROM "public"."PRODUCT" WHERE "public"."PRODUCT"."product_id" IN ($1,$2,$3,$4,$5,$6,$7,$8,$9,$10,$11,$12,$13,$14,$15,$16,$17,$18,$19,$20) OFFSET $21
prisma:query SELECT "public"."CATEGORY"."category_id", "public"."CATEGORY"."name", "public"."CATEGORY"."tag" FROM "public"."CATEGORY" WHERE "public"."CATEGORY"."category_id" IN ($1,$2,$3,$4) OFFSET $5
prisma:query SELECT "public"."USER"."user_id", "public"."USER"."role_id", "public"."USER"."full_name", "public"."USER"."username", "public"."USER"."password_hash" FROM "public"."USER" WHERE "public"."USER"."user_id" IN ($1,$2,$3,$4,$5,$6,$7,$8,$9,$10,$11,$12,$13,$14,$15,$16,$17,$18,$19,$20) OFFSET $21
prisma:query COMMIT
prisma:query SELECT "public"."INVENTORY_LOCATION"."location_id", "public"."INVENTORY_LOCATION"."code", "public"."INVENTORY_LOCATION"."name" FROM "public"."INVENTORY_LOCATION" WHERE "public"."INVENTORY_LOCATION"."location_id" IN ($1,$2,$3,$4) OFFSET $5
prisma:query COMMIT
⨯ TypeError: stock.reduce is not a function
    at eval (components/LocationStockPage.tsx:454:25)
    at LocationStockPage (components/LocationStockPage.tsx:451:24)
  452 |     () => ({
  453 |       totalProducts: stockTotal,
> 454 |       totalUnits: stock.reduce((a, b) => a + b.quantity_on_hand, 0), // Approximation for...
      |                         ^
  455 |       low: stock.filter((r) => r.status === "low").length,
  456 |       out: stock.filter((r) => r.status === "out").length,
  457 |     }), {
  digest: '2813230891'
}
 GET /inventory/1 200 in 2.5s (next.js: 38ms, application-code: 2.5s)
[browser] Uncaught TypeError: stock.reduce is not a function
    at LocationStockPage.useMemo[stats] (components/LocationStockPage.tsx:454:25)
    at LocationStockPage (components/LocationStockPage.tsx:451:24)
    at LocationStockRoute (app/(dashboard)/inventory/[locationId]/page.tsx:37:5)
  452 |     () => ({
  453 |       totalProducts: stockTotal,
> 454 |       totalUnits: stock.reduce((a, b) => a + b.quantity_on_hand, 0), // Approximation for...
      |                         ^
  455 |       low: stock.filter((r) => r.status === "low").length,
  456 |       out: stock.filter((r) => r.status === "out").length,
  457 |     }),
prisma:query SELECT "public"."INVENTORY_LOCATION"."location_id", "public"."INVENTORY_LOCATION"."code", "public"."INVENTORY_LOCATION"."name" FROM "public"."INVENTORY_LOCATION" WHERE "public"."INVENTORY_LOCATION"."location_id" IN ($1,$2) OFFSET $3
prisma:query SELECT COUNT(*) AS "_count$_all" FROM (SELECT "public"."STOCK"."stock_id" FROM "public"."STOCK" WHERE "public"."STOCK"."location_id" = $1 OFFSET $2) AS "sub"
prisma:query SELECT "public"."STOCK"."stock_id", "public"."STOCK"."product_id", "public"."STOCK"."location_id", "public"."STOCK"."quantity_on_hand" FROM "public"."STOCK" LEFT JOIN "public"."INVENTORY_LOCATION" AS "orderby_1" ON ("orderby_1"."location_id") = ("public"."STOCK"."location_id") LEFT JOIN "public"."PRODUCT" AS "orderby_2" ON ("orderby_2"."product_id") = ("public"."STOCK"."product_id") WHERE "public"."STOCK"."location_id" = $1 ORDER BY "orderby_1"."location_id" ASC, "orderby_2"."product_name" ASC LIMIT $2 OFFSET $3
prisma:query SELECT "public"."PRODUCT"."product_id", "public"."PRODUCT"."category_id", "public"."PRODUCT"."product_code", "public"."PRODUCT"."product_name", "public"."PRODUCT"."pack_size", "public"."PRODUCT"."selling_price" FROM "public"."PRODUCT" WHERE "public"."PRODUCT"."product_id" IN ($1,$2,$3,$4) OFFSET $5
prisma:query SELECT "public"."INVENTORY_LOCATION"."location_id", "public"."INVENTORY_LOCATION"."code", "public"."INVENTORY_LOCATION"."name" FROM "public"."INVENTORY_LOCATION" WHERE "public"."INVENTORY_LOCATION"."location_id" IN ($1,$2,$3,$4) OFFSET $5
prisma:query SELECT "public"."CATEGORY"."category_id", "public"."CATEGORY"."name", "public"."CATEGORY"."tag" FROM "public"."CATEGORY" WHERE "public"."CATEGORY"."category_id" IN ($1,$2,$3,$4) OFFSET $5
prisma:query SELECT COUNT(*) AS "_count$_all" FROM (SELECT "public"."STOCK_MOVEMENT"."movement_id" FROM "public"."STOCK_MOVEMENT" LEFT JOIN "public"."STOCK" AS "j0" ON ("j0"."stock_id") = ("public"."STOCK_MOVEMENT"."stock_id") WHERE ("j0"."location_id" = $1 AND ("j0"."stock_id" IS NOT NULL)) OFFSET $2) AS "sub"
prisma:query COMMIT
prisma:query SELECT "public"."STOCK_MOVEMENT"."movement_id", "public"."STOCK_MOVEMENT"."stock_id", "public"."STOCK_MOVEMENT"."created_by", "public"."STOCK_MOVEMENT"."movement_type"::text, "public"."STOCK_MOVEMENT"."quantity", "public"."STOCK_MOVEMENT"."movement_date", "public"."STOCK_MOVEMENT"."notes", "public"."STOCK_MOVEMENT"."product_id" FROM "public"."STOCK_MOVEMENT" LEFT JOIN "public"."STOCK" AS "j0" ON ("j0"."stock_id") = ("public"."STOCK_MOVEMENT"."stock_id") WHERE ("j0"."location_id" = $1 AND ("j0"."stock_id" IS NOT NULL)) ORDER BY "public"."STOCK_MOVEMENT"."movement_date" DESC LIMIT $2 OFFSET $3
prisma:query SELECT "public"."STOCK"."stock_id", "public"."STOCK"."product_id", "public"."STOCK"."location_id", "public"."STOCK"."quantity_on_hand" FROM "public"."STOCK" WHERE "public"."STOCK"."stock_id" IN ($1,$2,$3,$4,$5,$6,$7,$8,$9,$10,$11,$12,$13,$14,$15,$16,$17,$18,$19,$20) OFFSET $21
prisma:query SELECT "public"."PRODUCT"."product_id", "public"."PRODUCT"."category_id", "public"."PRODUCT"."product_code", "public"."PRODUCT"."product_name", "public"."PRODUCT"."pack_size", "public"."PRODUCT"."selling_price" FROM "public"."PRODUCT" WHERE "public"."PRODUCT"."product_id" IN ($1,$2,$3,$4,$5,$6,$7,$8,$9,$10,$11,$12,$13,$14,$15,$16,$17,$18,$19,$20) OFFSET $21
prisma:query SELECT "public"."USER"."user_id", "public"."USER"."role_id", "public"."USER"."full_name", "public"."USER"."username", "public"."USER"."password_hash" FROM "public"."USER" WHERE "public"."USER"."user_id" IN ($1,$2,$3,$4,$5,$6,$7,$8,$9,$10,$11,$12,$13,$14,$15,$16,$17,$18,$19,$20) OFFSET $21
prisma:query SELECT "public"."INVENTORY_LOCATION"."location_id", "public"."INVENTORY_LOCATION"."code", "public"."INVENTORY_LOCATION"."name" FROM "public"."INVENTORY_LOCATION" WHERE "public"."INVENTORY_LOCATION"."location_id" IN ($1,$2,$3,$4) OFFSET $5
prisma:query COMMIT
⨯ TypeError: stock.reduce is not a function
    at eval (components/LocationStockPage.tsx:454:25)
    at LocationStockPage (components/LocationStockPage.tsx:451:24)
  452 |     () => ({
  453 |       totalProducts: stockTotal,
> 454 |       totalUnits: stock.reduce((a, b) => a + b.quantity_on_hand, 0), // Approximation for...
      |                         ^
  455 |       low: stock.filter((r) => r.status === "low").length,
  456 |       out: stock.filter((r) => r.status === "out").length,
  457 |     }), {
  digest: '2813230891'
}
 GET /inventory/1 200 in 4.1s (next.js: 50ms, application-code: 4.1s)
[browser] Uncaught TypeError: stock.reduce is not a function
    at LocationStockPage.useMemo[stats] (components/LocationStockPage.tsx:454:25)
    at LocationStockPage (components/LocationStockPage.tsx:451:24)
    at LocationStockRoute (app/(dashboard)/inventory/[locationId]/page.tsx:37:5)
  452 |     () => ({
  453 |       totalProducts: stockTotal,
> 454 |       totalUnits: stock.reduce((a, b) => a + b.quantity_on_hand, 0), // Approximation for...
      |                         ^
  455 |       low: stock.filter((r) => r.status === "low").length,
  456 |       out: stock.filter((r) => r.status === "out").length,
  457 |     }),
prisma:query SELECT COUNT(*) AS "_count$_all" FROM (SELECT "public"."PRODUCT"."product_id" FROM "public"."PRODUCT" WHERE 1=1 OFFSET $1) AS "sub"
prisma:query SELECT "public"."PRODUCT"."product_id", "public"."PRODUCT"."category_id", "public"."PRODUCT"."product_code", "public"."PRODUCT"."product_name", "public"."PRODUCT"."pack_size", "public"."PRODUCT"."selling_price" FROM "public"."PRODUCT" WHERE 1=1 ORDER BY "public"."PRODUCT"."product_name" ASC LIMIT $1 OFFSET $2
prisma:query SELECT "public"."CATEGORY"."category_id", "public"."CATEGORY"."name", "public"."CATEGORY"."tag" FROM "public"."CATEGORY" WHERE "public"."CATEGORY"."category_id" IN ($1,$2,$3,$4,$5,$6,$7,$8,$9,$10,$11,$12,$13,$14,$15,$16,$17,$18,$19,$20) OFFSET $21
prisma:query COMMIT
⨯ TypeError: Cannot read properties of undefined (reading 'avgPrice')
    at ProductsPage (components/ProductsPage.tsx:137:32)
  135 |
  136 |   // Stats
> 137 |   const avgPrice = globalStats.avgPrice ? Math.round(globalStats.avgPrice) : 0;
      |                                ^
  138 |   const maxPrice = globalStats.maxPrice ? Math.round(globalStats.maxPrice) : 0;
  139 |   const uniqueCats = categories.length > 1 ? categories.length - 1 : 0;
  140 | {
  digest: '3912090503'
}
 GET /inventory/products 200 in 2.1s (next.js: 13ms, application-code: 2.1s)
[browser] Uncaught TypeError: Cannot read properties of undefined (reading 'avgPrice')
    at ProductsPage (components/ProductsPage.tsx:137:32)
    at ProductsRoute (app/(dashboard)/inventory/products/page.tsx:34:7)
  135 |
  136 |   // Stats
> 137 |   const avgPrice = globalStats.avgPrice ? Math.round(globalStats.avgPrice) : 0;
      |                                ^
  138 |   const maxPrice = globalStats.maxPrice ? Math.round(globalStats.maxPrice) : 0;
  139 |   const uniqueCats = categories.length > 1 ? categories.length - 1 : 0;
  140 |
prisma:query SELECT COUNT(*) AS "_count$_all" FROM (SELECT "public"."PRODUCT"."product_id" FROM "public"."PRODUCT" WHERE 1=1 OFFSET $1) AS "sub"
prisma:query SELECT "public"."PRODUCT"."product_id", "public"."PRODUCT"."category_id", "public"."PRODUCT"."product_code", "public"."PRODUCT"."product_name", "public"."PRODUCT"."pack_size", "public"."PRODUCT"."selling_price" FROM "public"."PRODUCT" WHERE 1=1 ORDER BY "public"."PRODUCT"."product_name" ASC LIMIT $1 OFFSET $2
prisma:query SELECT "public"."CATEGORY"."category_id", "public"."CATEGORY"."name", "public"."CATEGORY"."tag" FROM "public"."CATEGORY" WHERE "public"."CATEGORY"."category_id" IN ($1,$2,$3,$4,$5,$6,$7,$8,$9,$10,$11,$12,$13,$14,$15,$16,$17,$18,$19,$20) OFFSET $21
prisma:query COMMIT
⨯ TypeError: Cannot read properties of undefined (reading 'avgPrice')
    at ProductsPage (components/ProductsPage.tsx:137:32)
  135 |
  136 |   // Stats
> 137 |   const avgPrice = globalStats.avgPrice ? Math.round(globalStats.avgPrice) : 0;
      |                                ^
  138 |   const maxPrice = globalStats.maxPrice ? Math.round(globalStats.maxPrice) : 0;
  139 |   const uniqueCats = categories.length > 1 ? categories.length - 1 : 0;
  140 | {
  digest: '3912090503'
}
 GET /inventory/products 200 in 1177ms (next.js: 4ms, application-code: 1173ms)
[browser] Uncaught TypeError: Cannot read properties of undefined (reading 'avgPrice')
    at ProductsPage (components/ProductsPage.tsx:137:32)
    at ProductsRoute (app/(dashboard)/inventory/products/page.tsx:34:7)
  135 |
  136 |   // Stats
> 137 |   const avgPrice = globalStats.avgPrice ? Math.round(globalStats.avgPrice) : 0;
      |                                ^
  138 |   const maxPrice = globalStats.maxPrice ? Math.round(globalStats.maxPrice) : 0;
  139 |   const uniqueCats = categories.length > 1 ? categories.length - 1 : 0;
  140 |
prisma:query SELECT COUNT(*) AS "_count$_all" FROM (SELECT "public"."PRODUCT"."product_id" FROM "public"."PRODUCT" WHERE 1=1 OFFSET $1) AS "sub"
prisma:query SELECT "public"."PRODUCT"."product_id", "public"."PRODUCT"."category_id", "public"."PRODUCT"."product_code", "public"."PRODUCT"."product_name", "public"."PRODUCT"."pack_size", "public"."PRODUCT"."selling_price" FROM "public"."PRODUCT" WHERE 1=1 ORDER BY "public"."PRODUCT"."product_name" ASC LIMIT $1 OFFSET $2
prisma:query SELECT "public"."CATEGORY"."category_id", "public"."CATEGORY"."name", "public"."CATEGORY"."tag" FROM "public"."CATEGORY" WHERE "public"."CATEGORY"."category_id" IN ($1,$2,$3,$4,$5,$6,$7,$8,$9,$10,$11,$12,$13,$14,$15,$16,$17,$18,$19,$20) OFFSET $21
prisma:query COMMIT
⨯ TypeError: Cannot read properties of undefined (reading 'avgPrice')
    at ProductsPage (components/ProductsPage.tsx:137:32)
  135 |
  136 |   // Stats
> 137 |   const avgPrice = globalStats.avgPrice ? Math.round(globalStats.avgPrice) : 0;
      |                                ^
  138 |   const maxPrice = globalStats.maxPrice ? Math.round(globalStats.maxPrice) : 0;
  139 |   const uniqueCats = categories.length > 1 ? categories.length - 1 : 0;
  140 | {
  digest: '3912090503'
}
 GET /inventory/products 200 in 1426ms (next.js: 4ms, application-code: 1423ms)
[browser] Uncaught TypeError: Cannot read properties of undefined (reading 'avgPrice')
    at ProductsPage (components/ProductsPage.tsx:137:32)
    at ProductsRoute (app/(dashboard)/inventory/products/page.tsx:34:7)
  135 |
  136 |   // Stats
> 137 |   const avgPrice = globalStats.avgPrice ? Math.round(globalStats.avgPrice) : 0;
      |                                ^
  138 |   const maxPrice = globalStats.maxPrice ? Math.round(globalStats.maxPrice) : 0;
  139 |   const uniqueCats = categories.length > 1 ? categories.length - 1 : 0;
  140 |
prisma:query SELECT COUNT(*) AS "_count$_all" FROM (SELECT "public"."PRODUCT"."product_id" FROM "public"."PRODUCT" WHERE 1=1 OFFSET $1) AS "sub"
prisma:query SELECT "public"."PRODUCT"."product_id", "public"."PRODUCT"."category_id", "public"."PRODUCT"."product_code", "public"."PRODUCT"."product_name", "public"."PRODUCT"."pack_size", "public"."PRODUCT"."selling_price" FROM "public"."PRODUCT" WHERE 1=1 ORDER BY "public"."PRODUCT"."product_name" ASC LIMIT $1 OFFSET $2
prisma:query SELECT "public"."CATEGORY"."category_id", "public"."CATEGORY"."name", "public"."CATEGORY"."tag" FROM "public"."CATEGORY" WHERE "public"."CATEGORY"."category_id" IN ($1,$2,$3,$4,$5,$6,$7,$8,$9,$10,$11,$12,$13,$14,$15,$16,$17,$18,$19,$20) OFFSET $21
prisma:query COMMIT
⨯ TypeError: Cannot read properties of undefined (reading 'avgPrice')
    at ProductsPage (components/ProductsPage.tsx:137:32)
  135 |
  136 |   // Stats
> 137 |   const avgPrice = globalStats.avgPrice ? Math.round(globalStats.avgPrice) : 0;
      |                                ^
  138 |   const maxPrice = globalStats.maxPrice ? Math.round(globalStats.maxPrice) : 0;
  139 |   const uniqueCats = categories.length > 1 ? categories.length - 1 : 0;
  140 | {
  digest: '3912090503'
}
 GET /inventory/products 200 in 2.4s (next.js: 7ms, application-code: 2.4s)
[browser] Uncaught TypeError: Cannot read properties of undefined (reading 'avgPrice')
    at ProductsPage (components/ProductsPage.tsx:137:32)
    at ProductsRoute (app/(dashboard)/inventory/products/page.tsx:34:7)
  135 |
  136 |   // Stats
> 137 |   const avgPrice = globalStats.avgPrice ? Math.round(globalStats.avgPrice) : 0;
      |                                ^
  138 |   const maxPrice = globalStats.maxPrice ? Math.round(globalStats.maxPrice) : 0;
  139 |   const uniqueCats = categories.length > 1 ? categories.length - 1 : 0;
  140 |
 GET /inventory/movements 200 in 395ms (next.js: 7ms, application-code: 389ms)
 GET /inventory/movements 200 in 319ms (next.js: 3ms, application-code: 316ms)
prisma:query SELECT COUNT(*) AS "_count$_all" FROM (SELECT "public"."STOCK_MOVEMENT"."movement_id" FROM "public"."STOCK_MOVEMENT" WHERE 1=1 OFFSET $1) AS "sub"
prisma:query SELECT COUNT(*) AS "_count$_all" FROM (SELECT "public"."STOCK_MOVEMENT"."movement_id" FROM "public"."STOCK_MOVEMENT" WHERE "public"."STOCK_MOVEMENT"."movement_type" = CAST($1::text AS "public"."MovementType") OFFSET $2) AS "sub"
prisma:query SELECT "public"."STOCK_MOVEMENT"."movement_id", "public"."STOCK_MOVEMENT"."stock_id", "public"."STOCK_MOVEMENT"."created_by", "public"."STOCK_MOVEMENT"."movement_type"::text, "public"."STOCK_MOVEMENT"."quantity", "public"."STOCK_MOVEMENT"."movement_date", "public"."STOCK_MOVEMENT"."notes", "public"."STOCK_MOVEMENT"."product_id" FROM "public"."STOCK_MOVEMENT" WHERE 1=1 ORDER BY "public"."STOCK_MOVEMENT"."movement_date" DESC LIMIT $1 OFFSET $2
prisma:query SELECT "public"."STOCK_MOVEMENT"."movement_id", "public"."STOCK_MOVEMENT"."stock_id", "public"."STOCK_MOVEMENT"."created_by", "public"."STOCK_MOVEMENT"."movement_type"::text, "public"."STOCK_MOVEMENT"."quantity", "public"."STOCK_MOVEMENT"."movement_date", "public"."STOCK_MOVEMENT"."notes", "public"."STOCK_MOVEMENT"."product_id" FROM "public"."STOCK_MOVEMENT" WHERE "public"."STOCK_MOVEMENT"."movement_type" = CAST($1::text AS "public"."MovementType") ORDER BY "public"."STOCK_MOVEMENT"."movement_date" DESC LIMIT $2 OFFSET $3
prisma:query SELECT "public"."STOCK"."stock_id", "public"."STOCK"."product_id", "public"."STOCK"."location_id", "public"."STOCK"."quantity_on_hand" FROM "public"."STOCK" WHERE "public"."STOCK"."stock_id" IN ($1,$2,$3,$4,$5,$6,$7,$8,$9,$10,$11,$12,$13,$14,$15,$16,$17,$18,$19,$20) OFFSET $21
prisma:query SELECT "public"."STOCK"."stock_id", "public"."STOCK"."product_id", "public"."STOCK"."location_id", "public"."STOCK"."quantity_on_hand" FROM "public"."STOCK" WHERE "public"."STOCK"."stock_id" IN ($1,$2,$3,$4,$5,$6,$7,$8) OFFSET $9
prisma:query SELECT "public"."PRODUCT"."product_id", "public"."PRODUCT"."category_id", "public"."PRODUCT"."product_code", "public"."PRODUCT"."product_name", "public"."PRODUCT"."pack_size", "public"."PRODUCT"."selling_price" FROM "public"."PRODUCT" WHERE "public"."PRODUCT"."product_id" IN ($1,$2,$3,$4,$5,$6,$7,$8,$9,$10,$11,$12,$13,$14,$15,$16,$17,$18,$19,$20) OFFSET $21
prisma:query SELECT "public"."PRODUCT"."product_id", "public"."PRODUCT"."category_id", "public"."PRODUCT"."product_code", "public"."PRODUCT"."product_name", "public"."PRODUCT"."pack_size", "public"."PRODUCT"."selling_price" FROM "public"."PRODUCT" WHERE "public"."PRODUCT"."product_id" IN ($1,$2,$3,$4,$5,$6,$7,$8) OFFSET $9
prisma:query SELECT "public"."USER"."user_id", "public"."USER"."role_id", "public"."USER"."full_name", "public"."USER"."username", "public"."USER"."password_hash" FROM "public"."USER" WHERE "public"."USER"."user_id" IN ($1,$2,$3,$4,$5,$6,$7,$8,$9,$10,$11,$12,$13,$14,$15,$16,$17,$18,$19,$20) OFFSET $21
prisma:query SELECT "public"."USER"."user_id", "public"."USER"."role_id", "public"."USER"."full_name", "public"."USER"."username", "public"."USER"."password_hash" FROM "public"."USER" WHERE "public"."USER"."user_id" IN ($1,$2,$3,$4,$5,$6,$7,$8) OFFSET $9
prisma:query SELECT "public"."INVENTORY_LOCATION"."location_id", "public"."INVENTORY_LOCATION"."code", "public"."INVENTORY_LOCATION"."name" FROM "public"."INVENTORY_LOCATION" WHERE "public"."INVENTORY_LOCATION"."location_id" IN ($1,$2,$3,$4) OFFSET $5
prisma:query SELECT "public"."INVENTORY_LOCATION"."location_id", "public"."INVENTORY_LOCATION"."code", "public"."INVENTORY_LOCATION"."name" FROM "public"."INVENTORY_LOCATION" WHERE "public"."INVENTORY_LOCATION"."location_id" IN ($1,$2,$3) OFFSET $4
prisma:query COMMIT
 GET /api/stock-movements?page=1&pageSize=20 200 in 2.3s (next.js: 5ms, application-code: 2.3s)
prisma:query COMMIT
 GET /api/stock-movements?page=1&pageSize=20&movement_type=ISSUE 200 in 2.3s (next.js: 2ms, application-code: 2.3s)
 GET / 200 in 135ms (next.js: 55ms, application-code: 80ms)
 GET / 200 in 89ms (next.js: 3ms, application-code: 87ms)
prisma:query SELECT "public"."CATEGORY"."category_id", "public"."CATEGORY"."name", "public"."CATEGORY"."tag" FROM "public"."CATEGORY" WHERE 1=1 ORDER BY "public"."CATEGORY"."name" ASC OFFSET $1
 GET /api/categories 200 in 1366ms (next.js: 3ms, application-code: 1363ms)
prisma:query SELECT COUNT(*) AS "_count$_all" FROM (SELECT "public"."STOCK"."stock_id" FROM "public"."STOCK" WHERE 1=1 OFFSET $1) AS "sub"
prisma:query SELECT "public"."INVENTORY_LOCATION"."location_id", "public"."INVENTORY_LOCATION"."code", "public"."INVENTORY_LOCATION"."name" FROM "public"."INVENTORY_LOCATION" WHERE 1=1 ORDER BY "public"."INVENTORY_LOCATION"."location_id" ASC OFFSET $1
 GET /api/locations 200 in 208ms (next.js: 3ms, application-code: 205ms)
prisma:query SELECT "public"."STOCK"."stock_id", "public"."STOCK"."product_id", "public"."STOCK"."location_id", "public"."STOCK"."quantity_on_hand" FROM "public"."STOCK" LEFT JOIN "public"."INVENTORY_LOCATION" AS "orderby_1" ON ("orderby_1"."location_id") = ("public"."STOCK"."location_id") LEFT JOIN "public"."PRODUCT" AS "orderby_2" ON ("orderby_2"."product_id") = ("public"."STOCK"."product_id") WHERE 1=1 ORDER BY "orderby_1"."location_id" ASC, "orderby_2"."product_name" ASC LIMIT $1 OFFSET $2
prisma:query SELECT "public"."STOCK"."stock_id", "public"."STOCK"."product_id", "public"."STOCK"."location_id", "public"."STOCK"."quantity_on_hand" FROM "public"."STOCK" WHERE ("public"."STOCK"."product_id" = $1 AND "public"."STOCK"."location_id" = $2) LIMIT $3 OFFSET $4
prisma:query SELECT "public"."PRODUCT"."product_id", "public"."PRODUCT"."category_id", "public"."PRODUCT"."product_code", "public"."PRODUCT"."product_name", "public"."PRODUCT"."pack_size", "public"."PRODUCT"."selling_price" FROM "public"."PRODUCT" WHERE "public"."PRODUCT"."product_id" IN ($1,$2,$3,$4,$5,$6,$7,$8,$9,$10,$11,$12,$13,$14,$15,$16,$17) OFFSET $18
prisma:query UPDATE "public"."STOCK" SET "quantity_on_hand" = ("public"."STOCK"."quantity_on_hand" + $1) WHERE ("public"."STOCK"."stock_id" = $2 AND 1=1) RETURNING "public"."STOCK"."stock_id", "public"."STOCK"."product_id", "public"."STOCK"."location_id", "public"."STOCK"."quantity_on_hand"
prisma:query SELECT "public"."INVENTORY_LOCATION"."location_id", "public"."INVENTORY_LOCATION"."code", "public"."INVENTORY_LOCATION"."name" FROM "public"."INVENTORY_LOCATION" WHERE "public"."INVENTORY_LOCATION"."location_id" IN ($1,$2,$3,$4,$5,$6,$7,$8,$9,$10,$11,$12,$13,$14,$15,$16,$17) OFFSET $18
prisma:query SELECT "public"."CATEGORY"."category_id", "public"."CATEGORY"."name", "public"."CATEGORY"."tag" FROM "public"."CATEGORY" WHERE "public"."CATEGORY"."category_id" IN ($1,$2,$3,$4,$5,$6,$7,$8,$9,$10,$11,$12,$13) OFFSET $14
prisma:query INSERT INTO "public"."STOCK_MOVEMENT" ("stock_id","created_by","movement_type","quantity","movement_date","notes","product_id") VALUES ($1,$2,CAST($3::text AS "public"."MovementType"),$4,$5,$6,$7) RETURNING "public"."STOCK_MOVEMENT"."movement_id", "public"."STOCK_MOVEMENT"."stock_id", "public"."STOCK_MOVEMENT"."created_by", "public"."STOCK_MOVEMENT"."movement_type"::text, "public"."STOCK_MOVEMENT"."quantity", "public"."STOCK_MOVEMENT"."movement_date", "public"."STOCK_MOVEMENT"."notes", "public"."STOCK_MOVEMENT"."product_id"
"revalidateTag" without the second argument is now deprecated, add second argument of "max" or use "updateTag". See more info here: https://nextjs.org/docs/messages/revalidate-tag-single-arg
 POST /api/inventory/stock 201 in 603ms (next.js: 3ms, application-code: 600ms)
prisma:query COMMIT
prisma:query SELECT "public"."PRODUCT"."product_id", "public"."PRODUCT"."category_id", "public"."PRODUCT"."product_code", "public"."PRODUCT"."product_name", "public"."PRODUCT"."pack_size", "public"."PRODUCT"."selling_price" FROM "public"."PRODUCT" WHERE "public"."PRODUCT"."product_code" = $1 LIMIT $2 OFFSET $3
prisma:query 
      SELECT
        l.location_id,
        l.code,
        l.name,
        COUNT(s.stock_id)                                                     AS total_products,
        COALESCE(SUM(s.quantity_on_hand), 0)                                  AS total_units,
        COUNT(CASE WHEN s.quantity_on_hand > 0
                    AND s.quantity_on_hand < $1 THEN 1 END)     AS low_count,
        COUNT(CASE WHEN s.quantity_on_hand <= 0              THEN 1 END)      AS out_count
      FROM "INVENTORY_LOCATION" l
      LEFT JOIN "STOCK" s ON s.location_id = l.location_id
      GROUP BY l.location_id, l.code, l.name
      ORDER BY l.location_id
    
prisma:query SELECT "public"."INVENTORY_LOCATION"."location_id", "public"."INVENTORY_LOCATION"."code", "public"."INVENTORY_LOCATION"."name" FROM "public"."INVENTORY_LOCATION" WHERE "public"."INVENTORY_LOCATION"."code" = $1 LIMIT $2 OFFSET $3
 POST /api/inventory/import 400 in 397ms (next.js: 3ms, application-code: 393ms)
prisma:query UPDATE "public"."PRODUCT" SET "product_name" = $1, "selling_price" = $2 WHERE ("public"."PRODUCT"."product_id" = $3 AND 1=1) RETURNING "public"."PRODUCT"."product_id", "public"."PRODUCT"."category_id", "public"."PRODUCT"."product_code", "public"."PRODUCT"."product_name", "public"."PRODUCT"."pack_size", "public"."PRODUCT"."selling_price"
prisma:query SELECT "public"."PRODUCT"."product_id", "public"."PRODUCT"."category_id", "public"."PRODUCT"."product_code", "public"."PRODUCT"."product_name", "public"."PRODUCT"."pack_size", "public"."PRODUCT"."selling_price" FROM "public"."PRODUCT" WHERE "public"."PRODUCT"."product_id" = $1 LIMIT $2 OFFSET $3
prisma:query SELECT "public"."CATEGORY"."category_id", "public"."CATEGORY"."name", "public"."CATEGORY"."tag" FROM "public"."CATEGORY" WHERE "public"."CATEGORY"."category_id" = $1 OFFSET $2
prisma:query SELECT COUNT(*) AS "_count$_all" FROM (SELECT "public"."STOCK_MOVEMENT"."movement_id" FROM "public"."STOCK_MOVEMENT" WHERE 1=1 OFFSET $1) AS "sub"
prisma:query COMMIT
"revalidateTag" without the second argument is now deprecated, add second argument of "max" or use "updateTag". See more info here: https://nextjs.org/docs/messages/revalidate-tag-single-arg
 PATCH /api/products/1 200 in 1018ms (next.js: 40ms, application-code: 978ms)
prisma:query SELECT "public"."STOCK_MOVEMENT"."movement_id", "public"."STOCK_MOVEMENT"."stock_id", "public"."STOCK_MOVEMENT"."created_by", "public"."STOCK_MOVEMENT"."movement_type"::text, "public"."STOCK_MOVEMENT"."quantity", "public"."STOCK_MOVEMENT"."movement_date", "public"."STOCK_MOVEMENT"."notes", "public"."STOCK_MOVEMENT"."product_id" FROM "public"."STOCK_MOVEMENT" WHERE 1=1 ORDER BY "public"."STOCK_MOVEMENT"."movement_date" DESC LIMIT $1 OFFSET $2
prisma:query SELECT "public"."STOCK"."stock_id", "public"."STOCK"."product_id", "public"."STOCK"."location_id", "public"."STOCK"."quantity_on_hand" FROM "public"."STOCK" WHERE "public"."STOCK"."product_id" = $1 LIMIT $2 OFFSET $3
prisma:query SELECT "public"."STOCK"."stock_id", "public"."STOCK"."product_id", "public"."STOCK"."location_id", "public"."STOCK"."quantity_on_hand" FROM "public"."STOCK" WHERE "public"."STOCK"."stock_id" IN ($1,$2,$3,$4,$5,$6,$7,$8,$9,$10,$11,$12,$13,$14,$15,$16,$17,$18,$19,$20) OFFSET $21
prisma:query DELETE FROM "public"."PRODUCT" WHERE ("public"."PRODUCT"."product_id" = $1 AND 1=1) RETURNING "public"."PRODUCT"."product_id", "public"."PRODUCT"."category_id", "public"."PRODUCT"."product_code", "public"."PRODUCT"."product_name", "public"."PRODUCT"."pack_size", "public"."PRODUCT"."selling_price"
prisma:error 
Invalid `__TURBOPACK__imported__module__$5b$project$5d2f$lib$2f$prisma$2e$ts__$5b$app$2d$route$5d$__$28$ecmascript$29$__["prisma"].product.delete()` invocation in
/app/.next/dev/server/chunks/[root-of-the-server]__10d~d~r._.js:495:163

  492     }
  493 });
  494 if (hasStock) throw new Error("Cannot delete product with existing stock entries");
→ 495 const product = await __TURBOPACK__imported__module__$5b$project$5d2f$lib$2f$prisma$2e$ts__$5b$app$2d$route$5d$__$28$ecmascript$29$__["prisma"].product.delete(
An operation failed because it depends on one or more records that were required but not found. No record was found for a delete.
 DELETE /api/products/9999 400 in 430ms (next.js: 34ms, application-code: 396ms)
prisma:query SELECT "public"."PRODUCT"."product_id", "public"."PRODUCT"."category_id", "public"."PRODUCT"."product_code", "public"."PRODUCT"."product_name", "public"."PRODUCT"."pack_size", "public"."PRODUCT"."selling_price" FROM "public"."PRODUCT" WHERE "public"."PRODUCT"."product_id" IN ($1,$2,$3,$4,$5,$6,$7,$8,$9,$10,$11,$12,$13,$14,$15,$16,$17,$18,$19,$20) OFFSET $21
prisma:query SELECT "public"."USER"."user_id", "public"."USER"."role_id", "public"."USER"."full_name", "public"."USER"."username", "public"."USER"."password_hash" FROM "public"."USER" WHERE "public"."USER"."user_id" IN ($1,$2,$3,$4,$5,$6,$7,$8,$9,$10,$11,$12,$13,$14,$15,$16,$17,$18,$19,$20) OFFSET $21
prisma:query SELECT "public"."STOCK_MOVEMENT"."movement_id", "public"."STOCK_MOVEMENT"."stock_id", "public"."STOCK_MOVEMENT"."created_by", "public"."STOCK_MOVEMENT"."movement_type"::text, "public"."STOCK_MOVEMENT"."quantity", "public"."STOCK_MOVEMENT"."movement_date", "public"."STOCK_MOVEMENT"."notes", "public"."STOCK_MOVEMENT"."product_id" FROM "public"."STOCK_MOVEMENT" WHERE ("public"."STOCK_MOVEMENT"."movement_id" = $1 AND 1=1) LIMIT $2 OFFSET $3
[DELETE /api/stock-movements/9999] Error: Movement not found
    at deleteMovement (lib/inventoryService.ts:457:24)
    at async DELETE (app/api/stock-movements/[movementId]/route.ts:7:5)
  455 | export async function deleteMovement(movementId: number) {
  456 |   const movement = await prisma.stockMovement.findUnique({ where: { movement_id: movement...
> 457 |   if (!movement) throw new Error("Movement not found");
      |                        ^
  458 |
  459 |   const stock = await prisma.stock.findUnique({ where: { stock_id: movement.stock_id } });
  460 |   if (!stock) throw new Error("Stock not found");
 DELETE /api/stock-movements/9999 400 in 651ms (next.js: 36ms, application-code: 615ms)
prisma:query SELECT "public"."INVENTORY_LOCATION"."location_id", "public"."INVENTORY_LOCATION"."code", "public"."INVENTORY_LOCATION"."name" FROM "public"."INVENTORY_LOCATION" WHERE "public"."INVENTORY_LOCATION"."location_id" IN ($1,$2,$3,$4) OFFSET $5
prisma:query COMMIT
 GET /inventory 200 in 5.2s (next.js: 3ms, application-code: 5.2s)
prisma:query SELECT "public"."INVENTORY_LOCATION"."location_id", "public"."INVENTORY_LOCATION"."code", "public"."INVENTORY_LOCATION"."name" FROM "public"."INVENTORY_LOCATION" WHERE 1=1 ORDER BY "public"."INVENTORY_LOCATION"."location_id" ASC OFFSET $1
 GET /api/locations 200 in 204ms (next.js: 3ms, application-code: 201ms)
prisma:query SELECT COUNT(*) AS "_count$_all" FROM (SELECT "public"."STOCK"."stock_id" FROM "public"."STOCK" WHERE 1=1 OFFSET $1) AS "sub"
prisma:query SELECT "public"."STOCK"."stock_id", "public"."STOCK"."product_id", "public"."STOCK"."location_id", "public"."STOCK"."quantity_on_hand" FROM "public"."STOCK" LEFT JOIN "public"."INVENTORY_LOCATION" AS "orderby_1" ON ("orderby_1"."location_id") = ("public"."STOCK"."location_id") LEFT JOIN "public"."PRODUCT" AS "orderby_2" ON ("orderby_2"."product_id") = ("public"."STOCK"."product_id") WHERE 1=1 ORDER BY "orderby_1"."location_id" ASC, "orderby_2"."product_name" ASC LIMIT $1 OFFSET $2
prisma:query SELECT "public"."PRODUCT"."product_id", "public"."PRODUCT"."category_id", "public"."PRODUCT"."product_code", "public"."PRODUCT"."product_name", "public"."PRODUCT"."pack_size", "public"."PRODUCT"."selling_price" FROM "public"."PRODUCT" WHERE "public"."PRODUCT"."product_id" IN ($1,$2,$3,$4,$5,$6,$7,$8,$9,$10,$11,$12,$13,$14,$15,$16,$17) OFFSET $18
prisma:query SELECT "public"."INVENTORY_LOCATION"."location_id", "public"."INVENTORY_LOCATION"."code", "public"."INVENTORY_LOCATION"."name" FROM "public"."INVENTORY_LOCATION" WHERE "public"."INVENTORY_LOCATION"."location_id" IN ($1,$2,$3,$4,$5,$6,$7,$8,$9,$10,$11,$12,$13,$14,$15,$16,$17) OFFSET $18
prisma:query SELECT "public"."CATEGORY"."category_id", "public"."CATEGORY"."name", "public"."CATEGORY"."tag" FROM "public"."CATEGORY" WHERE "public"."CATEGORY"."category_id" IN ($1,$2,$3,$4,$5,$6,$7,$8,$9,$10,$11,$12,$13) OFFSET $14
prisma:query COMMIT
prisma:query 
      SELECT
        l.location_id,
        l.code,
        l.name,
        COUNT(s.stock_id)                                                     AS total_products,
        COALESCE(SUM(s.quantity_on_hand), 0)                                  AS total_units,
        COUNT(CASE WHEN s.quantity_on_hand > 0
                    AND s.quantity_on_hand < $1 THEN 1 END)     AS low_count,
        COUNT(CASE WHEN s.quantity_on_hand <= 0              THEN 1 END)      AS out_count
      FROM "INVENTORY_LOCATION" l
      LEFT JOIN "STOCK" s ON s.location_id = l.location_id
      GROUP BY l.location_id, l.code, l.name
      ORDER BY l.location_id
    
prisma:query SELECT COUNT(*) AS "_count$_all" FROM (SELECT "public"."STOCK_MOVEMENT"."movement_id" FROM "public"."STOCK_MOVEMENT" WHERE 1=1 OFFSET $1) AS "sub"
prisma:query SELECT "public"."STOCK_MOVEMENT"."movement_id", "public"."STOCK_MOVEMENT"."stock_id", "public"."STOCK_MOVEMENT"."created_by", "public"."STOCK_MOVEMENT"."movement_type"::text, "public"."STOCK_MOVEMENT"."quantity", "public"."STOCK_MOVEMENT"."movement_date", "public"."STOCK_MOVEMENT"."notes", "public"."STOCK_MOVEMENT"."product_id" FROM "public"."STOCK_MOVEMENT" WHERE 1=1 ORDER BY "public"."STOCK_MOVEMENT"."movement_date" DESC LIMIT $1 OFFSET $2
prisma:query SELECT "public"."STOCK"."stock_id", "public"."STOCK"."product_id", "public"."STOCK"."location_id", "public"."STOCK"."quantity_on_hand" FROM "public"."STOCK" WHERE "public"."STOCK"."stock_id" IN ($1,$2,$3,$4,$5,$6,$7,$8,$9,$10,$11,$12,$13,$14,$15,$16,$17,$18,$19,$20) OFFSET $21
prisma:query SELECT "public"."PRODUCT"."product_id", "public"."PRODUCT"."category_id", "public"."PRODUCT"."product_code", "public"."PRODUCT"."product_name", "public"."PRODUCT"."pack_size", "public"."PRODUCT"."selling_price" FROM "public"."PRODUCT" WHERE "public"."PRODUCT"."product_id" IN ($1,$2,$3,$4,$5,$6,$7,$8,$9,$10,$11,$12,$13,$14,$15,$16,$17,$18,$19,$20) OFFSET $21
prisma:query SELECT "public"."USER"."user_id", "public"."USER"."role_id", "public"."USER"."full_name", "public"."USER"."username", "public"."USER"."password_hash" FROM "public"."USER" WHERE "public"."USER"."user_id" IN ($1,$2,$3,$4,$5,$6,$7,$8,$9,$10,$11,$12,$13,$14,$15,$16,$17,$18,$19,$20) OFFSET $21
prisma:query SELECT "public"."INVENTORY_LOCATION"."location_id", "public"."INVENTORY_LOCATION"."code", "public"."INVENTORY_LOCATION"."name" FROM "public"."INVENTORY_LOCATION" WHERE "public"."INVENTORY_LOCATION"."location_id" IN ($1,$2,$3,$4) OFFSET $5
prisma:query COMMIT
 GET /inventory 200 in 3.1s (next.js: 3ms, application-code: 3.1s)
prisma:query SELECT "public"."INVENTORY_LOCATION"."location_id", "public"."INVENTORY_LOCATION"."code", "public"."INVENTORY_LOCATION"."name" FROM "public"."INVENTORY_LOCATION" WHERE 1=1 ORDER BY "public"."INVENTORY_LOCATION"."location_id" ASC OFFSET $1
 GET /api/locations 200 in 211ms (next.js: 5ms, application-code: 206ms)
prisma:query SELECT COUNT(*) AS "_count$_all" FROM (SELECT "public"."STOCK"."stock_id" FROM "public"."STOCK" WHERE 1=1 OFFSET $1) AS "sub"
prisma:query SELECT "public"."STOCK"."stock_id", "public"."STOCK"."product_id", "public"."STOCK"."location_id", "public"."STOCK"."quantity_on_hand" FROM "public"."STOCK" LEFT JOIN "public"."INVENTORY_LOCATION" AS "orderby_1" ON ("orderby_1"."location_id") = ("public"."STOCK"."location_id") LEFT JOIN "public"."PRODUCT" AS "orderby_2" ON ("orderby_2"."product_id") = ("public"."STOCK"."product_id") WHERE 1=1 ORDER BY "orderby_1"."location_id" ASC, "orderby_2"."product_name" ASC LIMIT $1 OFFSET $2
prisma:query SELECT "public"."PRODUCT"."product_id", "public"."PRODUCT"."category_id", "public"."PRODUCT"."product_code", "public"."PRODUCT"."product_name", "public"."PRODUCT"."pack_size", "public"."PRODUCT"."selling_price" FROM "public"."PRODUCT" WHERE "public"."PRODUCT"."product_id" IN ($1,$2,$3,$4,$5,$6,$7,$8,$9,$10,$11,$12,$13,$14,$15,$16,$17) OFFSET $18
prisma:query SELECT "public"."INVENTORY_LOCATION"."location_id", "public"."INVENTORY_LOCATION"."code", "public"."INVENTORY_LOCATION"."name" FROM "public"."INVENTORY_LOCATION" WHERE "public"."INVENTORY_LOCATION"."location_id" IN ($1,$2,$3,$4,$5,$6,$7,$8,$9,$10,$11,$12,$13,$14,$15,$16,$17) OFFSET $18
prisma:query SELECT "public"."CATEGORY"."category_id", "public"."CATEGORY"."name", "public"."CATEGORY"."tag" FROM "public"."CATEGORY" WHERE "public"."CATEGORY"."category_id" IN ($1,$2,$3,$4,$5,$6,$7,$8,$9,$10,$11,$12,$13) OFFSET $14
prisma:query COMMIT
prisma:query SELECT COUNT(*) AS "_count$_all" FROM (SELECT "public"."STOCK_MOVEMENT"."movement_id" FROM "public"."STOCK_MOVEMENT" WHERE 1=1 OFFSET $1) AS "sub"
prisma:query SELECT "public"."STOCK_MOVEMENT"."movement_id", "public"."STOCK_MOVEMENT"."stock_id", "public"."STOCK_MOVEMENT"."created_by", "public"."STOCK_MOVEMENT"."movement_type"::text, "public"."STOCK_MOVEMENT"."quantity", "public"."STOCK_MOVEMENT"."movement_date", "public"."STOCK_MOVEMENT"."notes", "public"."STOCK_MOVEMENT"."product_id" FROM "public"."STOCK_MOVEMENT" WHERE 1=1 ORDER BY "public"."STOCK_MOVEMENT"."movement_date" DESC LIMIT $1 OFFSET $2
prisma:query SELECT "public"."STOCK"."stock_id", "public"."STOCK"."product_id", "public"."STOCK"."location_id", "public"."STOCK"."quantity_on_hand" FROM "public"."STOCK" WHERE "public"."STOCK"."stock_id" IN ($1,$2,$3,$4,$5,$6,$7,$8,$9,$10,$11,$12,$13,$14,$15,$16,$17,$18,$19,$20) OFFSET $21
prisma:query SELECT "public"."PRODUCT"."product_id", "public"."PRODUCT"."category_id", "public"."PRODUCT"."product_code", "public"."PRODUCT"."product_name", "public"."PRODUCT"."pack_size", "public"."PRODUCT"."selling_price" FROM "public"."PRODUCT" WHERE "public"."PRODUCT"."product_id" IN ($1,$2,$3,$4,$5,$6,$7,$8,$9,$10,$11,$12,$13,$14,$15,$16,$17,$18,$19,$20) OFFSET $21
prisma:query SELECT "public"."USER"."user_id", "public"."USER"."role_id", "public"."USER"."full_name", "public"."USER"."username", "public"."USER"."password_hash" FROM "public"."USER" WHERE "public"."USER"."user_id" IN ($1,$2,$3,$4,$5,$6,$7,$8,$9,$10,$11,$12,$13,$14,$15,$16,$17,$18,$19,$20) OFFSET $21
prisma:query SELECT "public"."INVENTORY_LOCATION"."location_id", "public"."INVENTORY_LOCATION"."code", "public"."INVENTORY_LOCATION"."name" FROM "public"."INVENTORY_LOCATION" WHERE "public"."INVENTORY_LOCATION"."location_id" IN ($1,$2,$3,$4) OFFSET $5
prisma:query COMMIT
 GET /inventory 200 in 3.0s (next.js: 3ms, application-code: 3.0s)
 GET /api/locations 200 in 199ms (next.js: 3ms, application-code: 197ms)
prisma:query SELECT "public"."INVENTORY_LOCATION"."location_id", "public"."INVENTORY_LOCATION"."code", "public"."INVENTORY_LOCATION"."name" FROM "public"."INVENTORY_LOCATION" WHERE 1=1 ORDER BY "public"."INVENTORY_LOCATION"."location_id" ASC OFFSET $1
prisma:query SELECT COUNT(*) AS "_count$_all" FROM (SELECT "public"."STOCK"."stock_id" FROM "public"."STOCK" WHERE 1=1 OFFSET $1) AS "sub"
prisma:query SELECT "public"."STOCK"."stock_id", "public"."STOCK"."product_id", "public"."STOCK"."location_id", "public"."STOCK"."quantity_on_hand" FROM "public"."STOCK" LEFT JOIN "public"."INVENTORY_LOCATION" AS "orderby_1" ON ("orderby_1"."location_id") = ("public"."STOCK"."location_id") LEFT JOIN "public"."PRODUCT" AS "orderby_2" ON ("orderby_2"."product_id") = ("public"."STOCK"."product_id") WHERE 1=1 ORDER BY "orderby_1"."location_id" ASC, "orderby_2"."product_name" ASC LIMIT $1 OFFSET $2
prisma:query SELECT "public"."PRODUCT"."product_id", "public"."PRODUCT"."category_id", "public"."PRODUCT"."product_code", "public"."PRODUCT"."product_name", "public"."PRODUCT"."pack_size", "public"."PRODUCT"."selling_price" FROM "public"."PRODUCT" WHERE "public"."PRODUCT"."product_id" IN ($1,$2,$3,$4,$5,$6,$7,$8,$9,$10,$11,$12,$13,$14,$15,$16,$17) OFFSET $18
prisma:query SELECT "public"."INVENTORY_LOCATION"."location_id", "public"."INVENTORY_LOCATION"."code", "public"."INVENTORY_LOCATION"."name" FROM "public"."INVENTORY_LOCATION" WHERE "public"."INVENTORY_LOCATION"."location_id" IN ($1,$2,$3,$4,$5,$6,$7,$8,$9,$10,$11,$12,$13,$14,$15,$16,$17) OFFSET $18
prisma:query SELECT "public"."CATEGORY"."category_id", "public"."CATEGORY"."name", "public"."CATEGORY"."tag" FROM "public"."CATEGORY" WHERE "public"."CATEGORY"."category_id" IN ($1,$2,$3,$4,$5,$6,$7,$8,$9,$10,$11,$12,$13) OFFSET $14
prisma:query COMMIT
prisma:query SELECT COUNT(*) AS "_count$_all" FROM (SELECT "public"."STOCK_MOVEMENT"."movement_id" FROM "public"."STOCK_MOVEMENT" WHERE 1=1 OFFSET $1) AS "sub"
prisma:query SELECT "public"."STOCK_MOVEMENT"."movement_id", "public"."STOCK_MOVEMENT"."stock_id", "public"."STOCK_MOVEMENT"."created_by", "public"."STOCK_MOVEMENT"."movement_type"::text, "public"."STOCK_MOVEMENT"."quantity", "public"."STOCK_MOVEMENT"."movement_date", "public"."STOCK_MOVEMENT"."notes", "public"."STOCK_MOVEMENT"."product_id" FROM "public"."STOCK_MOVEMENT" WHERE 1=1 ORDER BY "public"."STOCK_MOVEMENT"."movement_date" DESC LIMIT $1 OFFSET $2
prisma:query SELECT "public"."STOCK"."stock_id", "public"."STOCK"."product_id", "public"."STOCK"."location_id", "public"."STOCK"."quantity_on_hand" FROM "public"."STOCK" WHERE "public"."STOCK"."stock_id" IN ($1,$2,$3,$4,$5,$6,$7,$8,$9,$10,$11,$12,$13,$14,$15,$16,$17,$18,$19,$20) OFFSET $21
prisma:query SELECT "public"."PRODUCT"."product_id", "public"."PRODUCT"."category_id", "public"."PRODUCT"."product_code", "public"."PRODUCT"."product_name", "public"."PRODUCT"."pack_size", "public"."PRODUCT"."selling_price" FROM "public"."PRODUCT" WHERE "public"."PRODUCT"."product_id" IN ($1,$2,$3,$4,$5,$6,$7,$8,$9,$10,$11,$12,$13,$14,$15,$16,$17,$18,$19,$20) OFFSET $21
prisma:query SELECT "public"."USER"."user_id", "public"."USER"."role_id", "public"."USER"."full_name", "public"."USER"."username", "public"."USER"."password_hash" FROM "public"."USER" WHERE "public"."USER"."user_id" IN ($1,$2,$3,$4,$5,$6,$7,$8,$9,$10,$11,$12,$13,$14,$15,$16,$17,$18,$19,$20) OFFSET $21
prisma:query SELECT "public"."INVENTORY_LOCATION"."location_id", "public"."INVENTORY_LOCATION"."code", "public"."INVENTORY_LOCATION"."name" FROM "public"."INVENTORY_LOCATION" WHERE "public"."INVENTORY_LOCATION"."location_id" IN ($1,$2,$3,$4) OFFSET $5
prisma:query COMMIT
 GET /inventory 200 in 3.0s (next.js: 3ms, application-code: 3.0s)
prisma:query SELECT "public"."INVENTORY_LOCATION"."location_id", "public"."INVENTORY_LOCATION"."code", "public"."INVENTORY_LOCATION"."name" FROM "public"."INVENTORY_LOCATION" WHERE 1=1 ORDER BY "public"."INVENTORY_LOCATION"."location_id" ASC OFFSET $1
 GET /api/locations 200 in 201ms (next.js: 2ms, application-code: 199ms)
prisma:query SELECT COUNT(*) AS "_count$_all" FROM (SELECT "public"."STOCK"."stock_id" FROM "public"."STOCK" WHERE 1=1 OFFSET $1) AS "sub"
prisma:query SELECT "public"."STOCK"."stock_id", "public"."STOCK"."product_id", "public"."STOCK"."location_id", "public"."STOCK"."quantity_on_hand" FROM "public"."STOCK" LEFT JOIN "public"."INVENTORY_LOCATION" AS "orderby_1" ON ("orderby_1"."location_id") = ("public"."STOCK"."location_id") LEFT JOIN "public"."PRODUCT" AS "orderby_2" ON ("orderby_2"."product_id") = ("public"."STOCK"."product_id") WHERE 1=1 ORDER BY "orderby_1"."location_id" ASC, "orderby_2"."product_name" ASC LIMIT $1 OFFSET $2
prisma:query SELECT "public"."PRODUCT"."product_id", "public"."PRODUCT"."category_id", "public"."PRODUCT"."product_code", "public"."PRODUCT"."product_name", "public"."PRODUCT"."pack_size", "public"."PRODUCT"."selling_price" FROM "public"."PRODUCT" WHERE "public"."PRODUCT"."product_id" IN ($1,$2,$3,$4,$5,$6,$7,$8,$9,$10,$11,$12,$13,$14,$15,$16,$17) OFFSET $18
prisma:query SELECT "public"."INVENTORY_LOCATION"."location_id", "public"."INVENTORY_LOCATION"."code", "public"."INVENTORY_LOCATION"."name" FROM "public"."INVENTORY_LOCATION" WHERE "public"."INVENTORY_LOCATION"."location_id" IN ($1,$2,$3,$4,$5,$6,$7,$8,$9,$10,$11,$12,$13,$14,$15,$16,$17) OFFSET $18
prisma:query SELECT "public"."CATEGORY"."category_id", "public"."CATEGORY"."name", "public"."CATEGORY"."tag" FROM "public"."CATEGORY" WHERE "public"."CATEGORY"."category_id" IN ($1,$2,$3,$4,$5,$6,$7,$8,$9,$10,$11,$12,$13) OFFSET $14
prisma:query COMMIT
prisma:query SELECT COUNT(*) AS "_count$_all" FROM (SELECT "public"."STOCK_MOVEMENT"."movement_id" FROM "public"."STOCK_MOVEMENT" WHERE 1=1 OFFSET $1) AS "sub"
prisma:query SELECT "public"."STOCK_MOVEMENT"."movement_id", "public"."STOCK_MOVEMENT"."stock_id", "public"."STOCK_MOVEMENT"."created_by", "public"."STOCK_MOVEMENT"."movement_type"::text, "public"."STOCK_MOVEMENT"."quantity", "public"."STOCK_MOVEMENT"."movement_date", "public"."STOCK_MOVEMENT"."notes", "public"."STOCK_MOVEMENT"."product_id" FROM "public"."STOCK_MOVEMENT" WHERE 1=1 ORDER BY "public"."STOCK_MOVEMENT"."movement_date" DESC LIMIT $1 OFFSET $2
prisma:query SELECT "public"."STOCK"."stock_id", "public"."STOCK"."product_id", "public"."STOCK"."location_id", "public"."STOCK"."quantity_on_hand" FROM "public"."STOCK" WHERE "public"."STOCK"."stock_id" IN ($1,$2,$3,$4,$5,$6,$7,$8,$9,$10,$11,$12,$13,$14,$15,$16,$17,$18,$19,$20) OFFSET $21
prisma:query SELECT "public"."PRODUCT"."product_id", "public"."PRODUCT"."category_id", "public"."PRODUCT"."product_code", "public"."PRODUCT"."product_name", "public"."PRODUCT"."pack_size", "public"."PRODUCT"."selling_price" FROM "public"."PRODUCT" WHERE "public"."PRODUCT"."product_id" IN ($1,$2,$3,$4,$5,$6,$7,$8,$9,$10,$11,$12,$13,$14,$15,$16,$17,$18,$19,$20) OFFSET $21
prisma:query SELECT "public"."USER"."user_id", "public"."USER"."role_id", "public"."USER"."full_name", "public"."USER"."username", "public"."USER"."password_hash" FROM "public"."USER" WHERE "public"."USER"."user_id" IN ($1,$2,$3,$4,$5,$6,$7,$8,$9,$10,$11,$12,$13,$14,$15,$16,$17,$18,$19,$20) OFFSET $21
prisma:query SELECT "public"."INVENTORY_LOCATION"."location_id", "public"."INVENTORY_LOCATION"."code", "public"."INVENTORY_LOCATION"."name" FROM "public"."INVENTORY_LOCATION" WHERE "public"."INVENTORY_LOCATION"."location_id" IN ($1,$2,$3,$4) OFFSET $5
prisma:query COMMIT
 GET /inventory 200 in 3.1s (next.js: 3ms, application-code: 3.0s)
prisma:query SELECT "public"."INVENTORY_LOCATION"."location_id", "public"."INVENTORY_LOCATION"."code", "public"."INVENTORY_LOCATION"."name" FROM "public"."INVENTORY_LOCATION" WHERE 1=1 ORDER BY "public"."INVENTORY_LOCATION"."location_id" ASC OFFSET $1
 GET /api/locations 200 in 204ms (next.js: 3ms, application-code: 202ms)
prisma:query SELECT COUNT(*) AS "_count$_all" FROM (SELECT "public"."STOCK"."stock_id" FROM "public"."STOCK" WHERE 1=1 OFFSET $1) AS "sub"
prisma:query SELECT "public"."STOCK"."stock_id", "public"."STOCK"."product_id", "public"."STOCK"."location_id", "public"."STOCK"."quantity_on_hand" FROM "public"."STOCK" LEFT JOIN "public"."INVENTORY_LOCATION" AS "orderby_1" ON ("orderby_1"."location_id") = ("public"."STOCK"."location_id") LEFT JOIN "public"."PRODUCT" AS "orderby_2" ON ("orderby_2"."product_id") = ("public"."STOCK"."product_id") WHERE 1=1 ORDER BY "orderby_1"."location_id" ASC, "orderby_2"."product_name" ASC LIMIT $1 OFFSET $2
prisma:query SELECT "public"."PRODUCT"."product_id", "public"."PRODUCT"."category_id", "public"."PRODUCT"."product_code", "public"."PRODUCT"."product_name", "public"."PRODUCT"."pack_size", "public"."PRODUCT"."selling_price" FROM "public"."PRODUCT" WHERE "public"."PRODUCT"."product_id" IN ($1,$2,$3,$4,$5,$6,$7,$8,$9,$10,$11,$12,$13,$14,$15,$16,$17) OFFSET $18
prisma:query SELECT "public"."INVENTORY_LOCATION"."location_id", "public"."INVENTORY_LOCATION"."code", "public"."INVENTORY_LOCATION"."name" FROM "public"."INVENTORY_LOCATION" WHERE "public"."INVENTORY_LOCATION"."location_id" IN ($1,$2,$3,$4,$5,$6,$7,$8,$9,$10,$11,$12,$13,$14,$15,$16,$17) OFFSET $18
prisma:query SELECT "public"."CATEGORY"."category_id", "public"."CATEGORY"."name", "public"."CATEGORY"."tag" FROM "public"."CATEGORY" WHERE "public"."CATEGORY"."category_id" IN ($1,$2,$3,$4,$5,$6,$7,$8,$9,$10,$11,$12,$13) OFFSET $14
prisma:query COMMIT
prisma:query SELECT COUNT(*) AS "_count$_all" FROM (SELECT "public"."STOCK_MOVEMENT"."movement_id" FROM "public"."STOCK_MOVEMENT" WHERE 1=1 OFFSET $1) AS "sub"
prisma:query SELECT "public"."STOCK_MOVEMENT"."movement_id", "public"."STOCK_MOVEMENT"."stock_id", "public"."STOCK_MOVEMENT"."created_by", "public"."STOCK_MOVEMENT"."movement_type"::text, "public"."STOCK_MOVEMENT"."quantity", "public"."STOCK_MOVEMENT"."movement_date", "public"."STOCK_MOVEMENT"."notes", "public"."STOCK_MOVEMENT"."product_id" FROM "public"."STOCK_MOVEMENT" WHERE 1=1 ORDER BY "public"."STOCK_MOVEMENT"."movement_date" DESC LIMIT $1 OFFSET $2
prisma:query SELECT "public"."STOCK"."stock_id", "public"."STOCK"."product_id", "public"."STOCK"."location_id", "public"."STOCK"."quantity_on_hand" FROM "public"."STOCK" WHERE "public"."STOCK"."stock_id" IN ($1,$2,$3,$4,$5,$6,$7,$8,$9,$10,$11,$12,$13,$14,$15,$16,$17,$18,$19,$20) OFFSET $21
prisma:query SELECT "public"."PRODUCT"."product_id", "public"."PRODUCT"."category_id", "public"."PRODUCT"."product_code", "public"."PRODUCT"."product_name", "public"."PRODUCT"."pack_size", "public"."PRODUCT"."selling_price" FROM "public"."PRODUCT" WHERE "public"."PRODUCT"."product_id" IN ($1,$2,$3,$4,$5,$6,$7,$8,$9,$10,$11,$12,$13,$14,$15,$16,$17,$18,$19,$20) OFFSET $21
prisma:query SELECT "public"."USER"."user_id", "public"."USER"."role_id", "public"."USER"."full_name", "public"."USER"."username", "public"."USER"."password_hash" FROM "public"."USER" WHERE "public"."USER"."user_id" IN ($1,$2,$3,$4,$5,$6,$7,$8,$9,$10,$11,$12,$13,$14,$15,$16,$17,$18,$19,$20) OFFSET $21
prisma:query SELECT "public"."INVENTORY_LOCATION"."location_id", "public"."INVENTORY_LOCATION"."code", "public"."INVENTORY_LOCATION"."name" FROM "public"."INVENTORY_LOCATION" WHERE "public"."INVENTORY_LOCATION"."location_id" IN ($1,$2,$3,$4) OFFSET $5
prisma:query COMMIT
 GET /inventory 200 in 3.0s (next.js: 3ms, application-code: 3.0s)
prisma:query SELECT "public"."INVENTORY_LOCATION"."location_id", "public"."INVENTORY_LOCATION"."code", "public"."INVENTORY_LOCATION"."name" FROM "public"."INVENTORY_LOCATION" WHERE 1=1 ORDER BY "public"."INVENTORY_LOCATION"."location_id" ASC OFFSET $1
 GET /api/locations 200 in 205ms (next.js: 6ms, application-code: 199ms)
prisma:query SELECT "public"."INVENTORY_LOCATION"."location_id", "public"."INVENTORY_LOCATION"."code", "public"."INVENTORY_LOCATION"."name" FROM "public"."INVENTORY_LOCATION" WHERE "public"."INVENTORY_LOCATION"."location_id" IN ($1,$2) OFFSET $3
prisma:query SELECT COUNT(*) AS "_count$_all" FROM (SELECT "public"."STOCK"."stock_id" FROM "public"."STOCK" WHERE "public"."STOCK"."location_id" = $1 OFFSET $2) AS "sub"
prisma:query SELECT "public"."STOCK"."stock_id", "public"."STOCK"."product_id", "public"."STOCK"."location_id", "public"."STOCK"."quantity_on_hand" FROM "public"."STOCK" LEFT JOIN "public"."INVENTORY_LOCATION" AS "orderby_1" ON ("orderby_1"."location_id") = ("public"."STOCK"."location_id") LEFT JOIN "public"."PRODUCT" AS "orderby_2" ON ("orderby_2"."product_id") = ("public"."STOCK"."product_id") WHERE "public"."STOCK"."location_id" = $1 ORDER BY "orderby_1"."location_id" ASC, "orderby_2"."product_name" ASC LIMIT $2 OFFSET $3
prisma:query SELECT "public"."PRODUCT"."product_id", "public"."PRODUCT"."category_id", "public"."PRODUCT"."product_code", "public"."PRODUCT"."product_name", "public"."PRODUCT"."pack_size", "public"."PRODUCT"."selling_price" FROM "public"."PRODUCT" WHERE "public"."PRODUCT"."product_id" IN ($1,$2,$3,$4) OFFSET $5
prisma:query SELECT "public"."INVENTORY_LOCATION"."location_id", "public"."INVENTORY_LOCATION"."code", "public"."INVENTORY_LOCATION"."name" FROM "public"."INVENTORY_LOCATION" WHERE "public"."INVENTORY_LOCATION"."location_id" IN ($1,$2,$3,$4) OFFSET $5
prisma:query SELECT "public"."CATEGORY"."category_id", "public"."CATEGORY"."name", "public"."CATEGORY"."tag" FROM "public"."CATEGORY" WHERE "public"."CATEGORY"."category_id" IN ($1,$2,$3,$4) OFFSET $5
prisma:query SELECT COUNT(*) AS "_count$_all" FROM (SELECT "public"."STOCK_MOVEMENT"."movement_id" FROM "public"."STOCK_MOVEMENT" LEFT JOIN "public"."STOCK" AS "j0" ON ("j0"."stock_id") = ("public"."STOCK_MOVEMENT"."stock_id") WHERE ("j0"."location_id" = $1 AND ("j0"."stock_id" IS NOT NULL)) OFFSET $2) AS "sub"
prisma:query COMMIT
prisma:query SELECT "public"."STOCK_MOVEMENT"."movement_id", "public"."STOCK_MOVEMENT"."stock_id", "public"."STOCK_MOVEMENT"."created_by", "public"."STOCK_MOVEMENT"."movement_type"::text, "public"."STOCK_MOVEMENT"."quantity", "public"."STOCK_MOVEMENT"."movement_date", "public"."STOCK_MOVEMENT"."notes", "public"."STOCK_MOVEMENT"."product_id" FROM "public"."STOCK_MOVEMENT" LEFT JOIN "public"."STOCK" AS "j0" ON ("j0"."stock_id") = ("public"."STOCK_MOVEMENT"."stock_id") WHERE ("j0"."location_id" = $1 AND ("j0"."stock_id" IS NOT NULL)) ORDER BY "public"."STOCK_MOVEMENT"."movement_date" DESC LIMIT $2 OFFSET $3
prisma:query SELECT "public"."STOCK"."stock_id", "public"."STOCK"."product_id", "public"."STOCK"."location_id", "public"."STOCK"."quantity_on_hand" FROM "public"."STOCK" WHERE "public"."STOCK"."stock_id" IN ($1,$2,$3,$4,$5,$6,$7,$8,$9,$10,$11,$12,$13,$14,$15,$16,$17,$18,$19,$20) OFFSET $21
prisma:query SELECT "public"."PRODUCT"."product_id", "public"."PRODUCT"."category_id", "public"."PRODUCT"."product_code", "public"."PRODUCT"."product_name", "public"."PRODUCT"."pack_size", "public"."PRODUCT"."selling_price" FROM "public"."PRODUCT" WHERE "public"."PRODUCT"."product_id" IN ($1,$2,$3,$4,$5,$6,$7,$8,$9,$10,$11,$12,$13,$14,$15,$16,$17,$18,$19,$20) OFFSET $21
prisma:query SELECT "public"."USER"."user_id", "public"."USER"."role_id", "public"."USER"."full_name", "public"."USER"."username", "public"."USER"."password_hash" FROM "public"."USER" WHERE "public"."USER"."user_id" IN ($1,$2,$3,$4,$5,$6,$7,$8,$9,$10,$11,$12,$13,$14,$15,$16,$17,$18,$19,$20) OFFSET $21
prisma:query SELECT "public"."INVENTORY_LOCATION"."location_id", "public"."INVENTORY_LOCATION"."code", "public"."INVENTORY_LOCATION"."name" FROM "public"."INVENTORY_LOCATION" WHERE "public"."INVENTORY_LOCATION"."location_id" IN ($1,$2,$3,$4) OFFSET $5
prisma:query COMMIT
 GET /inventory/1 200 in 2.7s (next.js: 39ms, application-code: 2.6s)
 GET /api/inventory/1?page=1&pageSize=20 200 in 229ms (next.js: 39ms, application-code: 190ms)
prisma:query SELECT COUNT(*) AS "_count$_all" FROM (SELECT "public"."STOCK"."stock_id" FROM "public"."STOCK" WHERE "public"."STOCK"."location_id" = $1 OFFSET $2) AS "sub"
prisma:query SELECT "public"."INVENTORY_LOCATION"."location_id", "public"."INVENTORY_LOCATION"."code", "public"."INVENTORY_LOCATION"."name" FROM "public"."INVENTORY_LOCATION" WHERE "public"."INVENTORY_LOCATION"."location_id" IN ($1,$2) OFFSET $3
prisma:query SELECT "public"."STOCK"."stock_id", "public"."STOCK"."product_id", "public"."STOCK"."location_id", "public"."STOCK"."quantity_on_hand" FROM "public"."STOCK" LEFT JOIN "public"."INVENTORY_LOCATION" AS "orderby_1" ON ("orderby_1"."location_id") = ("public"."STOCK"."location_id") LEFT JOIN "public"."PRODUCT" AS "orderby_2" ON ("orderby_2"."product_id") = ("public"."STOCK"."product_id") WHERE "public"."STOCK"."location_id" = $1 ORDER BY "orderby_1"."location_id" ASC, "orderby_2"."product_name" ASC LIMIT $2 OFFSET $3
prisma:query SELECT "public"."PRODUCT"."product_id", "public"."PRODUCT"."category_id", "public"."PRODUCT"."product_code", "public"."PRODUCT"."product_name", "public"."PRODUCT"."pack_size", "public"."PRODUCT"."selling_price" FROM "public"."PRODUCT" WHERE "public"."PRODUCT"."product_id" IN ($1,$2,$3,$4) OFFSET $5
prisma:query SELECT COUNT(*) AS "_count$_all" FROM (SELECT "public"."STOCK"."stock_id" FROM "public"."STOCK" WHERE "public"."STOCK"."location_id" = $1 OFFSET $2) AS "sub"
prisma:query SELECT "public"."INVENTORY_LOCATION"."location_id", "public"."INVENTORY_LOCATION"."code", "public"."INVENTORY_LOCATION"."name" FROM "public"."INVENTORY_LOCATION" WHERE "public"."INVENTORY_LOCATION"."location_id" IN ($1,$2,$3,$4) OFFSET $5
prisma:query SELECT "public"."STOCK"."stock_id", "public"."STOCK"."product_id", "public"."STOCK"."location_id", "public"."STOCK"."quantity_on_hand" FROM "public"."STOCK" LEFT JOIN "public"."INVENTORY_LOCATION" AS "orderby_1" ON ("orderby_1"."location_id") = ("public"."STOCK"."location_id") LEFT JOIN "public"."PRODUCT" AS "orderby_2" ON ("orderby_2"."product_id") = ("public"."STOCK"."product_id") WHERE "public"."STOCK"."location_id" = $1 ORDER BY "orderby_1"."location_id" ASC, "orderby_2"."product_name" ASC LIMIT $2 OFFSET $3
prisma:query SELECT "public"."CATEGORY"."category_id", "public"."CATEGORY"."name", "public"."CATEGORY"."tag" FROM "public"."CATEGORY" WHERE "public"."CATEGORY"."category_id" IN ($1,$2,$3,$4) OFFSET $5
prisma:query SELECT "public"."PRODUCT"."product_id", "public"."PRODUCT"."category_id", "public"."PRODUCT"."product_code", "public"."PRODUCT"."product_name", "public"."PRODUCT"."pack_size", "public"."PRODUCT"."selling_price" FROM "public"."PRODUCT" WHERE "public"."PRODUCT"."product_id" IN ($1,$2,$3,$4) OFFSET $5
prisma:query COMMIT
prisma:query SELECT "public"."INVENTORY_LOCATION"."location_id", "public"."INVENTORY_LOCATION"."code", "public"."INVENTORY_LOCATION"."name" FROM "public"."INVENTORY_LOCATION" WHERE "public"."INVENTORY_LOCATION"."location_id" IN ($1,$2,$3,$4) OFFSET $5
prisma:query SELECT "public"."CATEGORY"."category_id", "public"."CATEGORY"."name", "public"."CATEGORY"."tag" FROM "public"."CATEGORY" WHERE "public"."CATEGORY"."category_id" IN ($1,$2,$3,$4) OFFSET $5
prisma:query SELECT COUNT(*) AS "_count$_all" FROM (SELECT "public"."STOCK_MOVEMENT"."movement_id" FROM "public"."STOCK_MOVEMENT" LEFT JOIN "public"."STOCK" AS "j0" ON ("j0"."stock_id") = ("public"."STOCK_MOVEMENT"."stock_id") WHERE ("j0"."location_id" = $1 AND ("j0"."stock_id" IS NOT NULL)) OFFSET $2) AS "sub"
prisma:query COMMIT
prisma:query SELECT "public"."STOCK_MOVEMENT"."movement_id", "public"."STOCK_MOVEMENT"."stock_id", "public"."STOCK_MOVEMENT"."created_by", "public"."STOCK_MOVEMENT"."movement_type"::text, "public"."STOCK_MOVEMENT"."quantity", "public"."STOCK_MOVEMENT"."movement_date", "public"."STOCK_MOVEMENT"."notes", "public"."STOCK_MOVEMENT"."product_id" FROM "public"."STOCK_MOVEMENT" LEFT JOIN "public"."STOCK" AS "j0" ON ("j0"."stock_id") = ("public"."STOCK_MOVEMENT"."stock_id") WHERE ("j0"."location_id" = $1 AND ("j0"."stock_id" IS NOT NULL)) ORDER BY "public"."STOCK_MOVEMENT"."movement_date" DESC LIMIT $2 OFFSET $3
prisma:query SELECT "public"."STOCK"."stock_id", "public"."STOCK"."product_id", "public"."STOCK"."location_id", "public"."STOCK"."quantity_on_hand" FROM "public"."STOCK" WHERE "public"."STOCK"."stock_id" IN ($1,$2,$3,$4,$5,$6,$7,$8,$9,$10,$11,$12,$13,$14,$15,$16,$17,$18,$19,$20) OFFSET $21
prisma:query SELECT "public"."PRODUCT"."product_id", "public"."PRODUCT"."category_id", "public"."PRODUCT"."product_code", "public"."PRODUCT"."product_name", "public"."PRODUCT"."pack_size", "public"."PRODUCT"."selling_price" FROM "public"."PRODUCT" WHERE "public"."PRODUCT"."product_id" IN ($1,$2,$3,$4,$5,$6,$7,$8,$9,$10,$11,$12,$13,$14,$15,$16,$17,$18,$19,$20) OFFSET $21
prisma:query SELECT "public"."USER"."user_id", "public"."USER"."role_id", "public"."USER"."full_name", "public"."USER"."username", "public"."USER"."password_hash" FROM "public"."USER" WHERE "public"."USER"."user_id" IN ($1,$2,$3,$4,$5,$6,$7,$8,$9,$10,$11,$12,$13,$14,$15,$16,$17,$18,$19,$20) OFFSET $21
prisma:query SELECT "public"."INVENTORY_LOCATION"."location_id", "public"."INVENTORY_LOCATION"."code", "public"."INVENTORY_LOCATION"."name" FROM "public"."INVENTORY_LOCATION" WHERE "public"."INVENTORY_LOCATION"."location_id" IN ($1,$2,$3,$4) OFFSET $5
prisma:query COMMIT
 GET /inventory/1 200 in 2.8s (next.js: 41ms, application-code: 2.7s)
prisma:query SELECT COUNT(*) AS "_count$_all" FROM (SELECT "public"."STOCK"."stock_id" FROM "public"."STOCK" WHERE "public"."STOCK"."location_id" = $1 OFFSET $2) AS "sub"
prisma:query SELECT "public"."STOCK"."stock_id", "public"."STOCK"."product_id", "public"."STOCK"."location_id", "public"."STOCK"."quantity_on_hand" FROM "public"."STOCK" LEFT JOIN "public"."INVENTORY_LOCATION" AS "orderby_1" ON ("orderby_1"."location_id") = ("public"."STOCK"."location_id") LEFT JOIN "public"."PRODUCT" AS "orderby_2" ON ("orderby_2"."product_id") = ("public"."STOCK"."product_id") WHERE "public"."STOCK"."location_id" = $1 ORDER BY "orderby_1"."location_id" ASC, "orderby_2"."product_name" ASC LIMIT $2 OFFSET $3
prisma:query SELECT "public"."PRODUCT"."product_id", "public"."PRODUCT"."category_id", "public"."PRODUCT"."product_code", "public"."PRODUCT"."product_name", "public"."PRODUCT"."pack_size", "public"."PRODUCT"."selling_price" FROM "public"."PRODUCT" WHERE "public"."PRODUCT"."product_id" IN ($1,$2,$3,$4) OFFSET $5
 GET /api/inventory/1?page=1&pageSize=20 200 in 827ms (next.js: 38ms, application-code: 789ms)
prisma:query SELECT "public"."INVENTORY_LOCATION"."location_id", "public"."INVENTORY_LOCATION"."code", "public"."INVENTORY_LOCATION"."name" FROM "public"."INVENTORY_LOCATION" WHERE "public"."INVENTORY_LOCATION"."location_id" IN ($1,$2,$3,$4) OFFSET $5
prisma:query SELECT "public"."INVENTORY_LOCATION"."location_id", "public"."INVENTORY_LOCATION"."code", "public"."INVENTORY_LOCATION"."name" FROM "public"."INVENTORY_LOCATION" WHERE "public"."INVENTORY_LOCATION"."location_id" IN ($1,$2) OFFSET $3
prisma:query SELECT "public"."CATEGORY"."category_id", "public"."CATEGORY"."name", "public"."CATEGORY"."tag" FROM "public"."CATEGORY" WHERE "public"."CATEGORY"."category_id" IN ($1,$2,$3,$4) OFFSET $5
prisma:query COMMIT
prisma:query SELECT COUNT(*) AS "_count$_all" FROM (SELECT "public"."STOCK_MOVEMENT"."movement_id" FROM "public"."STOCK_MOVEMENT" LEFT JOIN "public"."STOCK" AS "j0" ON ("j0"."stock_id") = ("public"."STOCK_MOVEMENT"."stock_id") WHERE ("j0"."location_id" = $1 AND ("j0"."stock_id" IS NOT NULL)) OFFSET $2) AS "sub"
prisma:query SELECT COUNT(*) AS "_count$_all" FROM (SELECT "public"."STOCK"."stock_id" FROM "public"."STOCK" WHERE "public"."STOCK"."location_id" = $1 OFFSET $2) AS "sub"
prisma:query SELECT "public"."STOCK_MOVEMENT"."movement_id", "public"."STOCK_MOVEMENT"."stock_id", "public"."STOCK_MOVEMENT"."created_by", "public"."STOCK_MOVEMENT"."movement_type"::text, "public"."STOCK_MOVEMENT"."quantity", "public"."STOCK_MOVEMENT"."movement_date", "public"."STOCK_MOVEMENT"."notes", "public"."STOCK_MOVEMENT"."product_id" FROM "public"."STOCK_MOVEMENT" LEFT JOIN "public"."STOCK" AS "j0" ON ("j0"."stock_id") = ("public"."STOCK_MOVEMENT"."stock_id") WHERE ("j0"."location_id" = $1 AND ("j0"."stock_id" IS NOT NULL)) ORDER BY "public"."STOCK_MOVEMENT"."movement_date" DESC LIMIT $2 OFFSET $3
prisma:query SELECT "public"."STOCK"."stock_id", "public"."STOCK"."product_id", "public"."STOCK"."location_id", "public"."STOCK"."quantity_on_hand" FROM "public"."STOCK" LEFT JOIN "public"."INVENTORY_LOCATION" AS "orderby_1" ON ("orderby_1"."location_id") = ("public"."STOCK"."location_id") LEFT JOIN "public"."PRODUCT" AS "orderby_2" ON ("orderby_2"."product_id") = ("public"."STOCK"."product_id") WHERE "public"."STOCK"."location_id" = $1 ORDER BY "orderby_1"."location_id" ASC, "orderby_2"."product_name" ASC LIMIT $2 OFFSET $3
prisma:query SELECT "public"."STOCK"."stock_id", "public"."STOCK"."product_id", "public"."STOCK"."location_id", "public"."STOCK"."quantity_on_hand" FROM "public"."STOCK" WHERE "public"."STOCK"."stock_id" IN ($1,$2,$3,$4,$5,$6,$7,$8,$9,$10,$11,$12,$13,$14,$15,$16,$17,$18,$19,$20) OFFSET $21
prisma:query SELECT "public"."PRODUCT"."product_id", "public"."PRODUCT"."category_id", "public"."PRODUCT"."product_code", "public"."PRODUCT"."product_name", "public"."PRODUCT"."pack_size", "public"."PRODUCT"."selling_price" FROM "public"."PRODUCT" WHERE "public"."PRODUCT"."product_id" IN ($1,$2,$3,$4) OFFSET $5
prisma:query SELECT "public"."PRODUCT"."product_id", "public"."PRODUCT"."category_id", "public"."PRODUCT"."product_code", "public"."PRODUCT"."product_name", "public"."PRODUCT"."pack_size", "public"."PRODUCT"."selling_price" FROM "public"."PRODUCT" WHERE "public"."PRODUCT"."product_id" IN ($1,$2,$3,$4,$5,$6,$7,$8,$9,$10,$11,$12,$13,$14,$15,$16,$17,$18,$19,$20) OFFSET $21
prisma:query SELECT "public"."INVENTORY_LOCATION"."location_id", "public"."INVENTORY_LOCATION"."code", "public"."INVENTORY_LOCATION"."name" FROM "public"."INVENTORY_LOCATION" WHERE "public"."INVENTORY_LOCATION"."location_id" IN ($1,$2,$3,$4) OFFSET $5
prisma:query SELECT "public"."USER"."user_id", "public"."USER"."role_id", "public"."USER"."full_name", "public"."USER"."username", "public"."USER"."password_hash" FROM "public"."USER" WHERE "public"."USER"."user_id" IN ($1,$2,$3,$4,$5,$6,$7,$8,$9,$10,$11,$12,$13,$14,$15,$16,$17,$18,$19,$20) OFFSET $21
prisma:query SELECT "public"."CATEGORY"."category_id", "public"."CATEGORY"."name", "public"."CATEGORY"."tag" FROM "public"."CATEGORY" WHERE "public"."CATEGORY"."category_id" IN ($1,$2,$3,$4) OFFSET $5
prisma:query SELECT "public"."INVENTORY_LOCATION"."location_id", "public"."INVENTORY_LOCATION"."code", "public"."INVENTORY_LOCATION"."name" FROM "public"."INVENTORY_LOCATION" WHERE "public"."INVENTORY_LOCATION"."location_id" IN ($1,$2,$3,$4) OFFSET $5
prisma:query COMMIT
prisma:query COMMIT
 GET /inventory/1 200 in 1898ms (next.js: 43ms, application-code: 1854ms)
prisma:query SELECT COUNT(*) AS "_count$_all" FROM (SELECT "public"."STOCK"."stock_id" FROM "public"."STOCK" WHERE "public"."STOCK"."location_id" = $1 OFFSET $2) AS "sub"
 GET /api/inventory/1/movements?page=1&pageSize=20 200 in 318ms (next.js: 59ms, application-code: 259ms)
 GET /api/inventory/1?page=1&pageSize=20 200 in 482ms (next.js: 39ms, application-code: 443ms)
prisma:query SELECT "public"."STOCK"."stock_id", "public"."STOCK"."product_id", "public"."STOCK"."location_id", "public"."STOCK"."quantity_on_hand" FROM "public"."STOCK" LEFT JOIN "public"."INVENTORY_LOCATION" AS "orderby_1" ON ("orderby_1"."location_id") = ("public"."STOCK"."location_id") LEFT JOIN "public"."PRODUCT" AS "orderby_2" ON ("orderby_2"."product_id") = ("public"."STOCK"."product_id") WHERE "public"."STOCK"."location_id" = $1 ORDER BY "orderby_1"."location_id" ASC, "orderby_2"."product_name" ASC LIMIT $2 OFFSET $3
prisma:query SELECT COUNT(*) AS "_count$_all" FROM (SELECT "public"."STOCK_MOVEMENT"."movement_id" FROM "public"."STOCK_MOVEMENT" LEFT JOIN "public"."STOCK" AS "j0" ON ("j0"."stock_id") = ("public"."STOCK_MOVEMENT"."stock_id") WHERE ("j0"."location_id" = $1 AND ("j0"."stock_id" IS NOT NULL)) OFFSET $2) AS "sub"
prisma:query SELECT "public"."PRODUCT"."product_id", "public"."PRODUCT"."category_id", "public"."PRODUCT"."product_code", "public"."PRODUCT"."product_name", "public"."PRODUCT"."pack_size", "public"."PRODUCT"."selling_price" FROM "public"."PRODUCT" WHERE "public"."PRODUCT"."product_id" IN ($1,$2,$3,$4) OFFSET $5
prisma:query SELECT "public"."STOCK_MOVEMENT"."movement_id", "public"."STOCK_MOVEMENT"."stock_id", "public"."STOCK_MOVEMENT"."created_by", "public"."STOCK_MOVEMENT"."movement_type"::text, "public"."STOCK_MOVEMENT"."quantity", "public"."STOCK_MOVEMENT"."movement_date", "public"."STOCK_MOVEMENT"."notes", "public"."STOCK_MOVEMENT"."product_id" FROM "public"."STOCK_MOVEMENT" LEFT JOIN "public"."STOCK" AS "j0" ON ("j0"."stock_id") = ("public"."STOCK_MOVEMENT"."stock_id") WHERE ("j0"."location_id" = $1 AND ("j0"."stock_id" IS NOT NULL)) ORDER BY "public"."STOCK_MOVEMENT"."movement_date" DESC LIMIT $2 OFFSET $3
prisma:query SELECT COUNT(*) AS "_count$_all" FROM (SELECT "public"."PRODUCT"."product_id" FROM "public"."PRODUCT" WHERE 1=1 OFFSET $1) AS "sub"
prisma:query SELECT "public"."INVENTORY_LOCATION"."location_id", "public"."INVENTORY_LOCATION"."code", "public"."INVENTORY_LOCATION"."name" FROM "public"."INVENTORY_LOCATION" WHERE "public"."INVENTORY_LOCATION"."location_id" IN ($1,$2,$3,$4) OFFSET $5
prisma:query SELECT "public"."STOCK"."stock_id", "public"."STOCK"."product_id", "public"."STOCK"."location_id", "public"."STOCK"."quantity_on_hand" FROM "public"."STOCK" WHERE "public"."STOCK"."stock_id" IN ($1,$2,$3,$4,$5,$6,$7,$8,$9,$10,$11,$12,$13,$14,$15,$16,$17,$18,$19,$20) OFFSET $21
prisma:query SELECT "public"."PRODUCT"."product_id", "public"."PRODUCT"."category_id", "public"."PRODUCT"."product_code", "public"."PRODUCT"."product_name", "public"."PRODUCT"."pack_size", "public"."PRODUCT"."selling_price" FROM "public"."PRODUCT" WHERE 1=1 ORDER BY "public"."PRODUCT"."product_name" ASC LIMIT $1 OFFSET $2
prisma:query SELECT "public"."CATEGORY"."category_id", "public"."CATEGORY"."name", "public"."CATEGORY"."tag" FROM "public"."CATEGORY" WHERE "public"."CATEGORY"."category_id" IN ($1,$2,$3,$4) OFFSET $5
prisma:query SELECT "public"."PRODUCT"."product_id", "public"."PRODUCT"."category_id", "public"."PRODUCT"."product_code", "public"."PRODUCT"."product_name", "public"."PRODUCT"."pack_size", "public"."PRODUCT"."selling_price" FROM "public"."PRODUCT" WHERE "public"."PRODUCT"."product_id" IN ($1,$2,$3,$4,$5,$6,$7,$8,$9,$10,$11,$12,$13,$14,$15,$16,$17,$18,$19,$20) OFFSET $21
prisma:query SELECT "public"."CATEGORY"."category_id", "public"."CATEGORY"."name", "public"."CATEGORY"."tag" FROM "public"."CATEGORY" WHERE "public"."CATEGORY"."category_id" IN ($1,$2,$3,$4,$5,$6,$7,$8,$9,$10,$11,$12,$13,$14,$15,$16,$17,$18,$19,$20) OFFSET $21
prisma:query COMMIT
prisma:query SELECT "public"."USER"."user_id", "public"."USER"."role_id", "public"."USER"."full_name", "public"."USER"."username", "public"."USER"."password_hash" FROM "public"."USER" WHERE "public"."USER"."user_id" IN ($1,$2,$3,$4,$5,$6,$7,$8,$9,$10,$11,$12,$13,$14,$15,$16,$17,$18,$19,$20) OFFSET $21
prisma:query COMMIT
⨯ TypeError: Cannot read properties of undefined (reading 'avgPrice')
    at ProductsPage (components/ProductsPage.tsx:137:32)
  135 |
  136 |   // Stats
> 137 |   const avgPrice = globalStats.avgPrice ? Math.round(globalStats.avgPrice) : 0;
      |                                ^
  138 |   const maxPrice = globalStats.maxPrice ? Math.round(globalStats.maxPrice) : 0;
  139 |   const uniqueCats = categories.length > 1 ? categories.length - 1 : 0;
  140 | {
  digest: '3912090503'
}
 GET /inventory/products 200 in 1128ms (next.js: 4ms, application-code: 1123ms)
prisma:query SELECT "public"."INVENTORY_LOCATION"."location_id", "public"."INVENTORY_LOCATION"."code", "public"."INVENTORY_LOCATION"."name" FROM "public"."INVENTORY_LOCATION" WHERE "public"."INVENTORY_LOCATION"."location_id" IN ($1,$2,$3,$4) OFFSET $5
prisma:query COMMIT
[browser] Uncaught TypeError: Cannot read properties of undefined (reading 'avgPrice')
    at ProductsPage (components/ProductsPage.tsx:137:32)
    at ProductsRoute (app/(dashboard)/inventory/products/page.tsx:34:7)
  135 |
  136 |   // Stats
> 137 |   const avgPrice = globalStats.avgPrice ? Math.round(globalStats.avgPrice) : 0;
      |                                ^
  138 |   const maxPrice = globalStats.maxPrice ? Math.round(globalStats.maxPrice) : 0;
  139 |   const uniqueCats = categories.length > 1 ? categories.length - 1 : 0;
  140 |
prisma:query SELECT COUNT(*) AS "_count$_all" FROM (SELECT "public"."PRODUCT"."product_id" FROM "public"."PRODUCT" WHERE 1=1 OFFSET $1) AS "sub"
prisma:query SELECT "public"."PRODUCT"."product_id", "public"."PRODUCT"."category_id", "public"."PRODUCT"."product_code", "public"."PRODUCT"."product_name", "public"."PRODUCT"."pack_size", "public"."PRODUCT"."selling_price" FROM "public"."PRODUCT" WHERE 1=1 ORDER BY "public"."PRODUCT"."product_name" ASC LIMIT $1 OFFSET $2
prisma:query SELECT "public"."CATEGORY"."category_id", "public"."CATEGORY"."name", "public"."CATEGORY"."tag" FROM "public"."CATEGORY" WHERE "public"."CATEGORY"."category_id" IN ($1,$2,$3,$4,$5,$6,$7,$8,$9,$10,$11,$12,$13,$14,$15,$16,$17,$18,$19,$20) OFFSET $21
prisma:query COMMIT
⨯ TypeError: Cannot read properties of undefined (reading 'avgPrice')
    at ProductsPage (components/ProductsPage.tsx:137:32)
  135 |
  136 |   // Stats
> 137 |   const avgPrice = globalStats.avgPrice ? Math.round(globalStats.avgPrice) : 0;
      |                                ^
  138 |   const maxPrice = globalStats.maxPrice ? Math.round(globalStats.maxPrice) : 0;
  139 |   const uniqueCats = categories.length > 1 ? categories.length - 1 : 0;
  140 | {
  digest: '3912090503'
}
 GET /inventory/products 200 in 1129ms (next.js: 3ms, application-code: 1126ms)
[browser] Uncaught TypeError: Cannot read properties of undefined (reading 'avgPrice')
    at ProductsPage (components/ProductsPage.tsx:137:32)
    at ProductsRoute (app/(dashboard)/inventory/products/page.tsx:34:7)
  135 |
  136 |   // Stats
> 137 |   const avgPrice = globalStats.avgPrice ? Math.round(globalStats.avgPrice) : 0;
      |                                ^
  138 |   const maxPrice = globalStats.maxPrice ? Math.round(globalStats.maxPrice) : 0;
  139 |   const uniqueCats = categories.length > 1 ? categories.length - 1 : 0;
  140 |
prisma:query SELECT COUNT(*) AS "_count$_all" FROM (SELECT "public"."PRODUCT"."product_id" FROM "public"."PRODUCT" WHERE 1=1 OFFSET $1) AS "sub"
prisma:query SELECT "public"."PRODUCT"."product_id", "public"."PRODUCT"."category_id", "public"."PRODUCT"."product_code", "public"."PRODUCT"."product_name", "public"."PRODUCT"."pack_size", "public"."PRODUCT"."selling_price" FROM "public"."PRODUCT" WHERE 1=1 ORDER BY "public"."PRODUCT"."product_name" ASC LIMIT $1 OFFSET $2
prisma:query SELECT "public"."CATEGORY"."category_id", "public"."CATEGORY"."name", "public"."CATEGORY"."tag" FROM "public"."CATEGORY" WHERE "public"."CATEGORY"."category_id" IN ($1,$2,$3,$4,$5,$6,$7,$8,$9,$10,$11,$12,$13,$14,$15,$16,$17,$18,$19,$20) OFFSET $21
prisma:query COMMIT
⨯ TypeError: Cannot read properties of undefined (reading 'avgPrice')
    at ProductsPage (components/ProductsPage.tsx:137:32)
  135 |
  136 |   // Stats
> 137 |   const avgPrice = globalStats.avgPrice ? Math.round(globalStats.avgPrice) : 0;
      |                                ^
  138 |   const maxPrice = globalStats.maxPrice ? Math.round(globalStats.maxPrice) : 0;
  139 |   const uniqueCats = categories.length > 1 ? categories.length - 1 : 0;
  140 | {
  digest: '3912090503'
}
 GET /inventory/products 200 in 1987ms (next.js: 3ms, application-code: 1984ms)
[browser] Uncaught TypeError: Cannot read properties of undefined (reading 'avgPrice')
    at ProductsPage (components/ProductsPage.tsx:137:32)
    at ProductsRoute (app/(dashboard)/inventory/products/page.tsx:34:7)
  135 |
  136 |   // Stats
> 137 |   const avgPrice = globalStats.avgPrice ? Math.round(globalStats.avgPrice) : 0;
      |                                ^
  138 |   const maxPrice = globalStats.maxPrice ? Math.round(globalStats.maxPrice) : 0;
  139 |   const uniqueCats = categories.length > 1 ? categories.length - 1 : 0;
  140 |
prisma:query SELECT COUNT(*) AS "_count$_all" FROM (SELECT "public"."PRODUCT"."product_id" FROM "public"."PRODUCT" WHERE 1=1 OFFSET $1) AS "sub"
prisma:query SELECT "public"."PRODUCT"."product_id", "public"."PRODUCT"."category_id", "public"."PRODUCT"."product_code", "public"."PRODUCT"."product_name", "public"."PRODUCT"."pack_size", "public"."PRODUCT"."selling_price" FROM "public"."PRODUCT" WHERE 1=1 ORDER BY "public"."PRODUCT"."product_name" ASC LIMIT $1 OFFSET $2
prisma:query SELECT "public"."CATEGORY"."category_id", "public"."CATEGORY"."name", "public"."CATEGORY"."tag" FROM "public"."CATEGORY" WHERE "public"."CATEGORY"."category_id" IN ($1,$2,$3,$4,$5,$6,$7,$8,$9,$10,$11,$12,$13,$14,$15,$16,$17,$18,$19,$20) OFFSET $21
prisma:query COMMIT
⨯ TypeError: Cannot read properties of undefined (reading 'avgPrice')
    at ProductsPage (components/ProductsPage.tsx:137:32)
  135 |
  136 |   // Stats
> 137 |   const avgPrice = globalStats.avgPrice ? Math.round(globalStats.avgPrice) : 0;
      |                                ^
  138 |   const maxPrice = globalStats.maxPrice ? Math.round(globalStats.maxPrice) : 0;
  139 |   const uniqueCats = categories.length > 1 ? categories.length - 1 : 0;
  140 | {
  digest: '3912090503'
}
 GET /inventory/products 200 in 2.0s (next.js: 4ms, application-code: 2.0s)
[browser] Uncaught TypeError: Cannot read properties of undefined (reading 'avgPrice')
    at ProductsPage (components/ProductsPage.tsx:137:32)
    at ProductsRoute (app/(dashboard)/inventory/products/page.tsx:34:7)
  135 |
  136 |   // Stats
> 137 |   const avgPrice = globalStats.avgPrice ? Math.round(globalStats.avgPrice) : 0;
      |                                ^
  138 |   const maxPrice = globalStats.maxPrice ? Math.round(globalStats.maxPrice) : 0;
  139 |   const uniqueCats = categories.length > 1 ? categories.length - 1 : 0;
  140 |
 GET /inventory/movements 200 in 342ms (next.js: 4ms, application-code: 338ms)
 GET /inventory/movements 200 in 508ms (next.js: 3ms, application-code: 505ms)
prisma:query SELECT COUNT(*) AS "_count$_all" FROM (SELECT "public"."STOCK_MOVEMENT"."movement_id" FROM "public"."STOCK_MOVEMENT" WHERE 1=1 OFFSET $1) AS "sub"
prisma:query SELECT COUNT(*) AS "_count$_all" FROM (SELECT "public"."STOCK_MOVEMENT"."movement_id" FROM "public"."STOCK_MOVEMENT" WHERE "public"."STOCK_MOVEMENT"."movement_type" = CAST($1::text AS "public"."MovementType") OFFSET $2) AS "sub"
prisma:query SELECT "public"."STOCK_MOVEMENT"."movement_id", "public"."STOCK_MOVEMENT"."stock_id", "public"."STOCK_MOVEMENT"."created_by", "public"."STOCK_MOVEMENT"."movement_type"::text, "public"."STOCK_MOVEMENT"."quantity", "public"."STOCK_MOVEMENT"."movement_date", "public"."STOCK_MOVEMENT"."notes", "public"."STOCK_MOVEMENT"."product_id" FROM "public"."STOCK_MOVEMENT" WHERE "public"."STOCK_MOVEMENT"."movement_type" = CAST($1::text AS "public"."MovementType") ORDER BY "public"."STOCK_MOVEMENT"."movement_date" DESC LIMIT $2 OFFSET $3
prisma:query SELECT "public"."STOCK_MOVEMENT"."movement_id", "public"."STOCK_MOVEMENT"."stock_id", "public"."STOCK_MOVEMENT"."created_by", "public"."STOCK_MOVEMENT"."movement_type"::text, "public"."STOCK_MOVEMENT"."quantity", "public"."STOCK_MOVEMENT"."movement_date", "public"."STOCK_MOVEMENT"."notes", "public"."STOCK_MOVEMENT"."product_id" FROM "public"."STOCK_MOVEMENT" WHERE 1=1 ORDER BY "public"."STOCK_MOVEMENT"."movement_date" DESC LIMIT $1 OFFSET $2
prisma:query SELECT "public"."STOCK"."stock_id", "public"."STOCK"."product_id", "public"."STOCK"."location_id", "public"."STOCK"."quantity_on_hand" FROM "public"."STOCK" WHERE "public"."STOCK"."stock_id" IN ($1,$2,$3,$4,$5,$6,$7,$8) OFFSET $9
prisma:query SELECT "public"."STOCK"."stock_id", "public"."STOCK"."product_id", "public"."STOCK"."location_id", "public"."STOCK"."quantity_on_hand" FROM "public"."STOCK" WHERE "public"."STOCK"."stock_id" IN ($1,$2,$3,$4,$5,$6,$7,$8,$9,$10,$11,$12,$13,$14,$15,$16,$17,$18,$19,$20) OFFSET $21
prisma:query SELECT "public"."PRODUCT"."product_id", "public"."PRODUCT"."category_id", "public"."PRODUCT"."product_code", "public"."PRODUCT"."product_name", "public"."PRODUCT"."pack_size", "public"."PRODUCT"."selling_price" FROM "public"."PRODUCT" WHERE "public"."PRODUCT"."product_id" IN ($1,$2,$3,$4,$5,$6,$7,$8) OFFSET $9
prisma:query SELECT "public"."PRODUCT"."product_id", "public"."PRODUCT"."category_id", "public"."PRODUCT"."product_code", "public"."PRODUCT"."product_name", "public"."PRODUCT"."pack_size", "public"."PRODUCT"."selling_price" FROM "public"."PRODUCT" WHERE "public"."PRODUCT"."product_id" IN ($1,$2,$3,$4,$5,$6,$7,$8,$9,$10,$11,$12,$13,$14,$15,$16,$17,$18,$19,$20) OFFSET $21
prisma:query SELECT "public"."USER"."user_id", "public"."USER"."role_id", "public"."USER"."full_name", "public"."USER"."username", "public"."USER"."password_hash" FROM "public"."USER" WHERE "public"."USER"."user_id" IN ($1,$2,$3,$4,$5,$6,$7,$8) OFFSET $9
prisma:query SELECT "public"."USER"."user_id", "public"."USER"."role_id", "public"."USER"."full_name", "public"."USER"."username", "public"."USER"."password_hash" FROM "public"."USER" WHERE "public"."USER"."user_id" IN ($1,$2,$3,$4,$5,$6,$7,$8,$9,$10,$11,$12,$13,$14,$15,$16,$17,$18,$19,$20) OFFSET $21
prisma:query SELECT "public"."INVENTORY_LOCATION"."location_id", "public"."INVENTORY_LOCATION"."code", "public"."INVENTORY_LOCATION"."name" FROM "public"."INVENTORY_LOCATION" WHERE "public"."INVENTORY_LOCATION"."location_id" IN ($1,$2,$3) OFFSET $4
prisma:query SELECT "public"."INVENTORY_LOCATION"."location_id", "public"."INVENTORY_LOCATION"."code", "public"."INVENTORY_LOCATION"."name" FROM "public"."INVENTORY_LOCATION" WHERE "public"."INVENTORY_LOCATION"."location_id" IN ($1,$2,$3,$4) OFFSET $5
prisma:query COMMIT
 GET /api/stock-movements?page=1&pageSize=20&movement_type=ISSUE 200 in 2.3s (next.js: 5ms, application-code: 2.3s)
prisma:query COMMIT
 GET /api/stock-movements?page=1&pageSize=20 200 in 2.4s (next.js: 5ms, application-code: 2.4s)
✓ Compiled in 1007ms
✓ Compiled in 46ms
 GET / 200 in 183ms (next.js: 59ms, application-code: 124ms)
 GET / 200 in 105ms (next.js: 3ms, application-code: 102ms)
prisma:query SELECT "public"."CATEGORY"."category_id", "public"."CATEGORY"."name", "public"."CATEGORY"."tag" FROM "public"."CATEGORY" WHERE 1=1 ORDER BY "public"."CATEGORY"."name" ASC OFFSET $1
 GET /api/categories 200 in 1339ms (next.js: 3ms, application-code: 1336ms)
prisma:query SELECT COUNT(*) AS "_count$_all" FROM (SELECT "public"."STOCK"."stock_id" FROM "public"."STOCK" WHERE 1=1 OFFSET $1) AS "sub"
prisma:query SELECT "public"."INVENTORY_LOCATION"."location_id", "public"."INVENTORY_LOCATION"."code", "public"."INVENTORY_LOCATION"."name" FROM "public"."INVENTORY_LOCATION" WHERE 1=1 ORDER BY "public"."INVENTORY_LOCATION"."location_id" ASC OFFSET $1
 GET /api/locations 200 in 203ms (next.js: 3ms, application-code: 200ms)
prisma:query SELECT "public"."STOCK"."stock_id", "public"."STOCK"."product_id", "public"."STOCK"."location_id", "public"."STOCK"."quantity_on_hand" FROM "public"."STOCK" LEFT JOIN "public"."INVENTORY_LOCATION" AS "orderby_1" ON ("orderby_1"."location_id") = ("public"."STOCK"."location_id") LEFT JOIN "public"."PRODUCT" AS "orderby_2" ON ("orderby_2"."product_id") = ("public"."STOCK"."product_id") WHERE 1=1 ORDER BY "orderby_1"."location_id" ASC, "orderby_2"."product_name" ASC LIMIT $1 OFFSET $2
prisma:query SELECT "public"."STOCK"."stock_id", "public"."STOCK"."product_id", "public"."STOCK"."location_id", "public"."STOCK"."quantity_on_hand" FROM "public"."STOCK" WHERE ("public"."STOCK"."product_id" = $1 AND "public"."STOCK"."location_id" = $2) LIMIT $3 OFFSET $4
prisma:query SELECT "public"."PRODUCT"."product_id", "public"."PRODUCT"."category_id", "public"."PRODUCT"."product_code", "public"."PRODUCT"."product_name", "public"."PRODUCT"."pack_size", "public"."PRODUCT"."selling_price" FROM "public"."PRODUCT" WHERE "public"."PRODUCT"."product_id" IN ($1,$2,$3,$4,$5,$6,$7,$8,$9,$10,$11,$12,$13,$14,$15,$16,$17) OFFSET $18
prisma:query UPDATE "public"."STOCK" SET "quantity_on_hand" = ("public"."STOCK"."quantity_on_hand" + $1) WHERE ("public"."STOCK"."stock_id" = $2 AND 1=1) RETURNING "public"."STOCK"."stock_id", "public"."STOCK"."product_id", "public"."STOCK"."location_id", "public"."STOCK"."quantity_on_hand"
prisma:query SELECT "public"."INVENTORY_LOCATION"."location_id", "public"."INVENTORY_LOCATION"."code", "public"."INVENTORY_LOCATION"."name" FROM "public"."INVENTORY_LOCATION" WHERE "public"."INVENTORY_LOCATION"."location_id" IN ($1,$2,$3,$4,$5,$6,$7,$8,$9,$10,$11,$12,$13,$14,$15,$16,$17) OFFSET $18
prisma:query INSERT INTO "public"."STOCK_MOVEMENT" ("stock_id","created_by","movement_type","quantity","movement_date","notes","product_id") VALUES ($1,$2,CAST($3::text AS "public"."MovementType"),$4,$5,$6,$7) RETURNING "public"."STOCK_MOVEMENT"."movement_id", "public"."STOCK_MOVEMENT"."stock_id", "public"."STOCK_MOVEMENT"."created_by", "public"."STOCK_MOVEMENT"."movement_type"::text, "public"."STOCK_MOVEMENT"."quantity", "public"."STOCK_MOVEMENT"."movement_date", "public"."STOCK_MOVEMENT"."notes", "public"."STOCK_MOVEMENT"."product_id"
"revalidateTag" without the second argument is now deprecated, add second argument of "max" or use "updateTag". See more info here: https://nextjs.org/docs/messages/revalidate-tag-single-arg
 POST /api/inventory/stock 201 in 596ms (next.js: 3ms, application-code: 593ms)
prisma:query SELECT "public"."CATEGORY"."category_id", "public"."CATEGORY"."name", "public"."CATEGORY"."tag" FROM "public"."CATEGORY" WHERE "public"."CATEGORY"."category_id" IN ($1,$2,$3,$4,$5,$6,$7,$8,$9,$10,$11,$12,$13) OFFSET $14
prisma:query SELECT "public"."PRODUCT"."product_id", "public"."PRODUCT"."category_id", "public"."PRODUCT"."product_code", "public"."PRODUCT"."product_name", "public"."PRODUCT"."pack_size", "public"."PRODUCT"."selling_price" FROM "public"."PRODUCT" WHERE "public"."PRODUCT"."product_code" = $1 LIMIT $2 OFFSET $3
prisma:query COMMIT
prisma:query SELECT "public"."INVENTORY_LOCATION"."location_id", "public"."INVENTORY_LOCATION"."code", "public"."INVENTORY_LOCATION"."name" FROM "public"."INVENTORY_LOCATION" WHERE "public"."INVENTORY_LOCATION"."code" = $1 LIMIT $2 OFFSET $3
 POST /api/inventory/import 400 in 398ms (next.js: 3ms, application-code: 395ms)
prisma:query 
      SELECT
        l.location_id,
        l.code,
        l.name,
        COUNT(s.stock_id)                                                     AS total_products,
        COALESCE(SUM(s.quantity_on_hand), 0)                                  AS total_units,
        COUNT(CASE WHEN s.quantity_on_hand > 0
                    AND s.quantity_on_hand < $1 THEN 1 END)     AS low_count,
        COUNT(CASE WHEN s.quantity_on_hand <= 0              THEN 1 END)      AS out_count
      FROM "INVENTORY_LOCATION" l
      LEFT JOIN "STOCK" s ON s.location_id = l.location_id
      GROUP BY l.location_id, l.code, l.name
      ORDER BY l.location_id
    
prisma:query UPDATE "public"."PRODUCT" SET "product_name" = $1, "selling_price" = $2 WHERE ("public"."PRODUCT"."product_id" = $3 AND 1=1) RETURNING "public"."PRODUCT"."product_id", "public"."PRODUCT"."category_id", "public"."PRODUCT"."product_code", "public"."PRODUCT"."product_name", "public"."PRODUCT"."pack_size", "public"."PRODUCT"."selling_price"
prisma:query SELECT "public"."PRODUCT"."product_id", "public"."PRODUCT"."category_id", "public"."PRODUCT"."product_code", "public"."PRODUCT"."product_name", "public"."PRODUCT"."pack_size", "public"."PRODUCT"."selling_price" FROM "public"."PRODUCT" WHERE "public"."PRODUCT"."product_id" = $1 LIMIT $2 OFFSET $3
prisma:query SELECT "public"."CATEGORY"."category_id", "public"."CATEGORY"."name", "public"."CATEGORY"."tag" FROM "public"."CATEGORY" WHERE "public"."CATEGORY"."category_id" = $1 OFFSET $2
prisma:query SELECT COUNT(*) AS "_count$_all" FROM (SELECT "public"."STOCK_MOVEMENT"."movement_id" FROM "public"."STOCK_MOVEMENT" WHERE 1=1 OFFSET $1) AS "sub"
prisma:query COMMIT
"revalidateTag" without the second argument is now deprecated, add second argument of "max" or use "updateTag". See more info here: https://nextjs.org/docs/messages/revalidate-tag-single-arg
 PATCH /api/products/1 200 in 1031ms (next.js: 45ms, application-code: 986ms)
prisma:query SELECT "public"."STOCK_MOVEMENT"."movement_id", "public"."STOCK_MOVEMENT"."stock_id", "public"."STOCK_MOVEMENT"."created_by", "public"."STOCK_MOVEMENT"."movement_type"::text, "public"."STOCK_MOVEMENT"."quantity", "public"."STOCK_MOVEMENT"."movement_date", "public"."STOCK_MOVEMENT"."notes", "public"."STOCK_MOVEMENT"."product_id" FROM "public"."STOCK_MOVEMENT" WHERE 1=1 ORDER BY "public"."STOCK_MOVEMENT"."movement_date" DESC LIMIT $1 OFFSET $2
prisma:query SELECT "public"."STOCK"."stock_id", "public"."STOCK"."product_id", "public"."STOCK"."location_id", "public"."STOCK"."quantity_on_hand" FROM "public"."STOCK" WHERE "public"."STOCK"."product_id" = $1 LIMIT $2 OFFSET $3
prisma:query SELECT "public"."STOCK"."stock_id", "public"."STOCK"."product_id", "public"."STOCK"."location_id", "public"."STOCK"."quantity_on_hand" FROM "public"."STOCK" WHERE "public"."STOCK"."stock_id" IN ($1,$2,$3,$4,$5,$6,$7,$8,$9,$10,$11,$12,$13,$14,$15,$16,$17,$18,$19,$20) OFFSET $21
prisma:query DELETE FROM "public"."PRODUCT" WHERE ("public"."PRODUCT"."product_id" = $1 AND 1=1) RETURNING "public"."PRODUCT"."product_id", "public"."PRODUCT"."category_id", "public"."PRODUCT"."product_code", "public"."PRODUCT"."product_name", "public"."PRODUCT"."pack_size", "public"."PRODUCT"."selling_price"
prisma:error 
Invalid `__TURBOPACK__imported__module__$5b$project$5d2f$lib$2f$prisma$2e$ts__$5b$app$2d$route$5d$__$28$ecmascript$29$__["prisma"].product.delete()` invocation in
/app/.next/dev/server/chunks/[root-of-the-server]__10d~d~r._.js:495:163

  492     }
  493 });
  494 if (hasStock) throw new Error("Cannot delete product with existing stock entries");
→ 495 const product = await __TURBOPACK__imported__module__$5b$project$5d2f$lib$2f$prisma$2e$ts__$5b$app$2d$route$5d$__$28$ecmascript$29$__["prisma"].product.delete(
An operation failed because it depends on one or more records that were required but not found. No record was found for a delete.
 DELETE /api/products/9999 400 in 453ms (next.js: 54ms, application-code: 399ms)
prisma:query SELECT "public"."PRODUCT"."product_id", "public"."PRODUCT"."category_id", "public"."PRODUCT"."product_code", "public"."PRODUCT"."product_name", "public"."PRODUCT"."pack_size", "public"."PRODUCT"."selling_price" FROM "public"."PRODUCT" WHERE "public"."PRODUCT"."product_id" IN ($1,$2,$3,$4,$5,$6,$7,$8,$9,$10,$11,$12,$13,$14,$15,$16,$17,$18,$19,$20) OFFSET $21
prisma:query SELECT "public"."USER"."user_id", "public"."USER"."role_id", "public"."USER"."full_name", "public"."USER"."username", "public"."USER"."password_hash" FROM "public"."USER" WHERE "public"."USER"."user_id" IN ($1,$2,$3,$4,$5,$6,$7,$8,$9,$10,$11,$12,$13,$14,$15,$16,$17,$18,$19,$20) OFFSET $21
prisma:query SELECT "public"."STOCK_MOVEMENT"."movement_id", "public"."STOCK_MOVEMENT"."stock_id", "public"."STOCK_MOVEMENT"."created_by", "public"."STOCK_MOVEMENT"."movement_type"::text, "public"."STOCK_MOVEMENT"."quantity", "public"."STOCK_MOVEMENT"."movement_date", "public"."STOCK_MOVEMENT"."notes", "public"."STOCK_MOVEMENT"."product_id" FROM "public"."STOCK_MOVEMENT" WHERE ("public"."STOCK_MOVEMENT"."movement_id" = $1 AND 1=1) LIMIT $2 OFFSET $3
[DELETE /api/stock-movements/9999] Error: Movement not found
    at deleteMovement (lib/inventoryService.ts:457:24)
    at async DELETE (app/api/stock-movements/[movementId]/route.ts:7:5)
  455 | export async function deleteMovement(movementId: number) {
  456 |   const movement = await prisma.stockMovement.findUnique({ where: { movement_id: movement...
> 457 |   if (!movement) throw new Error("Movement not found");
      |                        ^
  458 |
  459 |   const stock = await prisma.stock.findUnique({ where: { stock_id: movement.stock_id } });
  460 |   if (!stock) throw new Error("Stock not found");
 DELETE /api/stock-movements/9999 400 in 479ms (next.js: 40ms, application-code: 440ms)
prisma:query SELECT "public"."INVENTORY_LOCATION"."location_id", "public"."INVENTORY_LOCATION"."code", "public"."INVENTORY_LOCATION"."name" FROM "public"."INVENTORY_LOCATION" WHERE "public"."INVENTORY_LOCATION"."location_id" IN ($1,$2,$3,$4) OFFSET $5
prisma:query COMMIT
 GET /inventory 200 in 5.0s (next.js: 4ms, application-code: 5.0s)
prisma:query SELECT "public"."INVENTORY_LOCATION"."location_id", "public"."INVENTORY_LOCATION"."code", "public"."INVENTORY_LOCATION"."name" FROM "public"."INVENTORY_LOCATION" WHERE 1=1 ORDER BY "public"."INVENTORY_LOCATION"."location_id" ASC OFFSET $1
 GET /api/locations 200 in 207ms (next.js: 5ms, application-code: 202ms)
prisma:query SELECT COUNT(*) AS "_count$_all" FROM (SELECT "public"."STOCK"."stock_id" FROM "public"."STOCK" WHERE 1=1 OFFSET $1) AS "sub"
prisma:query SELECT "public"."STOCK"."stock_id", "public"."STOCK"."product_id", "public"."STOCK"."location_id", "public"."STOCK"."quantity_on_hand" FROM "public"."STOCK" LEFT JOIN "public"."INVENTORY_LOCATION" AS "orderby_1" ON ("orderby_1"."location_id") = ("public"."STOCK"."location_id") LEFT JOIN "public"."PRODUCT" AS "orderby_2" ON ("orderby_2"."product_id") = ("public"."STOCK"."product_id") WHERE 1=1 ORDER BY "orderby_1"."location_id" ASC, "orderby_2"."product_name" ASC LIMIT $1 OFFSET $2
prisma:query SELECT "public"."PRODUCT"."product_id", "public"."PRODUCT"."category_id", "public"."PRODUCT"."product_code", "public"."PRODUCT"."product_name", "public"."PRODUCT"."pack_size", "public"."PRODUCT"."selling_price" FROM "public"."PRODUCT" WHERE "public"."PRODUCT"."product_id" IN ($1,$2,$3,$4,$5,$6,$7,$8,$9,$10,$11,$12,$13,$14,$15,$16,$17) OFFSET $18
prisma:query SELECT "public"."INVENTORY_LOCATION"."location_id", "public"."INVENTORY_LOCATION"."code", "public"."INVENTORY_LOCATION"."name" FROM "public"."INVENTORY_LOCATION" WHERE "public"."INVENTORY_LOCATION"."location_id" IN ($1,$2,$3,$4,$5,$6,$7,$8,$9,$10,$11,$12,$13,$14,$15,$16,$17) OFFSET $18
prisma:query SELECT "public"."CATEGORY"."category_id", "public"."CATEGORY"."name", "public"."CATEGORY"."tag" FROM "public"."CATEGORY" WHERE "public"."CATEGORY"."category_id" IN ($1,$2,$3,$4,$5,$6,$7,$8,$9,$10,$11,$12,$13) OFFSET $14
prisma:query COMMIT
prisma:query 
      SELECT
        l.location_id,
        l.code,
        l.name,
        COUNT(s.stock_id)                                                     AS total_products,
        COALESCE(SUM(s.quantity_on_hand), 0)                                  AS total_units,
        COUNT(CASE WHEN s.quantity_on_hand > 0
                    AND s.quantity_on_hand < $1 THEN 1 END)     AS low_count,
        COUNT(CASE WHEN s.quantity_on_hand <= 0              THEN 1 END)      AS out_count
      FROM "INVENTORY_LOCATION" l
      LEFT JOIN "STOCK" s ON s.location_id = l.location_id
      GROUP BY l.location_id, l.code, l.name
      ORDER BY l.location_id
    
prisma:query SELECT COUNT(*) AS "_count$_all" FROM (SELECT "public"."STOCK_MOVEMENT"."movement_id" FROM "public"."STOCK_MOVEMENT" WHERE 1=1 OFFSET $1) AS "sub"
prisma:query SELECT "public"."STOCK_MOVEMENT"."movement_id", "public"."STOCK_MOVEMENT"."stock_id", "public"."STOCK_MOVEMENT"."created_by", "public"."STOCK_MOVEMENT"."movement_type"::text, "public"."STOCK_MOVEMENT"."quantity", "public"."STOCK_MOVEMENT"."movement_date", "public"."STOCK_MOVEMENT"."notes", "public"."STOCK_MOVEMENT"."product_id" FROM "public"."STOCK_MOVEMENT" WHERE 1=1 ORDER BY "public"."STOCK_MOVEMENT"."movement_date" DESC LIMIT $1 OFFSET $2
prisma:query SELECT "public"."STOCK"."stock_id", "public"."STOCK"."product_id", "public"."STOCK"."location_id", "public"."STOCK"."quantity_on_hand" FROM "public"."STOCK" WHERE "public"."STOCK"."stock_id" IN ($1,$2,$3,$4,$5,$6,$7,$8,$9,$10,$11,$12,$13,$14,$15,$16,$17,$18,$19,$20) OFFSET $21
prisma:query SELECT "public"."PRODUCT"."product_id", "public"."PRODUCT"."category_id", "public"."PRODUCT"."product_code", "public"."PRODUCT"."product_name", "public"."PRODUCT"."pack_size", "public"."PRODUCT"."selling_price" FROM "public"."PRODUCT" WHERE "public"."PRODUCT"."product_id" IN ($1,$2,$3,$4,$5,$6,$7,$8,$9,$10,$11,$12,$13,$14,$15,$16,$17,$18,$19,$20) OFFSET $21
prisma:query SELECT "public"."USER"."user_id", "public"."USER"."role_id", "public"."USER"."full_name", "public"."USER"."username", "public"."USER"."password_hash" FROM "public"."USER" WHERE "public"."USER"."user_id" IN ($1,$2,$3,$4,$5,$6,$7,$8,$9,$10,$11,$12,$13,$14,$15,$16,$17,$18,$19,$20) OFFSET $21
prisma:query SELECT "public"."INVENTORY_LOCATION"."location_id", "public"."INVENTORY_LOCATION"."code", "public"."INVENTORY_LOCATION"."name" FROM "public"."INVENTORY_LOCATION" WHERE "public"."INVENTORY_LOCATION"."location_id" IN ($1,$2,$3,$4) OFFSET $5
prisma:query COMMIT
 GET /inventory 200 in 3.1s (next.js: 4ms, application-code: 3.1s)
prisma:query SELECT "public"."INVENTORY_LOCATION"."location_id", "public"."INVENTORY_LOCATION"."code", "public"."INVENTORY_LOCATION"."name" FROM "public"."INVENTORY_LOCATION" WHERE 1=1 ORDER BY "public"."INVENTORY_LOCATION"."location_id" ASC OFFSET $1
 GET /api/locations 200 in 214ms (next.js: 8ms, application-code: 206ms)
prisma:query SELECT COUNT(*) AS "_count$_all" FROM (SELECT "public"."STOCK"."stock_id" FROM "public"."STOCK" WHERE 1=1 OFFSET $1) AS "sub"
prisma:query SELECT "public"."STOCK"."stock_id", "public"."STOCK"."product_id", "public"."STOCK"."location_id", "public"."STOCK"."quantity_on_hand" FROM "public"."STOCK" LEFT JOIN "public"."INVENTORY_LOCATION" AS "orderby_1" ON ("orderby_1"."location_id") = ("public"."STOCK"."location_id") LEFT JOIN "public"."PRODUCT" AS "orderby_2" ON ("orderby_2"."product_id") = ("public"."STOCK"."product_id") WHERE 1=1 ORDER BY "orderby_1"."location_id" ASC, "orderby_2"."product_name" ASC LIMIT $1 OFFSET $2
prisma:query SELECT "public"."PRODUCT"."product_id", "public"."PRODUCT"."category_id", "public"."PRODUCT"."product_code", "public"."PRODUCT"."product_name", "public"."PRODUCT"."pack_size", "public"."PRODUCT"."selling_price" FROM "public"."PRODUCT" WHERE "public"."PRODUCT"."product_id" IN ($1,$2,$3,$4,$5,$6,$7,$8,$9,$10,$11,$12,$13,$14,$15,$16,$17) OFFSET $18
prisma:query SELECT "public"."INVENTORY_LOCATION"."location_id", "public"."INVENTORY_LOCATION"."code", "public"."INVENTORY_LOCATION"."name" FROM "public"."INVENTORY_LOCATION" WHERE "public"."INVENTORY_LOCATION"."location_id" IN ($1,$2,$3,$4,$5,$6,$7,$8,$9,$10,$11,$12,$13,$14,$15,$16,$17) OFFSET $18
prisma:query SELECT "public"."CATEGORY"."category_id", "public"."CATEGORY"."name", "public"."CATEGORY"."tag" FROM "public"."CATEGORY" WHERE "public"."CATEGORY"."category_id" IN ($1,$2,$3,$4,$5,$6,$7,$8,$9,$10,$11,$12,$13) OFFSET $14
prisma:query COMMIT
prisma:query SELECT COUNT(*) AS "_count$_all" FROM (SELECT "public"."STOCK_MOVEMENT"."movement_id" FROM "public"."STOCK_MOVEMENT" WHERE 1=1 OFFSET $1) AS "sub"
prisma:query SELECT "public"."STOCK_MOVEMENT"."movement_id", "public"."STOCK_MOVEMENT"."stock_id", "public"."STOCK_MOVEMENT"."created_by", "public"."STOCK_MOVEMENT"."movement_type"::text, "public"."STOCK_MOVEMENT"."quantity", "public"."STOCK_MOVEMENT"."movement_date", "public"."STOCK_MOVEMENT"."notes", "public"."STOCK_MOVEMENT"."product_id" FROM "public"."STOCK_MOVEMENT" WHERE 1=1 ORDER BY "public"."STOCK_MOVEMENT"."movement_date" DESC LIMIT $1 OFFSET $2
prisma:query SELECT "public"."STOCK"."stock_id", "public"."STOCK"."product_id", "public"."STOCK"."location_id", "public"."STOCK"."quantity_on_hand" FROM "public"."STOCK" WHERE "public"."STOCK"."stock_id" IN ($1,$2,$3,$4,$5,$6,$7,$8,$9,$10,$11,$12,$13,$14,$15,$16,$17,$18,$19,$20) OFFSET $21
prisma:query SELECT "public"."PRODUCT"."product_id", "public"."PRODUCT"."category_id", "public"."PRODUCT"."product_code", "public"."PRODUCT"."product_name", "public"."PRODUCT"."pack_size", "public"."PRODUCT"."selling_price" FROM "public"."PRODUCT" WHERE "public"."PRODUCT"."product_id" IN ($1,$2,$3,$4,$5,$6,$7,$8,$9,$10,$11,$12,$13,$14,$15,$16,$17,$18,$19,$20) OFFSET $21
prisma:query SELECT "public"."USER"."user_id", "public"."USER"."role_id", "public"."USER"."full_name", "public"."USER"."username", "public"."USER"."password_hash" FROM "public"."USER" WHERE "public"."USER"."user_id" IN ($1,$2,$3,$4,$5,$6,$7,$8,$9,$10,$11,$12,$13,$14,$15,$16,$17,$18,$19,$20) OFFSET $21
prisma:query SELECT "public"."INVENTORY_LOCATION"."location_id", "public"."INVENTORY_LOCATION"."code", "public"."INVENTORY_LOCATION"."name" FROM "public"."INVENTORY_LOCATION" WHERE "public"."INVENTORY_LOCATION"."location_id" IN ($1,$2,$3,$4) OFFSET $5
prisma:query COMMIT
 GET /inventory 200 in 3.0s (next.js: 3ms, application-code: 3.0s)
prisma:query SELECT "public"."INVENTORY_LOCATION"."location_id", "public"."INVENTORY_LOCATION"."code", "public"."INVENTORY_LOCATION"."name" FROM "public"."INVENTORY_LOCATION" WHERE 1=1 ORDER BY "public"."INVENTORY_LOCATION"."location_id" ASC OFFSET $1
 GET /api/locations 200 in 216ms (next.js: 3ms, application-code: 213ms)
prisma:query SELECT COUNT(*) AS "_count$_all" FROM (SELECT "public"."STOCK"."stock_id" FROM "public"."STOCK" WHERE 1=1 OFFSET $1) AS "sub"
prisma:query SELECT "public"."STOCK"."stock_id", "public"."STOCK"."product_id", "public"."STOCK"."location_id", "public"."STOCK"."quantity_on_hand" FROM "public"."STOCK" LEFT JOIN "public"."INVENTORY_LOCATION" AS "orderby_1" ON ("orderby_1"."location_id") = ("public"."STOCK"."location_id") LEFT JOIN "public"."PRODUCT" AS "orderby_2" ON ("orderby_2"."product_id") = ("public"."STOCK"."product_id") WHERE 1=1 ORDER BY "orderby_1"."location_id" ASC, "orderby_2"."product_name" ASC LIMIT $1 OFFSET $2
prisma:query SELECT "public"."PRODUCT"."product_id", "public"."PRODUCT"."category_id", "public"."PRODUCT"."product_code", "public"."PRODUCT"."product_name", "public"."PRODUCT"."pack_size", "public"."PRODUCT"."selling_price" FROM "public"."PRODUCT" WHERE "public"."PRODUCT"."product_id" IN ($1,$2,$3,$4,$5,$6,$7,$8,$9,$10,$11,$12,$13,$14,$15,$16,$17) OFFSET $18
prisma:query SELECT "public"."INVENTORY_LOCATION"."location_id", "public"."INVENTORY_LOCATION"."code", "public"."INVENTORY_LOCATION"."name" FROM "public"."INVENTORY_LOCATION" WHERE "public"."INVENTORY_LOCATION"."location_id" IN ($1,$2,$3,$4,$5,$6,$7,$8,$9,$10,$11,$12,$13,$14,$15,$16,$17) OFFSET $18
prisma:query SELECT "public"."CATEGORY"."category_id", "public"."CATEGORY"."name", "public"."CATEGORY"."tag" FROM "public"."CATEGORY" WHERE "public"."CATEGORY"."category_id" IN ($1,$2,$3,$4,$5,$6,$7,$8,$9,$10,$11,$12,$13) OFFSET $14
prisma:query COMMIT
prisma:query SELECT COUNT(*) AS "_count$_all" FROM (SELECT "public"."STOCK_MOVEMENT"."movement_id" FROM "public"."STOCK_MOVEMENT" WHERE 1=1 OFFSET $1) AS "sub"
prisma:query SELECT "public"."STOCK_MOVEMENT"."movement_id", "public"."STOCK_MOVEMENT"."stock_id", "public"."STOCK_MOVEMENT"."created_by", "public"."STOCK_MOVEMENT"."movement_type"::text, "public"."STOCK_MOVEMENT"."quantity", "public"."STOCK_MOVEMENT"."movement_date", "public"."STOCK_MOVEMENT"."notes", "public"."STOCK_MOVEMENT"."product_id" FROM "public"."STOCK_MOVEMENT" WHERE 1=1 ORDER BY "public"."STOCK_MOVEMENT"."movement_date" DESC LIMIT $1 OFFSET $2
prisma:query SELECT "public"."STOCK"."stock_id", "public"."STOCK"."product_id", "public"."STOCK"."location_id", "public"."STOCK"."quantity_on_hand" FROM "public"."STOCK" WHERE "public"."STOCK"."stock_id" IN ($1,$2,$3,$4,$5,$6,$7,$8,$9,$10,$11,$12,$13,$14,$15,$16,$17,$18,$19,$20) OFFSET $21
prisma:query SELECT "public"."PRODUCT"."product_id", "public"."PRODUCT"."category_id", "public"."PRODUCT"."product_code", "public"."PRODUCT"."product_name", "public"."PRODUCT"."pack_size", "public"."PRODUCT"."selling_price" FROM "public"."PRODUCT" WHERE "public"."PRODUCT"."product_id" IN ($1,$2,$3,$4,$5,$6,$7,$8,$9,$10,$11,$12,$13,$14,$15,$16,$17,$18,$19,$20) OFFSET $21
prisma:query SELECT "public"."USER"."user_id", "public"."USER"."role_id", "public"."USER"."full_name", "public"."USER"."username", "public"."USER"."password_hash" FROM "public"."USER" WHERE "public"."USER"."user_id" IN ($1,$2,$3,$4,$5,$6,$7,$8,$9,$10,$11,$12,$13,$14,$15,$16,$17,$18,$19,$20) OFFSET $21
prisma:query SELECT "public"."INVENTORY_LOCATION"."location_id", "public"."INVENTORY_LOCATION"."code", "public"."INVENTORY_LOCATION"."name" FROM "public"."INVENTORY_LOCATION" WHERE "public"."INVENTORY_LOCATION"."location_id" IN ($1,$2,$3,$4) OFFSET $5
prisma:query COMMIT
 GET /inventory 200 in 3.1s (next.js: 3ms, application-code: 3.1s)
prisma:query SELECT "public"."INVENTORY_LOCATION"."location_id", "public"."INVENTORY_LOCATION"."code", "public"."INVENTORY_LOCATION"."name" FROM "public"."INVENTORY_LOCATION" WHERE 1=1 ORDER BY "public"."INVENTORY_LOCATION"."location_id" ASC OFFSET $1
 GET /api/locations 200 in 226ms (next.js: 17ms, application-code: 209ms)
prisma:query SELECT COUNT(*) AS "_count$_all" FROM (SELECT "public"."STOCK"."stock_id" FROM "public"."STOCK" WHERE 1=1 OFFSET $1) AS "sub"
prisma:query SELECT "public"."STOCK"."stock_id", "public"."STOCK"."product_id", "public"."STOCK"."location_id", "public"."STOCK"."quantity_on_hand" FROM "public"."STOCK" LEFT JOIN "public"."INVENTORY_LOCATION" AS "orderby_1" ON ("orderby_1"."location_id") = ("public"."STOCK"."location_id") LEFT JOIN "public"."PRODUCT" AS "orderby_2" ON ("orderby_2"."product_id") = ("public"."STOCK"."product_id") WHERE 1=1 ORDER BY "orderby_1"."location_id" ASC, "orderby_2"."product_name" ASC LIMIT $1 OFFSET $2
prisma:query SELECT "public"."PRODUCT"."product_id", "public"."PRODUCT"."category_id", "public"."PRODUCT"."product_code", "public"."PRODUCT"."product_name", "public"."PRODUCT"."pack_size", "public"."PRODUCT"."selling_price" FROM "public"."PRODUCT" WHERE "public"."PRODUCT"."product_id" IN ($1,$2,$3,$4,$5,$6,$7,$8,$9,$10,$11,$12,$13,$14,$15,$16,$17) OFFSET $18
prisma:query SELECT "public"."INVENTORY_LOCATION"."location_id", "public"."INVENTORY_LOCATION"."code", "public"."INVENTORY_LOCATION"."name" FROM "public"."INVENTORY_LOCATION" WHERE "public"."INVENTORY_LOCATION"."location_id" IN ($1,$2,$3,$4,$5,$6,$7,$8,$9,$10,$11,$12,$13,$14,$15,$16,$17) OFFSET $18
prisma:query SELECT "public"."CATEGORY"."category_id", "public"."CATEGORY"."name", "public"."CATEGORY"."tag" FROM "public"."CATEGORY" WHERE "public"."CATEGORY"."category_id" IN ($1,$2,$3,$4,$5,$6,$7,$8,$9,$10,$11,$12,$13) OFFSET $14
prisma:query COMMIT
prisma:query SELECT COUNT(*) AS "_count$_all" FROM (SELECT "public"."STOCK_MOVEMENT"."movement_id" FROM "public"."STOCK_MOVEMENT" WHERE 1=1 OFFSET $1) AS "sub"
prisma:query SELECT "public"."STOCK_MOVEMENT"."movement_id", "public"."STOCK_MOVEMENT"."stock_id", "public"."STOCK_MOVEMENT"."created_by", "public"."STOCK_MOVEMENT"."movement_type"::text, "public"."STOCK_MOVEMENT"."quantity", "public"."STOCK_MOVEMENT"."movement_date", "public"."STOCK_MOVEMENT"."notes", "public"."STOCK_MOVEMENT"."product_id" FROM "public"."STOCK_MOVEMENT" WHERE 1=1 ORDER BY "public"."STOCK_MOVEMENT"."movement_date" DESC LIMIT $1 OFFSET $2
prisma:query SELECT "public"."STOCK"."stock_id", "public"."STOCK"."product_id", "public"."STOCK"."location_id", "public"."STOCK"."quantity_on_hand" FROM "public"."STOCK" WHERE "public"."STOCK"."stock_id" IN ($1,$2,$3,$4,$5,$6,$7,$8,$9,$10,$11,$12,$13,$14,$15,$16,$17,$18,$19,$20) OFFSET $21
prisma:query SELECT "public"."PRODUCT"."product_id", "public"."PRODUCT"."category_id", "public"."PRODUCT"."product_code", "public"."PRODUCT"."product_name", "public"."PRODUCT"."pack_size", "public"."PRODUCT"."selling_price" FROM "public"."PRODUCT" WHERE "public"."PRODUCT"."product_id" IN ($1,$2,$3,$4,$5,$6,$7,$8,$9,$10,$11,$12,$13,$14,$15,$16,$17,$18,$19,$20) OFFSET $21
prisma:query SELECT "public"."USER"."user_id", "public"."USER"."role_id", "public"."USER"."full_name", "public"."USER"."username", "public"."USER"."password_hash" FROM "public"."USER" WHERE "public"."USER"."user_id" IN ($1,$2,$3,$4,$5,$6,$7,$8,$9,$10,$11,$12,$13,$14,$15,$16,$17,$18,$19,$20) OFFSET $21
prisma:query SELECT "public"."INVENTORY_LOCATION"."location_id", "public"."INVENTORY_LOCATION"."code", "public"."INVENTORY_LOCATION"."name" FROM "public"."INVENTORY_LOCATION" WHERE "public"."INVENTORY_LOCATION"."location_id" IN ($1,$2,$3,$4) OFFSET $5
prisma:query COMMIT
 GET /inventory 200 in 3.1s (next.js: 3ms, application-code: 3.0s)
prisma:query SELECT "public"."INVENTORY_LOCATION"."location_id", "public"."INVENTORY_LOCATION"."code", "public"."INVENTORY_LOCATION"."name" FROM "public"."INVENTORY_LOCATION" WHERE 1=1 ORDER BY "public"."INVENTORY_LOCATION"."location_id" ASC OFFSET $1
 GET /api/locations 200 in 203ms (next.js: 3ms, application-code: 201ms)
prisma:query SELECT COUNT(*) AS "_count$_all" FROM (SELECT "public"."STOCK"."stock_id" FROM "public"."STOCK" WHERE 1=1 OFFSET $1) AS "sub"
prisma:query SELECT "public"."STOCK"."stock_id", "public"."STOCK"."product_id", "public"."STOCK"."location_id", "public"."STOCK"."quantity_on_hand" FROM "public"."STOCK" LEFT JOIN "public"."INVENTORY_LOCATION" AS "orderby_1" ON ("orderby_1"."location_id") = ("public"."STOCK"."location_id") LEFT JOIN "public"."PRODUCT" AS "orderby_2" ON ("orderby_2"."product_id") = ("public"."STOCK"."product_id") WHERE 1=1 ORDER BY "orderby_1"."location_id" ASC, "orderby_2"."product_name" ASC LIMIT $1 OFFSET $2
prisma:query SELECT "public"."PRODUCT"."product_id", "public"."PRODUCT"."category_id", "public"."PRODUCT"."product_code", "public"."PRODUCT"."product_name", "public"."PRODUCT"."pack_size", "public"."PRODUCT"."selling_price" FROM "public"."PRODUCT" WHERE "public"."PRODUCT"."product_id" IN ($1,$2,$3,$4,$5,$6,$7,$8,$9,$10,$11,$12,$13,$14,$15,$16,$17) OFFSET $18
prisma:query SELECT "public"."INVENTORY_LOCATION"."location_id", "public"."INVENTORY_LOCATION"."code", "public"."INVENTORY_LOCATION"."name" FROM "public"."INVENTORY_LOCATION" WHERE "public"."INVENTORY_LOCATION"."location_id" IN ($1,$2,$3,$4,$5,$6,$7,$8,$9,$10,$11,$12,$13,$14,$15,$16,$17) OFFSET $18
prisma:query SELECT "public"."CATEGORY"."category_id", "public"."CATEGORY"."name", "public"."CATEGORY"."tag" FROM "public"."CATEGORY" WHERE "public"."CATEGORY"."category_id" IN ($1,$2,$3,$4,$5,$6,$7,$8,$9,$10,$11,$12,$13) OFFSET $14
prisma:query COMMIT
prisma:query SELECT COUNT(*) AS "_count$_all" FROM (SELECT "public"."STOCK_MOVEMENT"."movement_id" FROM "public"."STOCK_MOVEMENT" WHERE 1=1 OFFSET $1) AS "sub"
prisma:query SELECT "public"."STOCK_MOVEMENT"."movement_id", "public"."STOCK_MOVEMENT"."stock_id", "public"."STOCK_MOVEMENT"."created_by", "public"."STOCK_MOVEMENT"."movement_type"::text, "public"."STOCK_MOVEMENT"."quantity", "public"."STOCK_MOVEMENT"."movement_date", "public"."STOCK_MOVEMENT"."notes", "public"."STOCK_MOVEMENT"."product_id" FROM "public"."STOCK_MOVEMENT" WHERE 1=1 ORDER BY "public"."STOCK_MOVEMENT"."movement_date" DESC LIMIT $1 OFFSET $2
prisma:query SELECT "public"."STOCK"."stock_id", "public"."STOCK"."product_id", "public"."STOCK"."location_id", "public"."STOCK"."quantity_on_hand" FROM "public"."STOCK" WHERE "public"."STOCK"."stock_id" IN ($1,$2,$3,$4,$5,$6,$7,$8,$9,$10,$11,$12,$13,$14,$15,$16,$17,$18,$19,$20) OFFSET $21
prisma:query SELECT "public"."PRODUCT"."product_id", "public"."PRODUCT"."category_id", "public"."PRODUCT"."product_code", "public"."PRODUCT"."product_name", "public"."PRODUCT"."pack_size", "public"."PRODUCT"."selling_price" FROM "public"."PRODUCT" WHERE "public"."PRODUCT"."product_id" IN ($1,$2,$3,$4,$5,$6,$7,$8,$9,$10,$11,$12,$13,$14,$15,$16,$17,$18,$19,$20) OFFSET $21
prisma:query SELECT "public"."USER"."user_id", "public"."USER"."role_id", "public"."USER"."full_name", "public"."USER"."username", "public"."USER"."password_hash" FROM "public"."USER" WHERE "public"."USER"."user_id" IN ($1,$2,$3,$4,$5,$6,$7,$8,$9,$10,$11,$12,$13,$14,$15,$16,$17,$18,$19,$20) OFFSET $21
prisma:query SELECT "public"."INVENTORY_LOCATION"."location_id", "public"."INVENTORY_LOCATION"."code", "public"."INVENTORY_LOCATION"."name" FROM "public"."INVENTORY_LOCATION" WHERE "public"."INVENTORY_LOCATION"."location_id" IN ($1,$2,$3,$4) OFFSET $5
prisma:query COMMIT
 GET /inventory 200 in 3.1s (next.js: 3ms, application-code: 3.1s)
prisma:query SELECT "public"."INVENTORY_LOCATION"."location_id", "public"."INVENTORY_LOCATION"."code", "public"."INVENTORY_LOCATION"."name" FROM "public"."INVENTORY_LOCATION" WHERE 1=1 ORDER BY "public"."INVENTORY_LOCATION"."location_id" ASC OFFSET $1
 GET /api/locations 200 in 203ms (next.js: 4ms, application-code: 200ms)
prisma:query SELECT "public"."INVENTORY_LOCATION"."location_id", "public"."INVENTORY_LOCATION"."code", "public"."INVENTORY_LOCATION"."name" FROM "public"."INVENTORY_LOCATION" WHERE "public"."INVENTORY_LOCATION"."location_id" IN ($1,$2) OFFSET $3
prisma:query SELECT COUNT(*) AS "_count$_all" FROM (SELECT "public"."STOCK"."stock_id" FROM "public"."STOCK" WHERE "public"."STOCK"."location_id" = $1 OFFSET $2) AS "sub"
prisma:query SELECT "public"."STOCK"."stock_id", "public"."STOCK"."product_id", "public"."STOCK"."location_id", "public"."STOCK"."quantity_on_hand" FROM "public"."STOCK" LEFT JOIN "public"."INVENTORY_LOCATION" AS "orderby_1" ON ("orderby_1"."location_id") = ("public"."STOCK"."location_id") LEFT JOIN "public"."PRODUCT" AS "orderby_2" ON ("orderby_2"."product_id") = ("public"."STOCK"."product_id") WHERE "public"."STOCK"."location_id" = $1 ORDER BY "orderby_1"."location_id" ASC, "orderby_2"."product_name" ASC LIMIT $2 OFFSET $3
prisma:query SELECT "public"."PRODUCT"."product_id", "public"."PRODUCT"."category_id", "public"."PRODUCT"."product_code", "public"."PRODUCT"."product_name", "public"."PRODUCT"."pack_size", "public"."PRODUCT"."selling_price" FROM "public"."PRODUCT" WHERE "public"."PRODUCT"."product_id" IN ($1,$2,$3,$4) OFFSET $5
prisma:query SELECT "public"."INVENTORY_LOCATION"."location_id", "public"."INVENTORY_LOCATION"."code", "public"."INVENTORY_LOCATION"."name" FROM "public"."INVENTORY_LOCATION" WHERE "public"."INVENTORY_LOCATION"."location_id" IN ($1,$2,$3,$4) OFFSET $5
prisma:query SELECT "public"."CATEGORY"."category_id", "public"."CATEGORY"."name", "public"."CATEGORY"."tag" FROM "public"."CATEGORY" WHERE "public"."CATEGORY"."category_id" IN ($1,$2,$3,$4) OFFSET $5
prisma:query SELECT COUNT(*) AS "_count$_all" FROM (SELECT "public"."STOCK_MOVEMENT"."movement_id" FROM "public"."STOCK_MOVEMENT" LEFT JOIN "public"."STOCK" AS "j0" ON ("j0"."stock_id") = ("public"."STOCK_MOVEMENT"."stock_id") WHERE ("j0"."location_id" = $1 AND ("j0"."stock_id" IS NOT NULL)) OFFSET $2) AS "sub"
prisma:query COMMIT
prisma:query SELECT "public"."STOCK_MOVEMENT"."movement_id", "public"."STOCK_MOVEMENT"."stock_id", "public"."STOCK_MOVEMENT"."created_by", "public"."STOCK_MOVEMENT"."movement_type"::text, "public"."STOCK_MOVEMENT"."quantity", "public"."STOCK_MOVEMENT"."movement_date", "public"."STOCK_MOVEMENT"."notes", "public"."STOCK_MOVEMENT"."product_id" FROM "public"."STOCK_MOVEMENT" LEFT JOIN "public"."STOCK" AS "j0" ON ("j0"."stock_id") = ("public"."STOCK_MOVEMENT"."stock_id") WHERE ("j0"."location_id" = $1 AND ("j0"."stock_id" IS NOT NULL)) ORDER BY "public"."STOCK_MOVEMENT"."movement_date" DESC LIMIT $2 OFFSET $3
prisma:query SELECT "public"."STOCK"."stock_id", "public"."STOCK"."product_id", "public"."STOCK"."location_id", "public"."STOCK"."quantity_on_hand" FROM "public"."STOCK" WHERE "public"."STOCK"."stock_id" IN ($1,$2,$3,$4,$5,$6,$7,$8,$9,$10,$11,$12,$13,$14,$15,$16,$17,$18,$19,$20) OFFSET $21
prisma:query SELECT "public"."PRODUCT"."product_id", "public"."PRODUCT"."category_id", "public"."PRODUCT"."product_code", "public"."PRODUCT"."product_name", "public"."PRODUCT"."pack_size", "public"."PRODUCT"."selling_price" FROM "public"."PRODUCT" WHERE "public"."PRODUCT"."product_id" IN ($1,$2,$3,$4,$5,$6,$7,$8,$9,$10,$11,$12,$13,$14,$15,$16,$17,$18,$19,$20) OFFSET $21
prisma:query SELECT "public"."USER"."user_id", "public"."USER"."role_id", "public"."USER"."full_name", "public"."USER"."username", "public"."USER"."password_hash" FROM "public"."USER" WHERE "public"."USER"."user_id" IN ($1,$2,$3,$4,$5,$6,$7,$8,$9,$10,$11,$12,$13,$14,$15,$16,$17,$18,$19,$20) OFFSET $21
prisma:query SELECT "public"."INVENTORY_LOCATION"."location_id", "public"."INVENTORY_LOCATION"."code", "public"."INVENTORY_LOCATION"."name" FROM "public"."INVENTORY_LOCATION" WHERE "public"."INVENTORY_LOCATION"."location_id" IN ($1,$2,$3,$4) OFFSET $5
prisma:query COMMIT
 GET /inventory/1 200 in 2.7s (next.js: 37ms, application-code: 2.6s)
 GET /api/inventory/1?page=1&pageSize=20 200 in 264ms (next.js: 39ms, application-code: 225ms)
prisma:query SELECT COUNT(*) AS "_count$_all" FROM (SELECT "public"."STOCK"."stock_id" FROM "public"."STOCK" WHERE "public"."STOCK"."location_id" = $1 OFFSET $2) AS "sub"
prisma:query SELECT "public"."INVENTORY_LOCATION"."location_id", "public"."INVENTORY_LOCATION"."code", "public"."INVENTORY_LOCATION"."name" FROM "public"."INVENTORY_LOCATION" WHERE "public"."INVENTORY_LOCATION"."location_id" IN ($1,$2) OFFSET $3
prisma:query SELECT "public"."STOCK"."stock_id", "public"."STOCK"."product_id", "public"."STOCK"."location_id", "public"."STOCK"."quantity_on_hand" FROM "public"."STOCK" LEFT JOIN "public"."INVENTORY_LOCATION" AS "orderby_1" ON ("orderby_1"."location_id") = ("public"."STOCK"."location_id") LEFT JOIN "public"."PRODUCT" AS "orderby_2" ON ("orderby_2"."product_id") = ("public"."STOCK"."product_id") WHERE "public"."STOCK"."location_id" = $1 ORDER BY "orderby_1"."location_id" ASC, "orderby_2"."product_name" ASC LIMIT $2 OFFSET $3
prisma:query SELECT "public"."PRODUCT"."product_id", "public"."PRODUCT"."category_id", "public"."PRODUCT"."product_code", "public"."PRODUCT"."product_name", "public"."PRODUCT"."pack_size", "public"."PRODUCT"."selling_price" FROM "public"."PRODUCT" WHERE "public"."PRODUCT"."product_id" IN ($1,$2,$3,$4) OFFSET $5
prisma:query SELECT COUNT(*) AS "_count$_all" FROM (SELECT "public"."STOCK"."stock_id" FROM "public"."STOCK" WHERE "public"."STOCK"."location_id" = $1 OFFSET $2) AS "sub"
prisma:query SELECT "public"."INVENTORY_LOCATION"."location_id", "public"."INVENTORY_LOCATION"."code", "public"."INVENTORY_LOCATION"."name" FROM "public"."INVENTORY_LOCATION" WHERE "public"."INVENTORY_LOCATION"."location_id" IN ($1,$2,$3,$4) OFFSET $5
prisma:query SELECT "public"."STOCK"."stock_id", "public"."STOCK"."product_id", "public"."STOCK"."location_id", "public"."STOCK"."quantity_on_hand" FROM "public"."STOCK" LEFT JOIN "public"."INVENTORY_LOCATION" AS "orderby_1" ON ("orderby_1"."location_id") = ("public"."STOCK"."location_id") LEFT JOIN "public"."PRODUCT" AS "orderby_2" ON ("orderby_2"."product_id") = ("public"."STOCK"."product_id") WHERE "public"."STOCK"."location_id" = $1 ORDER BY "orderby_1"."location_id" ASC, "orderby_2"."product_name" ASC LIMIT $2 OFFSET $3
prisma:query SELECT "public"."CATEGORY"."category_id", "public"."CATEGORY"."name", "public"."CATEGORY"."tag" FROM "public"."CATEGORY" WHERE "public"."CATEGORY"."category_id" IN ($1,$2,$3,$4) OFFSET $5
prisma:query SELECT "public"."PRODUCT"."product_id", "public"."PRODUCT"."category_id", "public"."PRODUCT"."product_code", "public"."PRODUCT"."product_name", "public"."PRODUCT"."pack_size", "public"."PRODUCT"."selling_price" FROM "public"."PRODUCT" WHERE "public"."PRODUCT"."product_id" IN ($1,$2,$3,$4) OFFSET $5
prisma:query COMMIT
prisma:query SELECT "public"."INVENTORY_LOCATION"."location_id", "public"."INVENTORY_LOCATION"."code", "public"."INVENTORY_LOCATION"."name" FROM "public"."INVENTORY_LOCATION" WHERE "public"."INVENTORY_LOCATION"."location_id" IN ($1,$2,$3,$4) OFFSET $5
prisma:query SELECT "public"."CATEGORY"."category_id", "public"."CATEGORY"."name", "public"."CATEGORY"."tag" FROM "public"."CATEGORY" WHERE "public"."CATEGORY"."category_id" IN ($1,$2,$3,$4) OFFSET $5
prisma:query SELECT COUNT(*) AS "_count$_all" FROM (SELECT "public"."STOCK_MOVEMENT"."movement_id" FROM "public"."STOCK_MOVEMENT" LEFT JOIN "public"."STOCK" AS "j0" ON ("j0"."stock_id") = ("public"."STOCK_MOVEMENT"."stock_id") WHERE ("j0"."location_id" = $1 AND ("j0"."stock_id" IS NOT NULL)) OFFSET $2) AS "sub"
prisma:query COMMIT
prisma:query SELECT "public"."STOCK_MOVEMENT"."movement_id", "public"."STOCK_MOVEMENT"."stock_id", "public"."STOCK_MOVEMENT"."created_by", "public"."STOCK_MOVEMENT"."movement_type"::text, "public"."STOCK_MOVEMENT"."quantity", "public"."STOCK_MOVEMENT"."movement_date", "public"."STOCK_MOVEMENT"."notes", "public"."STOCK_MOVEMENT"."product_id" FROM "public"."STOCK_MOVEMENT" LEFT JOIN "public"."STOCK" AS "j0" ON ("j0"."stock_id") = ("public"."STOCK_MOVEMENT"."stock_id") WHERE ("j0"."location_id" = $1 AND ("j0"."stock_id" IS NOT NULL)) ORDER BY "public"."STOCK_MOVEMENT"."movement_date" DESC LIMIT $2 OFFSET $3
prisma:query SELECT "public"."STOCK"."stock_id", "public"."STOCK"."product_id", "public"."STOCK"."location_id", "public"."STOCK"."quantity_on_hand" FROM "public"."STOCK" WHERE "public"."STOCK"."stock_id" IN ($1,$2,$3,$4,$5,$6,$7,$8,$9,$10,$11,$12,$13,$14,$15,$16,$17,$18,$19,$20) OFFSET $21
prisma:query SELECT "public"."PRODUCT"."product_id", "public"."PRODUCT"."category_id", "public"."PRODUCT"."product_code", "public"."PRODUCT"."product_name", "public"."PRODUCT"."pack_size", "public"."PRODUCT"."selling_price" FROM "public"."PRODUCT" WHERE "public"."PRODUCT"."product_id" IN ($1,$2,$3,$4,$5,$6,$7,$8,$9,$10,$11,$12,$13,$14,$15,$16,$17,$18,$19,$20) OFFSET $21
prisma:query SELECT "public"."USER"."user_id", "public"."USER"."role_id", "public"."USER"."full_name", "public"."USER"."username", "public"."USER"."password_hash" FROM "public"."USER" WHERE "public"."USER"."user_id" IN ($1,$2,$3,$4,$5,$6,$7,$8,$9,$10,$11,$12,$13,$14,$15,$16,$17,$18,$19,$20) OFFSET $21
prisma:query SELECT "public"."INVENTORY_LOCATION"."location_id", "public"."INVENTORY_LOCATION"."code", "public"."INVENTORY_LOCATION"."name" FROM "public"."INVENTORY_LOCATION" WHERE "public"."INVENTORY_LOCATION"."location_id" IN ($1,$2,$3,$4) OFFSET $5
prisma:query COMMIT
 GET /inventory/1 200 in 2.8s (next.js: 36ms, application-code: 2.7s)
prisma:query SELECT COUNT(*) AS "_count$_all" FROM (SELECT "public"."STOCK"."stock_id" FROM "public"."STOCK" WHERE "public"."STOCK"."location_id" = $1 OFFSET $2) AS "sub"
prisma:query SELECT "public"."STOCK"."stock_id", "public"."STOCK"."product_id", "public"."STOCK"."location_id", "public"."STOCK"."quantity_on_hand" FROM "public"."STOCK" LEFT JOIN "public"."INVENTORY_LOCATION" AS "orderby_1" ON ("orderby_1"."location_id") = ("public"."STOCK"."location_id") LEFT JOIN "public"."PRODUCT" AS "orderby_2" ON ("orderby_2"."product_id") = ("public"."STOCK"."product_id") WHERE "public"."STOCK"."location_id" = $1 ORDER BY "orderby_1"."location_id" ASC, "orderby_2"."product_name" ASC LIMIT $2 OFFSET $3
 GET /api/inventory/1?page=1&pageSize=20 200 in 722ms (next.js: 36ms, application-code: 686ms)
prisma:query SELECT "public"."PRODUCT"."product_id", "public"."PRODUCT"."category_id", "public"."PRODUCT"."product_code", "public"."PRODUCT"."product_name", "public"."PRODUCT"."pack_size", "public"."PRODUCT"."selling_price" FROM "public"."PRODUCT" WHERE "public"."PRODUCT"."product_id" IN ($1,$2,$3,$4) OFFSET $5
prisma:query SELECT "public"."INVENTORY_LOCATION"."location_id", "public"."INVENTORY_LOCATION"."code", "public"."INVENTORY_LOCATION"."name" FROM "public"."INVENTORY_LOCATION" WHERE "public"."INVENTORY_LOCATION"."location_id" IN ($1,$2,$3,$4) OFFSET $5
prisma:query SELECT "public"."INVENTORY_LOCATION"."location_id", "public"."INVENTORY_LOCATION"."code", "public"."INVENTORY_LOCATION"."name" FROM "public"."INVENTORY_LOCATION" WHERE "public"."INVENTORY_LOCATION"."location_id" IN ($1,$2) OFFSET $3
prisma:query SELECT "public"."CATEGORY"."category_id", "public"."CATEGORY"."name", "public"."CATEGORY"."tag" FROM "public"."CATEGORY" WHERE "public"."CATEGORY"."category_id" IN ($1,$2,$3,$4) OFFSET $5
prisma:query COMMIT
prisma:query SELECT COUNT(*) AS "_count$_all" FROM (SELECT "public"."STOCK"."stock_id" FROM "public"."STOCK" WHERE "public"."STOCK"."location_id" = $1 OFFSET $2) AS "sub"
prisma:query SELECT COUNT(*) AS "_count$_all" FROM (SELECT "public"."STOCK_MOVEMENT"."movement_id" FROM "public"."STOCK_MOVEMENT" LEFT JOIN "public"."STOCK" AS "j0" ON ("j0"."stock_id") = ("public"."STOCK_MOVEMENT"."stock_id") WHERE ("j0"."location_id" = $1 AND ("j0"."stock_id" IS NOT NULL)) OFFSET $2) AS "sub"
prisma:query SELECT "public"."STOCK"."stock_id", "public"."STOCK"."product_id", "public"."STOCK"."location_id", "public"."STOCK"."quantity_on_hand" FROM "public"."STOCK" LEFT JOIN "public"."INVENTORY_LOCATION" AS "orderby_1" ON ("orderby_1"."location_id") = ("public"."STOCK"."location_id") LEFT JOIN "public"."PRODUCT" AS "orderby_2" ON ("orderby_2"."product_id") = ("public"."STOCK"."product_id") WHERE "public"."STOCK"."location_id" = $1 ORDER BY "orderby_1"."location_id" ASC, "orderby_2"."product_name" ASC LIMIT $2 OFFSET $3
prisma:query SELECT "public"."STOCK_MOVEMENT"."movement_id", "public"."STOCK_MOVEMENT"."stock_id", "public"."STOCK_MOVEMENT"."created_by", "public"."STOCK_MOVEMENT"."movement_type"::text, "public"."STOCK_MOVEMENT"."quantity", "public"."STOCK_MOVEMENT"."movement_date", "public"."STOCK_MOVEMENT"."notes", "public"."STOCK_MOVEMENT"."product_id" FROM "public"."STOCK_MOVEMENT" LEFT JOIN "public"."STOCK" AS "j0" ON ("j0"."stock_id") = ("public"."STOCK_MOVEMENT"."stock_id") WHERE ("j0"."location_id" = $1 AND ("j0"."stock_id" IS NOT NULL)) ORDER BY "public"."STOCK_MOVEMENT"."movement_date" DESC LIMIT $2 OFFSET $3
prisma:query SELECT "public"."PRODUCT"."product_id", "public"."PRODUCT"."category_id", "public"."PRODUCT"."product_code", "public"."PRODUCT"."product_name", "public"."PRODUCT"."pack_size", "public"."PRODUCT"."selling_price" FROM "public"."PRODUCT" WHERE "public"."PRODUCT"."product_id" IN ($1,$2,$3,$4) OFFSET $5
prisma:query SELECT "public"."STOCK"."stock_id", "public"."STOCK"."product_id", "public"."STOCK"."location_id", "public"."STOCK"."quantity_on_hand" FROM "public"."STOCK" WHERE "public"."STOCK"."stock_id" IN ($1,$2,$3,$4,$5,$6,$7,$8,$9,$10,$11,$12,$13,$14,$15,$16,$17,$18,$19,$20) OFFSET $21
prisma:query SELECT "public"."INVENTORY_LOCATION"."location_id", "public"."INVENTORY_LOCATION"."code", "public"."INVENTORY_LOCATION"."name" FROM "public"."INVENTORY_LOCATION" WHERE "public"."INVENTORY_LOCATION"."location_id" IN ($1,$2,$3,$4) OFFSET $5
prisma:query SELECT "public"."PRODUCT"."product_id", "public"."PRODUCT"."category_id", "public"."PRODUCT"."product_code", "public"."PRODUCT"."product_name", "public"."PRODUCT"."pack_size", "public"."PRODUCT"."selling_price" FROM "public"."PRODUCT" WHERE "public"."PRODUCT"."product_id" IN ($1,$2,$3,$4,$5,$6,$7,$8,$9,$10,$11,$12,$13,$14,$15,$16,$17,$18,$19,$20) OFFSET $21
prisma:query SELECT "public"."CATEGORY"."category_id", "public"."CATEGORY"."name", "public"."CATEGORY"."tag" FROM "public"."CATEGORY" WHERE "public"."CATEGORY"."category_id" IN ($1,$2,$3,$4) OFFSET $5
prisma:query SELECT "public"."USER"."user_id", "public"."USER"."role_id", "public"."USER"."full_name", "public"."USER"."username", "public"."USER"."password_hash" FROM "public"."USER" WHERE "public"."USER"."user_id" IN ($1,$2,$3,$4,$5,$6,$7,$8,$9,$10,$11,$12,$13,$14,$15,$16,$17,$18,$19,$20) OFFSET $21
prisma:query COMMIT
prisma:query SELECT "public"."INVENTORY_LOCATION"."location_id", "public"."INVENTORY_LOCATION"."code", "public"."INVENTORY_LOCATION"."name" FROM "public"."INVENTORY_LOCATION" WHERE "public"."INVENTORY_LOCATION"."location_id" IN ($1,$2,$3,$4) OFFSET $5
prisma:query COMMIT
 GET /inventory/1 200 in 1928ms (next.js: 35ms, application-code: 1893ms)
prisma:query SELECT COUNT(*) AS "_count$_all" FROM (SELECT "public"."STOCK"."stock_id" FROM "public"."STOCK" WHERE "public"."STOCK"."location_id" = $1 OFFSET $2) AS "sub"
 GET /api/inventory/1/movements?page=1&pageSize=20 200 in 331ms (next.js: 53ms, application-code: 278ms)
 GET /api/inventory/1?page=1&pageSize=20 200 in 478ms (next.js: 42ms, application-code: 436ms)
prisma:query SELECT COUNT(*) AS "_count$_all" FROM (SELECT "public"."STOCK_MOVEMENT"."movement_id" FROM "public"."STOCK_MOVEMENT" LEFT JOIN "public"."STOCK" AS "j0" ON ("j0"."stock_id") = ("public"."STOCK_MOVEMENT"."stock_id") WHERE ("j0"."location_id" = $1 AND ("j0"."stock_id" IS NOT NULL)) OFFSET $2) AS "sub"
prisma:query SELECT "public"."STOCK"."stock_id", "public"."STOCK"."product_id", "public"."STOCK"."location_id", "public"."STOCK"."quantity_on_hand" FROM "public"."STOCK" LEFT JOIN "public"."INVENTORY_LOCATION" AS "orderby_1" ON ("orderby_1"."location_id") = ("public"."STOCK"."location_id") LEFT JOIN "public"."PRODUCT" AS "orderby_2" ON ("orderby_2"."product_id") = ("public"."STOCK"."product_id") WHERE "public"."STOCK"."location_id" = $1 ORDER BY "orderby_1"."location_id" ASC, "orderby_2"."product_name" ASC LIMIT $2 OFFSET $3
prisma:query SELECT AVG("selling_price") AS "_avg$selling_price", MAX("selling_price") AS "_max$selling_price" FROM (SELECT "public"."PRODUCT"."selling_price" FROM "public"."PRODUCT" WHERE 1=1 OFFSET $1) AS "sub"
prisma:query SELECT "public"."STOCK_MOVEMENT"."movement_id", "public"."STOCK_MOVEMENT"."stock_id", "public"."STOCK_MOVEMENT"."created_by", "public"."STOCK_MOVEMENT"."movement_type"::text, "public"."STOCK_MOVEMENT"."quantity", "public"."STOCK_MOVEMENT"."movement_date", "public"."STOCK_MOVEMENT"."notes", "public"."STOCK_MOVEMENT"."product_id" FROM "public"."STOCK_MOVEMENT" LEFT JOIN "public"."STOCK" AS "j0" ON ("j0"."stock_id") = ("public"."STOCK_MOVEMENT"."stock_id") WHERE ("j0"."location_id" = $1 AND ("j0"."stock_id" IS NOT NULL)) ORDER BY "public"."STOCK_MOVEMENT"."movement_date" DESC LIMIT $2 OFFSET $3
prisma:query SELECT "public"."PRODUCT"."product_id", "public"."PRODUCT"."category_id", "public"."PRODUCT"."product_code", "public"."PRODUCT"."product_name", "public"."PRODUCT"."pack_size", "public"."PRODUCT"."selling_price" FROM "public"."PRODUCT" WHERE "public"."PRODUCT"."product_id" IN ($1,$2,$3,$4) OFFSET $5
prisma:query SELECT "public"."INVENTORY_LOCATION"."location_id", "public"."INVENTORY_LOCATION"."code", "public"."INVENTORY_LOCATION"."name" FROM "public"."INVENTORY_LOCATION" WHERE "public"."INVENTORY_LOCATION"."location_id" IN ($1,$2,$3,$4) OFFSET $5
prisma:query SELECT "public"."STOCK"."stock_id", "public"."STOCK"."product_id", "public"."STOCK"."location_id", "public"."STOCK"."quantity_on_hand" FROM "public"."STOCK" WHERE "public"."STOCK"."stock_id" IN ($1,$2,$3,$4,$5,$6,$7,$8,$9,$10,$11,$12,$13,$14,$15,$16,$17,$18,$19,$20) OFFSET $21
prisma:query SELECT "public"."CATEGORY"."category_id", "public"."CATEGORY"."name", "public"."CATEGORY"."tag" FROM "public"."CATEGORY" WHERE "public"."CATEGORY"."category_id" IN ($1,$2,$3,$4) OFFSET $5
prisma:query SELECT "public"."PRODUCT"."product_id", "public"."PRODUCT"."category_id", "public"."PRODUCT"."product_code", "public"."PRODUCT"."product_name", "public"."PRODUCT"."pack_size", "public"."PRODUCT"."selling_price" FROM "public"."PRODUCT" WHERE "public"."PRODUCT"."product_id" IN ($1,$2,$3,$4,$5,$6,$7,$8,$9,$10,$11,$12,$13,$14,$15,$16,$17,$18,$19,$20) OFFSET $21
prisma:query COMMIT
prisma:query SELECT "public"."USER"."user_id", "public"."USER"."role_id", "public"."USER"."full_name", "public"."USER"."username", "public"."USER"."password_hash" FROM "public"."USER" WHERE "public"."USER"."user_id" IN ($1,$2,$3,$4,$5,$6,$7,$8,$9,$10,$11,$12,$13,$14,$15,$16,$17,$18,$19,$20) OFFSET $21
prisma:query SELECT "public"."INVENTORY_LOCATION"."location_id", "public"."INVENTORY_LOCATION"."code", "public"."INVENTORY_LOCATION"."name" FROM "public"."INVENTORY_LOCATION" WHERE "public"."INVENTORY_LOCATION"."location_id" IN ($1,$2,$3,$4) OFFSET $5
prisma:query COMMIT
prisma:query SELECT COUNT(*) AS "_count$_all" FROM (SELECT "public"."PRODUCT"."product_id" FROM "public"."PRODUCT" WHERE 1=1 OFFSET $1) AS "sub"
prisma:query SELECT "public"."PRODUCT"."product_id", "public"."PRODUCT"."category_id", "public"."PRODUCT"."product_code", "public"."PRODUCT"."product_name", "public"."PRODUCT"."pack_size", "public"."PRODUCT"."selling_price" FROM "public"."PRODUCT" WHERE 1=1 ORDER BY "public"."PRODUCT"."product_name" ASC LIMIT $1 OFFSET $2
prisma:query SELECT "public"."CATEGORY"."category_id", "public"."CATEGORY"."name", "public"."CATEGORY"."tag" FROM "public"."CATEGORY" WHERE "public"."CATEGORY"."category_id" IN ($1,$2,$3,$4,$5,$6,$7,$8,$9,$10,$11,$12,$13,$14,$15,$16,$17,$18,$19,$20) OFFSET $21
prisma:query COMMIT
 GET /inventory/products 200 in 2.1s (next.js: 8ms, application-code: 2.1s)
prisma:query SELECT "public"."CATEGORY"."category_id", "public"."CATEGORY"."name", "public"."CATEGORY"."tag" FROM "public"."CATEGORY" WHERE 1=1 ORDER BY "public"."CATEGORY"."name" ASC OFFSET $1
 GET /api/categories 200 in 206ms (next.js: 6ms, application-code: 200ms)
prisma:query SELECT AVG("selling_price") AS "_avg$selling_price", MAX("selling_price") AS "_max$selling_price" FROM (SELECT "public"."PRODUCT"."selling_price" FROM "public"."PRODUCT" WHERE 1=1 OFFSET $1) AS "sub"
 GET /api/products?page=1&pageSize=20 200 in 232ms (next.js: 5ms, application-code: 227ms)
prisma:query SELECT COUNT(*) AS "_count$_all" FROM (SELECT "public"."PRODUCT"."product_id" FROM "public"."PRODUCT" WHERE 1=1 OFFSET $1) AS "sub"
prisma:query SELECT AVG("selling_price") AS "_avg$selling_price", MAX("selling_price") AS "_max$selling_price" FROM (SELECT "public"."PRODUCT"."selling_price" FROM "public"."PRODUCT" WHERE 1=1 OFFSET $1) AS "sub"
prisma:query SELECT "public"."PRODUCT"."product_id", "public"."PRODUCT"."category_id", "public"."PRODUCT"."product_code", "public"."PRODUCT"."product_name", "public"."PRODUCT"."pack_size", "public"."PRODUCT"."selling_price" FROM "public"."PRODUCT" WHERE 1=1 ORDER BY "public"."PRODUCT"."product_name" ASC LIMIT $1 OFFSET $2
prisma:query SELECT COUNT(*) AS "_count$_all" FROM (SELECT "public"."PRODUCT"."product_id" FROM "public"."PRODUCT" WHERE 1=1 OFFSET $1) AS "sub"
prisma:query SELECT "public"."CATEGORY"."category_id", "public"."CATEGORY"."name", "public"."CATEGORY"."tag" FROM "public"."CATEGORY" WHERE "public"."CATEGORY"."category_id" IN ($1,$2,$3,$4,$5,$6,$7,$8,$9,$10,$11,$12,$13,$14,$15,$16,$17,$18,$19,$20) OFFSET $21
prisma:query SELECT "public"."PRODUCT"."product_id", "public"."PRODUCT"."category_id", "public"."PRODUCT"."product_code", "public"."PRODUCT"."product_name", "public"."PRODUCT"."pack_size", "public"."PRODUCT"."selling_price" FROM "public"."PRODUCT" WHERE 1=1 ORDER BY "public"."PRODUCT"."product_name" ASC LIMIT $1 OFFSET $2
prisma:query COMMIT
prisma:query SELECT "public"."CATEGORY"."category_id", "public"."CATEGORY"."name", "public"."CATEGORY"."tag" FROM "public"."CATEGORY" WHERE "public"."CATEGORY"."category_id" IN ($1,$2,$3,$4,$5,$6,$7,$8,$9,$10,$11,$12,$13,$14,$15,$16,$17,$18,$19,$20) OFFSET $21
prisma:query COMMIT
 GET /inventory/products 200 in 1167ms (next.js: 3ms, application-code: 1163ms)
 GET /api/categories 200 in 184ms (next.js: 4ms, application-code: 179ms)
 GET /api/products?page=1&pageSize=20 200 in 176ms (next.js: 3ms, application-code: 173ms)
prisma:query SELECT "public"."CATEGORY"."category_id", "public"."CATEGORY"."name", "public"."CATEGORY"."tag" FROM "public"."CATEGORY" WHERE 1=1 ORDER BY "public"."CATEGORY"."name" ASC OFFSET $1
prisma:query SELECT AVG("selling_price") AS "_avg$selling_price", MAX("selling_price") AS "_max$selling_price" FROM (SELECT "public"."PRODUCT"."selling_price" FROM "public"."PRODUCT" WHERE 1=1 OFFSET $1) AS "sub"
prisma:query SELECT COUNT(*) AS "_count$_all" FROM (SELECT "public"."PRODUCT"."product_id" FROM "public"."PRODUCT" WHERE 1=1 OFFSET $1) AS "sub"
prisma:query SELECT AVG("selling_price") AS "_avg$selling_price", MAX("selling_price") AS "_max$selling_price" FROM (SELECT "public"."PRODUCT"."selling_price" FROM "public"."PRODUCT" WHERE 1=1 OFFSET $1) AS "sub"
prisma:query SELECT "public"."PRODUCT"."product_id", "public"."PRODUCT"."category_id", "public"."PRODUCT"."product_code", "public"."PRODUCT"."product_name", "public"."PRODUCT"."pack_size", "public"."PRODUCT"."selling_price" FROM "public"."PRODUCT" WHERE 1=1 ORDER BY "public"."PRODUCT"."product_name" ASC LIMIT $1 OFFSET $2
prisma:query SELECT COUNT(*) AS "_count$_all" FROM (SELECT "public"."PRODUCT"."product_id" FROM "public"."PRODUCT" WHERE 1=1 OFFSET $1) AS "sub"
prisma:query SELECT "public"."CATEGORY"."category_id", "public"."CATEGORY"."name", "public"."CATEGORY"."tag" FROM "public"."CATEGORY" WHERE "public"."CATEGORY"."category_id" IN ($1,$2,$3,$4,$5,$6,$7,$8,$9,$10,$11,$12,$13,$14,$15,$16,$17,$18,$19,$20) OFFSET $21
prisma:query SELECT "public"."PRODUCT"."product_id", "public"."PRODUCT"."category_id", "public"."PRODUCT"."product_code", "public"."PRODUCT"."product_name", "public"."PRODUCT"."pack_size", "public"."PRODUCT"."selling_price" FROM "public"."PRODUCT" WHERE 1=1 ORDER BY "public"."PRODUCT"."product_name" ASC LIMIT $1 OFFSET $2
prisma:query COMMIT
prisma:query SELECT "public"."CATEGORY"."category_id", "public"."CATEGORY"."name", "public"."CATEGORY"."tag" FROM "public"."CATEGORY" WHERE "public"."CATEGORY"."category_id" IN ($1,$2,$3,$4,$5,$6,$7,$8,$9,$10,$11,$12,$13,$14,$15,$16,$17,$18,$19,$20) OFFSET $21
prisma:query COMMIT
 GET /inventory/products 200 in 1141ms (next.js: 3ms, application-code: 1138ms)
prisma:query SELECT "public"."CATEGORY"."category_id", "public"."CATEGORY"."name", "public"."CATEGORY"."tag" FROM "public"."CATEGORY" WHERE 1=1 ORDER BY "public"."CATEGORY"."name" ASC OFFSET $1
 GET /api/categories 200 in 209ms (next.js: 10ms, application-code: 199ms)
prisma:query SELECT AVG("selling_price") AS "_avg$selling_price", MAX("selling_price") AS "_max$selling_price" FROM (SELECT "public"."PRODUCT"."selling_price" FROM "public"."PRODUCT" WHERE 1=1 OFFSET $1) AS "sub"
prisma:query SELECT "public"."INVENTORY_LOCATION"."location_id", "public"."INVENTORY_LOCATION"."code", "public"."INVENTORY_LOCATION"."name" FROM "public"."INVENTORY_LOCATION" WHERE 1=1 ORDER BY "public"."INVENTORY_LOCATION"."location_id" ASC OFFSET $1
 GET /api/locations 200 in 201ms (next.js: 3ms, application-code: 198ms)
prisma:query SELECT COUNT(*) AS "_count$_all" FROM (SELECT "public"."PRODUCT"."product_id" FROM "public"."PRODUCT" WHERE 1=1 OFFSET $1) AS "sub"
prisma:query SELECT "public"."CATEGORY"."category_id", "public"."CATEGORY"."name", "public"."CATEGORY"."tag" FROM "public"."CATEGORY" WHERE 1=1 ORDER BY "public"."CATEGORY"."name" ASC OFFSET $1
 GET /api/categories 200 in 204ms (next.js: 3ms, application-code: 200ms)
prisma:query SELECT "public"."PRODUCT"."product_id", "public"."PRODUCT"."category_id", "public"."PRODUCT"."product_code", "public"."PRODUCT"."product_name", "public"."PRODUCT"."pack_size", "public"."PRODUCT"."selling_price" FROM "public"."PRODUCT" WHERE 1=1 ORDER BY "public"."PRODUCT"."product_name" ASC LIMIT $1 OFFSET $2
 GET /api/products?page=1&pageSize=20 200 in 616ms (next.js: 3ms, application-code: 613ms)
prisma:query SELECT "public"."CATEGORY"."category_id", "public"."CATEGORY"."name", "public"."CATEGORY"."tag" FROM "public"."CATEGORY" WHERE "public"."CATEGORY"."category_id" IN ($1,$2,$3,$4,$5,$6,$7,$8,$9,$10,$11,$12,$13,$14,$15,$16,$17,$18,$19,$20) OFFSET $21
prisma:query SELECT AVG("selling_price") AS "_avg$selling_price", MAX("selling_price") AS "_max$selling_price" FROM (SELECT "public"."PRODUCT"."selling_price" FROM "public"."PRODUCT" WHERE 1=1 OFFSET $1) AS "sub"
prisma:query COMMIT
prisma:query SELECT COUNT(*) AS "_count$_all" FROM (SELECT "public"."PRODUCT"."product_id" FROM "public"."PRODUCT" WHERE 1=1 OFFSET $1) AS "sub"
prisma:query SELECT "public"."PRODUCT"."product_id", "public"."PRODUCT"."category_id", "public"."PRODUCT"."product_code", "public"."PRODUCT"."product_name", "public"."PRODUCT"."pack_size", "public"."PRODUCT"."selling_price" FROM "public"."PRODUCT" WHERE 1=1 ORDER BY "public"."PRODUCT"."product_name" ASC LIMIT $1 OFFSET $2
prisma:query SELECT "public"."CATEGORY"."category_id", "public"."CATEGORY"."name", "public"."CATEGORY"."tag" FROM "public"."CATEGORY" WHERE "public"."CATEGORY"."category_id" IN ($1,$2,$3,$4,$5,$6,$7,$8,$9,$10,$11,$12,$13,$14,$15,$16,$17,$18,$19,$20) OFFSET $21
prisma:query COMMIT
 GET /inventory/products 200 in 1130ms (next.js: 3ms, application-code: 1127ms)
prisma:query SELECT "public"."CATEGORY"."category_id", "public"."CATEGORY"."name", "public"."CATEGORY"."tag" FROM "public"."CATEGORY" WHERE 1=1 ORDER BY "public"."CATEGORY"."name" ASC OFFSET $1
 GET /api/categories 200 in 202ms (next.js: 3ms, application-code: 198ms)
prisma:query SELECT AVG("selling_price") AS "_avg$selling_price", MAX("selling_price") AS "_max$selling_price" FROM (SELECT "public"."PRODUCT"."selling_price" FROM "public"."PRODUCT" WHERE 1=1 OFFSET $1) AS "sub"
prisma:query SELECT "public"."INVENTORY_LOCATION"."location_id", "public"."INVENTORY_LOCATION"."code", "public"."INVENTORY_LOCATION"."name" FROM "public"."INVENTORY_LOCATION" WHERE 1=1 ORDER BY "public"."INVENTORY_LOCATION"."location_id" ASC OFFSET $1
 GET /api/locations 200 in 204ms (next.js: 3ms, application-code: 201ms)
prisma:query SELECT "public"."CATEGORY"."category_id", "public"."CATEGORY"."name", "public"."CATEGORY"."tag" FROM "public"."CATEGORY" WHERE 1=1 ORDER BY "public"."CATEGORY"."name" ASC OFFSET $1
 GET /api/categories 200 in 199ms (next.js: 2ms, application-code: 197ms)
prisma:query SELECT COUNT(*) AS "_count$_all" FROM (SELECT "public"."PRODUCT"."product_id" FROM "public"."PRODUCT" WHERE 1=1 OFFSET $1) AS "sub"
prisma:query SELECT "public"."PRODUCT"."product_id", "public"."PRODUCT"."category_id", "public"."PRODUCT"."product_code", "public"."PRODUCT"."product_name", "public"."PRODUCT"."pack_size", "public"."PRODUCT"."selling_price" FROM "public"."PRODUCT" WHERE 1=1 ORDER BY "public"."PRODUCT"."product_name" ASC LIMIT $1 OFFSET $2
prisma:query SELECT "public"."CATEGORY"."category_id", "public"."CATEGORY"."name", "public"."CATEGORY"."tag" FROM "public"."CATEGORY" WHERE "public"."CATEGORY"."category_id" IN ($1,$2,$3,$4,$5,$6,$7,$8,$9,$10,$11,$12,$13,$14,$15,$16,$17,$18,$19,$20) OFFSET $21
 GET /api/products?page=1&pageSize=20 200 in 980ms (next.js: 2ms, application-code: 978ms)
prisma:query COMMIT
 GET /inventory/movements 200 in 332ms (next.js: 3ms, application-code: 329ms)
 GET /inventory/movements 200 in 352ms (next.js: 3ms, application-code: 349ms)
prisma:query SELECT COUNT(*) AS "_count$_all" FROM (SELECT "public"."STOCK_MOVEMENT"."movement_id" FROM "public"."STOCK_MOVEMENT" WHERE "public"."STOCK_MOVEMENT"."movement_type" = CAST($1::text AS "public"."MovementType") OFFSET $2) AS "sub"
prisma:query SELECT COUNT(*) AS "_count$_all" FROM (SELECT "public"."STOCK_MOVEMENT"."movement_id" FROM "public"."STOCK_MOVEMENT" WHERE 1=1 OFFSET $1) AS "sub"
prisma:query SELECT "public"."STOCK_MOVEMENT"."movement_id", "public"."STOCK_MOVEMENT"."stock_id", "public"."STOCK_MOVEMENT"."created_by", "public"."STOCK_MOVEMENT"."movement_type"::text, "public"."STOCK_MOVEMENT"."quantity", "public"."STOCK_MOVEMENT"."movement_date", "public"."STOCK_MOVEMENT"."notes", "public"."STOCK_MOVEMENT"."product_id" FROM "public"."STOCK_MOVEMENT" WHERE "public"."STOCK_MOVEMENT"."movement_type" = CAST($1::text AS "public"."MovementType") ORDER BY "public"."STOCK_MOVEMENT"."movement_date" DESC LIMIT $2 OFFSET $3
prisma:query SELECT "public"."STOCK_MOVEMENT"."movement_id", "public"."STOCK_MOVEMENT"."stock_id", "public"."STOCK_MOVEMENT"."created_by", "public"."STOCK_MOVEMENT"."movement_type"::text, "public"."STOCK_MOVEMENT"."quantity", "public"."STOCK_MOVEMENT"."movement_date", "public"."STOCK_MOVEMENT"."notes", "public"."STOCK_MOVEMENT"."product_id" FROM "public"."STOCK_MOVEMENT" WHERE 1=1 ORDER BY "public"."STOCK_MOVEMENT"."movement_date" DESC LIMIT $1 OFFSET $2
prisma:query SELECT "public"."STOCK"."stock_id", "public"."STOCK"."product_id", "public"."STOCK"."location_id", "public"."STOCK"."quantity_on_hand" FROM "public"."STOCK" WHERE "public"."STOCK"."stock_id" IN ($1,$2,$3,$4,$5,$6,$7,$8) OFFSET $9
prisma:query SELECT "public"."STOCK"."stock_id", "public"."STOCK"."product_id", "public"."STOCK"."location_id", "public"."STOCK"."quantity_on_hand" FROM "public"."STOCK" WHERE "public"."STOCK"."stock_id" IN ($1,$2,$3,$4,$5,$6,$7,$8,$9,$10,$11,$12,$13,$14,$15,$16,$17,$18,$19,$20) OFFSET $21
prisma:query SELECT "public"."PRODUCT"."product_id", "public"."PRODUCT"."category_id", "public"."PRODUCT"."product_code", "public"."PRODUCT"."product_name", "public"."PRODUCT"."pack_size", "public"."PRODUCT"."selling_price" FROM "public"."PRODUCT" WHERE "public"."PRODUCT"."product_id" IN ($1,$2,$3,$4,$5,$6,$7,$8) OFFSET $9
prisma:query SELECT "public"."PRODUCT"."product_id", "public"."PRODUCT"."category_id", "public"."PRODUCT"."product_code", "public"."PRODUCT"."product_name", "public"."PRODUCT"."pack_size", "public"."PRODUCT"."selling_price" FROM "public"."PRODUCT" WHERE "public"."PRODUCT"."product_id" IN ($1,$2,$3,$4,$5,$6,$7,$8,$9,$10,$11,$12,$13,$14,$15,$16,$17,$18,$19,$20) OFFSET $21
prisma:query SELECT "public"."USER"."user_id", "public"."USER"."role_id", "public"."USER"."full_name", "public"."USER"."username", "public"."USER"."password_hash" FROM "public"."USER" WHERE "public"."USER"."user_id" IN ($1,$2,$3,$4,$5,$6,$7,$8) OFFSET $9
prisma:query SELECT "public"."USER"."user_id", "public"."USER"."role_id", "public"."USER"."full_name", "public"."USER"."username", "public"."USER"."password_hash" FROM "public"."USER" WHERE "public"."USER"."user_id" IN ($1,$2,$3,$4,$5,$6,$7,$8,$9,$10,$11,$12,$13,$14,$15,$16,$17,$18,$19,$20) OFFSET $21
prisma:query SELECT "public"."INVENTORY_LOCATION"."location_id", "public"."INVENTORY_LOCATION"."code", "public"."INVENTORY_LOCATION"."name" FROM "public"."INVENTORY_LOCATION" WHERE "public"."INVENTORY_LOCATION"."location_id" IN ($1,$2,$3) OFFSET $4
prisma:query SELECT "public"."INVENTORY_LOCATION"."location_id", "public"."INVENTORY_LOCATION"."code", "public"."INVENTORY_LOCATION"."name" FROM "public"."INVENTORY_LOCATION" WHERE "public"."INVENTORY_LOCATION"."location_id" IN ($1,$2,$3,$4) OFFSET $5
prisma:query COMMIT
 GET /api/stock-movements?page=1&pageSize=20&movement_type=ISSUE 200 in 1572ms (next.js: 3ms, application-code: 1569ms)
prisma:query COMMIT
 GET /api/stock-movements?page=1&pageSize=20 200 in 1610ms (next.js: 3ms, application-code: 1606ms)
